#pragma once

// Generated by tools/generate_open_sans_gfx.py from Open Sans.
// Open Sans is licensed under the SIL Open Font License 1.1.
#include <Adafruit_GFX.h>

const uint8_t OpenSansRegular9pt7bBitmaps[] PROGMEM = {
  0x55, 0x55, 0x43, 0xC0, 0xDE, 0x73, 0x98, 0x80, 0x0C, 0x81, 0x10, 0x22,
  0x04, 0x47, 0xFE, 0x33, 0x04, 0x40, 0x88, 0xFF, 0xE2, 0x20, 0x4C, 0x19,
  0x02, 0x20, 0x08, 0x08, 0x3E, 0xEA, 0xC8, 0xC8, 0x68, 0x3C, 0x0F, 0x09,
  0x09, 0xCF, 0xFC, 0x08, 0x08, 0x70, 0x46, 0xC2, 0x22, 0x21, 0x13, 0x08,
  0x90, 0x45, 0xBB, 0x6A, 0x6E, 0xD1, 0x04, 0x88, 0x44, 0x42, 0x22, 0x21,
  0x31, 0x07, 0x00, 0x3C, 0x04, 0xC1, 0x8C, 0x31, 0x02, 0x60, 0x78, 0x0E,
  0x03, 0x61, 0xC6, 0x78, 0x6B, 0x06, 0x71, 0xA3, 0xE2, 0xFF, 0x80, 0x2D,
  0x6D, 0x24, 0x92, 0x6C, 0x99, 0x8C, 0x46, 0x22, 0x33, 0x33, 0x22, 0x66,
  0x48, 0x18, 0x18, 0x10, 0xFF, 0x18, 0x3C, 0x64, 0x64, 0x08, 0x08, 0x08,
  0x08, 0xFF, 0x08, 0x08, 0x08, 0x08, 0x7E, 0xF0, 0xF0, 0x04, 0x30, 0x82,
  0x18, 0x41, 0x0C, 0x21, 0x86, 0x10, 0xC0, 0x3C, 0x66, 0xC3, 0xC1, 0x81,
  0x81, 0x81, 0x81, 0x81, 0xC1, 0x43, 0x66, 0x3C, 0x17, 0xD9, 0x11, 0x11,
  0x11, 0x11, 0x10, 0x3C, 0xC6, 0x03, 0x03, 0x03, 0x02, 0x06, 0x0C, 0x18,
  0x30, 0x60, 0xC0, 0xFF, 0x7C, 0xC6, 0x03, 0x03, 0x03, 0x06, 0x3C, 0x03,
  0x01, 0x01, 0x03, 0x87, 0xFC, 0x03, 0x01, 0xC0, 0x50, 0x24, 0x19, 0x04,
  0x42, 0x11, 0x84, 0x41, 0x3F, 0xF0, 0x10, 0x04, 0x01, 0x00, 0x7E, 0x40,
  0x40, 0x40, 0x40, 0x7C, 0x07, 0x03, 0x01, 0x01, 0x03, 0xC6, 0x7C, 0x1E,
  0x30, 0x60, 0x40, 0xC0, 0xDE, 0xA3, 0xC1, 0xC1, 0xC1, 0x41, 0x63, 0x3E,
  0xFF, 0x01, 0x03, 0x02, 0x06, 0x04, 0x0C, 0x0C, 0x08, 0x18, 0x10, 0x30,
  0x20, 0x3C, 0x63, 0xC3, 0xC3, 0x43, 0x3C, 0x3C, 0x67, 0xC1, 0x81, 0xC1,
  0xC3, 0x3E, 0x3C, 0x66, 0xC3, 0x81, 0x81, 0xC1, 0x47, 0x3D, 0x01, 0x03,
  0x02, 0x0E, 0x78, 0xF0, 0x00, 0xF0, 0xF0, 0x00, 0xFA, 0x01, 0x07, 0x1C,
  0x70, 0xC0, 0x60, 0x1C, 0x07, 0x01, 0xFF, 0x00, 0x00, 0xFF, 0x80, 0xE0,
  0x38, 0x0E, 0x03, 0x07, 0x18, 0xE0, 0x80, 0xFA, 0x30, 0x41, 0x0C, 0x63,
  0x08, 0x20, 0x00, 0x18, 0x60, 0x07, 0xC0, 0x60, 0xC2, 0x01, 0x98, 0x03,
  0x47, 0xC7, 0x31, 0x18, 0x84, 0x62, 0x11, 0x88, 0x46, 0x23, 0x2C, 0x73,
  0x90, 0x00, 0x60, 0x00, 0xC1, 0x80, 0xFC, 0x00, 0x06, 0x01, 0xC0, 0x28,
  0x05, 0x81, 0x90, 0x22, 0x04, 0x61, 0x84, 0x3F, 0xCC, 0x19, 0x01, 0x20,
  0x3C, 0x02, 0xFE, 0x43, 0xA0, 0x50, 0x28, 0x34, 0x33, 0xF1, 0x06, 0x81,
  0xC0, 0xE0, 0x70, 0x6F, 0xE0, 0x0F, 0x9C, 0x58, 0x08, 0x0C, 0x06, 0x03,
  0x01, 0x80, 0xC0, 0x20, 0x18, 0x07, 0x11, 0xF8, 0xFE, 0x21, 0xC8, 0x1A,
  0x02, 0x80, 0xE0, 0x38, 0x0E, 0x03, 0x80, 0xE0, 0x28, 0x1A, 0x1C, 0xFC,
  0x00, 0xFF, 0x02, 0x04, 0x08, 0x10, 0x3F, 0xC0, 0x81, 0x02, 0x04, 0x0F,
  0xE0, 0xFF, 0x02, 0x04, 0x08, 0x10, 0x3F, 0xC0, 0x81, 0x02, 0x04, 0x08,
  0x00, 0x0F, 0xC7, 0x19, 0x80, 0x20, 0x0C, 0x01, 0x80, 0x30, 0xFE, 0x03,
  0xC0, 0x68, 0x0D, 0x81, 0x9C, 0x31, 0xFC, 0x80, 0xE0, 0x38, 0x0E, 0x03,
  0x80, 0xE0, 0x3F, 0xFE, 0x03, 0x80, 0xE0, 0x38, 0x0E, 0x03, 0x80, 0xC0,
  0xFF, 0xF8, 0x11, 0x11, 0x11, 0x11, 0x11, 0x11, 0x11, 0x3E, 0x81, 0x41,
  0x21, 0x91, 0x89, 0x85, 0x83, 0xC1, 0xB0, 0x8C, 0x42, 0x21, 0x90, 0x68,
  0x18, 0x81, 0x02, 0x04, 0x08, 0x10, 0x20, 0x40, 0x81, 0x02, 0x04, 0x0F,
  0xE0, 0xC0, 0x3E, 0x03, 0xE0, 0x7A, 0x05, 0xB0, 0x59, 0x09, 0x90, 0x99,
  0x99, 0x89, 0x18, 0xD1, 0x8F, 0x18, 0x61, 0x86, 0x10, 0xC0, 0xF0, 0x3E,
  0x0E, 0xC3, 0x90, 0xE6, 0x38, 0xCE, 0x13, 0x86, 0xE0, 0xF8, 0x3E, 0x07,
  0x80, 0xC0, 0x1F, 0x83, 0x8C, 0x60, 0x64, 0x02, 0xC0, 0x3C, 0x03, 0xC0,
  0x3C, 0x03, 0xC0, 0x34, 0x02, 0x60, 0x63, 0x0C, 0x1F, 0x80, 0xFC, 0x86,
  0x83, 0x83, 0x83, 0x83, 0x8E, 0xFC, 0x80, 0x80, 0x80, 0x80, 0x80, 0x1F,
  0x83, 0x8C, 0x60, 0x64, 0x02, 0xC0, 0x3C, 0x03, 0xC0, 0x3C, 0x03, 0xC0,
  0x34, 0x02, 0x60, 0x63, 0x0C, 0x1F, 0x80, 0x18, 0x00, 0xC0, 0x06, 0xFC,
  0x86, 0x83, 0x83, 0x83, 0x83, 0x86, 0xFC, 0x8C, 0x86, 0x86, 0x83, 0x81,
  0x3E, 0x62, 0xC0, 0xC0, 0xC0, 0x70, 0x3C, 0x06, 0x03, 0x01, 0x03, 0xC6,
  0xFC, 0xFF, 0xC3, 0x00, 0xC0, 0x30, 0x0C, 0x03, 0x00, 0xC0, 0x30, 0x0C,
  0x03, 0x00, 0xC0, 0x30, 0x0C, 0x00, 0x80, 0xC0, 0x60, 0x30, 0x18, 0x0C,
  0x06, 0x03, 0x01, 0x80, 0xC0, 0x70, 0x6C, 0x63, 0xE0, 0xC0, 0x68, 0x09,
  0x03, 0x30, 0x42, 0x08, 0x43, 0x0C, 0x40, 0x88, 0x1B, 0x03, 0x40, 0x28,
  0x07, 0x00, 0xC0, 0xC1, 0x81, 0x41, 0x83, 0x41, 0xC3, 0x63, 0x42, 0x63,
  0x42, 0x22, 0x66, 0x22, 0x26, 0x36, 0x24, 0x34, 0x34, 0x14, 0x3C, 0x14,
  0x1C, 0x1C, 0x18, 0x08, 0x18, 0x40, 0xD8, 0x23, 0x10, 0x4C, 0x1A, 0x03,
  0x80, 0xC0, 0x38, 0x13, 0x0C, 0x42, 0x19, 0x82, 0xC0, 0xC0, 0xC0, 0xD0,
  0x26, 0x18, 0x84, 0x33, 0x06, 0x81, 0xE0, 0x30, 0x0C, 0x03, 0x00, 0xC0,
  0x30, 0x0C, 0x00, 0xFF, 0x01, 0x80, 0xC0, 0xC0, 0x40, 0x60, 0x60, 0x20,
  0x30, 0x30, 0x10, 0x18, 0x0F, 0xF8, 0xFC, 0xCC, 0xCC, 0xCC, 0xCC, 0xCC,
  0xCC, 0xCF, 0xC1, 0x06, 0x18, 0x20, 0xC1, 0x04, 0x18, 0x20, 0x83, 0x04,
  0xF1, 0x11, 0x11, 0x11, 0x11, 0x11, 0x11, 0x1F, 0x18, 0x18, 0x3C, 0x24,
  0x62, 0x42, 0xC1, 0x81, 0xFF, 0xC8, 0x80, 0x3C, 0x46, 0x02, 0x03, 0x3F,
  0xC3, 0x83, 0x83, 0xC7, 0x7B, 0x80, 0x80, 0x80, 0x80, 0xBC, 0xC6, 0x83,
  0x83, 0x83, 0x83, 0x83, 0x83, 0xC6, 0xBC, 0x3E, 0xC7, 0x06, 0x0C, 0x18,
  0x30, 0x60, 0x62, 0x7C, 0x01, 0x01, 0x01, 0x01, 0x3D, 0x63, 0xC1, 0xC1,
  0xC1, 0xC1, 0xC1, 0xC1, 0x63, 0x3D, 0x3C, 0x62, 0xC3, 0xC1, 0xFF, 0xC0,
  0xC0, 0xC0, 0x61, 0x3E, 0x1E, 0x60, 0x81, 0x0F, 0xC4, 0x08, 0x10, 0x20,
  0x40, 0x81, 0x02, 0x04, 0x00, 0x3F, 0xB1, 0x98, 0x4C, 0x26, 0x31, 0xF0,
  0x80, 0x40, 0x3F, 0x30, 0xF0, 0x38, 0x14, 0x19, 0xF0, 0x80, 0x80, 0x80,
  0x80, 0xBC, 0xC6, 0x82, 0x83, 0x83, 0x83, 0x83, 0x83, 0x83, 0x83, 0x70,
  0x55, 0x55, 0x50, 0x13, 0x00, 0x11, 0x11, 0x11, 0x11, 0x11, 0x11, 0x3E,
  0x81, 0x02, 0x04, 0x08, 0x71, 0xA6, 0x58, 0xE1, 0xE2, 0x64, 0x68, 0xD0,
  0xC0, 0xFF, 0xFC, 0xBC, 0xF6, 0x38, 0xE1, 0x83, 0x04, 0x18, 0x20, 0xC1,
  0x06, 0x08, 0x30, 0x41, 0x82, 0x0C, 0x10, 0x40, 0xBC, 0xC6, 0x82, 0x83,
  0x83, 0x83, 0x83, 0x83, 0x83, 0x83, 0x3E, 0x31, 0xB0, 0x58, 0x3C, 0x1E,
  0x0F, 0x07, 0x82, 0x63, 0x1F, 0x00, 0xBC, 0xC6, 0x83, 0x83, 0x81, 0x83,
  0x83, 0x83, 0xC6, 0xBC, 0x80, 0x80, 0x80, 0x80, 0x3D, 0x63, 0xC1, 0xC1,
  0xC1, 0xC1, 0xC1, 0xC1, 0x63, 0x3D, 0x01, 0x01, 0x01, 0x01, 0xBF, 0x31,
  0x08, 0x42, 0x10, 0x84, 0x00, 0x7D, 0x8A, 0x06, 0x07, 0x03, 0x81, 0x83,
  0x85, 0xF0, 0x20, 0x8F, 0xC8, 0x20, 0x82, 0x08, 0x20, 0x83, 0x07, 0xC1,
  0xE0, 0xF0, 0x78, 0x3C, 0x1E, 0x0F, 0x06, 0x83, 0x63, 0x9E, 0xC0, 0xC1,
  0xA0, 0x90, 0x4C, 0x62, 0x21, 0x10, 0xD8, 0x28, 0x14, 0x0E, 0x00, 0xC3,
  0x0D, 0x0C, 0x24, 0x78, 0x99, 0xE6, 0x64, 0x98, 0x92, 0x42, 0xCD, 0x0E,
  0x1C, 0x38, 0x60, 0x61, 0x80, 0xC3, 0x46, 0x64, 0x2C, 0x18, 0x38, 0x2C,
  0x64, 0xC6, 0x83, 0xC1, 0xA0, 0x98, 0x4C, 0x62, 0x21, 0xB0, 0x58, 0x28,
  0x1C, 0x04, 0x02, 0x03, 0x03, 0x07, 0x00, 0xFE, 0x08, 0x30, 0xC1, 0x06,
  0x18, 0x20, 0xC1, 0xFC, 0x0C, 0x61, 0x04, 0x10, 0x41, 0x0C, 0xE0, 0xC1,
  0x04, 0x10, 0x41, 0x83, 0xFF, 0xFF, 0xFF, 0xFF, 0xF0, 0xC3, 0x08, 0x42,
  0x10, 0x86, 0x19, 0x88, 0x42, 0x11, 0x98, 0xF9, 0x8F
};

const GFXglyph OpenSansRegular9pt7bGlyphs[] PROGMEM = {
  {     0,   0,   0,   5,    0,    0 },  // 0x20 ' '
  {     0,   2,  13,   5,    1,  -12 },  // 0x21 '!'
  {     4,   5,   5,   7,    1,  -12 },  // 0x22 '"'
  {     8,  11,  13,  12,    0,  -12 },  // 0x23 '#'
  {    26,   8,  15,  10,    1,  -13 },  // 0x24 '$'
  {    41,  13,  13,  15,    1,  -12 },  // 0x25 '%'
  {    63,  11,  13,  13,    1,  -12 },  // 0x26 '&'
  {    81,   2,   5,   4,    1,  -12 },  // 0x27 '\''
  {    83,   3,  16,   5,    1,  -12 },  // 0x28 '('
  {    89,   4,  16,   5,    1,  -12 },  // 0x29 ')'
  {    97,   8,   8,  10,    1,  -13 },  // 0x2A '*'
  {   105,   8,   9,  10,    1,  -10 },  // 0x2B '+'
  {   114,   2,   4,   5,    1,   -1 },  // 0x2C ','
  {   115,   4,   1,   6,    1,   -5 },  // 0x2D '-'
  {   116,   2,   2,   5,    1,   -2 },  // 0x2E '.'
  {   117,   6,  13,   7,    0,  -12 },  // 0x2F '/'
  {   127,   8,  13,  10,    1,  -12 },  // 0x30 '0'
  {   140,   4,  13,  10,    2,  -12 },  // 0x31 '1'
  {   147,   8,  13,  10,    1,  -12 },  // 0x32 '2'
  {   160,   8,  13,  10,    1,  -12 },  // 0x33 '3'
  {   173,  10,  13,  10,    0,  -12 },  // 0x34 '4'
  {   190,   8,  13,  10,    1,  -12 },  // 0x35 '5'
  {   203,   8,  13,  10,    1,  -12 },  // 0x36 '6'
  {   216,   8,  13,  10,    1,  -12 },  // 0x37 '7'
  {   229,   8,  13,  10,    1,  -12 },  // 0x38 '8'
  {   242,   8,  13,  10,    1,  -12 },  // 0x39 '9'
  {   255,   2,  10,   5,    1,   -9 },  // 0x3A ':'
  {   258,   2,  12,   5,    1,   -9 },  // 0x3B ';'
  {   261,   8,   9,  10,    1,  -10 },  // 0x3C '<'
  {   270,   8,   4,  10,    1,   -8 },  // 0x3D '='
  {   274,   8,   9,  10,    1,  -10 },  // 0x3E '>'
  {   283,   6,  13,   8,    1,  -12 },  // 0x3F '?'
  {   293,  14,  15,  16,    1,  -12 },  // 0x40 '@'
  {   320,  11,  13,  11,    0,  -12 },  // 0x41 'A'
  {   338,   9,  13,  12,    2,  -12 },  // 0x42 'B'
  {   353,   9,  13,  11,    1,  -12 },  // 0x43 'C'
  {   368,  10,  13,  13,    2,  -12 },  // 0x44 'D'
  {   385,   7,  13,  10,    2,  -12 },  // 0x45 'E'
  {   397,   7,  13,   9,    2,  -12 },  // 0x46 'F'
  {   409,  11,  13,  13,    1,  -12 },  // 0x47 'G'
  {   427,  10,  13,  13,    2,  -12 },  // 0x48 'H'
  {   444,   1,  13,   5,    2,  -12 },  // 0x49 'I'
  {   446,   4,  16,   5,   -2,  -12 },  // 0x4A 'J'
  {   454,   9,  13,  11,    2,  -12 },  // 0x4B 'K'
  {   469,   7,  13,   9,    2,  -12 },  // 0x4C 'L'
  {   481,  12,  13,  16,    2,  -12 },  // 0x4D 'M'
  {   501,  10,  13,  14,    2,  -12 },  // 0x4E 'N'
  {   518,  12,  13,  14,    1,  -12 },  // 0x4F 'O'
  {   538,   8,  13,  11,    2,  -12 },  // 0x50 'P'
  {   551,  12,  16,  14,    1,  -12 },  // 0x51 'Q'
  {   575,   8,  13,  11,    2,  -12 },  // 0x52 'R'
  {   588,   8,  13,  10,    1,  -12 },  // 0x53 'S'
  {   601,  10,  13,  10,    0,  -12 },  // 0x54 'T'
  {   618,   9,  13,  13,    2,  -12 },  // 0x55 'U'
  {   633,  11,  13,  11,    0,  -12 },  // 0x56 'V'
  {   651,  16,  13,  17,    0,  -12 },  // 0x57 'W'
  {   677,  10,  13,  10,    0,  -12 },  // 0x58 'X'
  {   694,  10,  13,  10,    0,  -12 },  // 0x59 'Y'
  {   711,   9,  13,  10,    1,  -12 },  // 0x5A 'Z'
  {   726,   4,  16,   6,    1,  -12 },  // 0x5B '['
  {   734,   6,  13,   7,    0,  -12 },  // 0x5C '\\'
  {   744,   4,  16,   6,    0,  -12 },  // 0x5D ']'
  {   752,   8,   8,  10,    1,  -12 },  // 0x5E '^'
  {   760,   8,   1,   8,   -1,    3 },  // 0x5F '_'
  {   761,   3,   3,   5,    1,  -13 },  // 0x60 '`'
  {   763,   8,  10,  10,    1,   -9 },  // 0x61 'a'
  {   773,   8,  14,  11,    2,  -13 },  // 0x62 'b'
  {   787,   7,  10,   9,    1,   -9 },  // 0x63 'c'
  {   796,   8,  14,  11,    1,  -13 },  // 0x64 'd'
  {   810,   8,  10,  10,    1,   -9 },  // 0x65 'e'
  {   820,   7,  14,   6,    0,  -13 },  // 0x66 'f'
  {   833,   9,  14,  10,    0,   -9 },  // 0x67 'g'
  {   849,   8,  14,  11,    2,  -13 },  // 0x68 'h'
  {   863,   2,  14,   5,    1,  -13 },  // 0x69 'i'
  {   867,   4,  18,   5,   -1,  -13 },  // 0x6A 'j'
  {   876,   7,  14,   9,    2,  -13 },  // 0x6B 'k'
  {   889,   1,  14,   5,    2,  -13 },  // 0x6C 'l'
  {   891,  13,  10,  17,    2,   -9 },  // 0x6D 'm'
  {   908,   8,  10,  11,    2,   -9 },  // 0x6E 'n'
  {   918,   9,  10,  11,    1,   -9 },  // 0x6F 'o'
  {   930,   8,  14,  11,    2,   -9 },  // 0x70 'p'
  {   944,   8,  14,  11,    1,   -9 },  // 0x71 'q'
  {   958,   5,  10,   7,    2,   -9 },  // 0x72 'r'
  {   965,   7,  10,   9,    1,   -9 },  // 0x73 's'
  {   974,   6,  12,   6,    0,  -11 },  // 0x74 't'
  {   983,   9,  10,  11,    1,   -9 },  // 0x75 'u'
  {   995,   9,  10,   9,    0,   -9 },  // 0x76 'v'
  {  1007,  14,  10,  14,    0,   -9 },  // 0x77 'w'
  {  1025,   8,  10,   9,    1,   -9 },  // 0x78 'x'
  {  1035,   9,  14,   9,    0,   -9 },  // 0x79 'y'
  {  1051,   7,  10,   8,    1,   -9 },  // 0x7A 'z'
  {  1060,   6,  16,   7,    0,  -12 },  // 0x7B '{'
  {  1072,   2,  18,  10,    4,  -13 },  // 0x7C '|'
  {  1077,   5,  16,   7,    1,  -12 },  // 0x7D '}'
  {  1087,   8,   2,  10,    1,   -6 },  // 0x7E '~'
};

const GFXfont OpenSansRegular9pt7b PROGMEM = {
  (uint8_t *)OpenSansRegular9pt7bBitmaps,
  (GFXglyph *)OpenSansRegular9pt7bGlyphs,
  0x20, 0x7E, 26
};

const uint8_t OpenSansRegular12pt7bBitmaps[] PROGMEM = {
  0xDB, 0x6D, 0xB6, 0xD9, 0x00, 0x37, 0xC0, 0xCF, 0x3C, 0xE3, 0x8E, 0x30,
  0x06, 0x30, 0x10, 0x80, 0xC2, 0x03, 0x18, 0x0C, 0x63, 0xFF, 0xF0, 0x84,
  0x06, 0x10, 0x18, 0xC0, 0x63, 0x0F, 0xFF, 0x84, 0x20, 0x30, 0x80, 0xC6,
  0x03, 0x18, 0x0C, 0x60, 0x21, 0x80, 0x06, 0x00, 0xC0, 0x7F, 0x3F, 0xE6,
  0x61, 0x8C, 0x19, 0x83, 0x30, 0x3E, 0x03, 0xF0, 0x1F, 0x03, 0x30, 0x66,
  0x0C, 0xE1, 0x9F, 0xFE, 0x7F, 0x80, 0xC0, 0x18, 0x00, 0x38, 0x04, 0x1B,
  0x03, 0x04, 0x61, 0x83, 0x18, 0x60, 0xC2, 0x30, 0x30, 0x88, 0x0C, 0x26,
  0xF3, 0x19, 0x76, 0x46, 0xD8, 0x9B, 0x64, 0x23, 0x99, 0x0C, 0x0C, 0x43,
  0x03, 0x10, 0xC1, 0x84, 0x20, 0x41, 0x88, 0x30, 0x76, 0x08, 0x0F, 0x00,
  0x0F, 0x80, 0x1F, 0xC0, 0x30, 0xC0, 0x30, 0xC0, 0x30, 0xC0, 0x30, 0xC0,
  0x19, 0x80, 0x0F, 0x00, 0x1E, 0x00, 0x3B, 0x06, 0x61, 0x86, 0xE0, 0xCC,
  0xC0, 0x7C, 0xE0, 0x38, 0x60, 0x7C, 0x7F, 0xEE, 0x1F, 0x87, 0xFE, 0xA0,
  0x19, 0x8C, 0xC6, 0x33, 0x18, 0xC6, 0x31, 0x8C, 0x63, 0x0C, 0x63, 0x0C,
  0x61, 0x80, 0xC3, 0x18, 0x63, 0x18, 0x63, 0x18, 0xC6, 0x31, 0x8C, 0x66,
  0x31, 0x98, 0xCC, 0x00, 0x06, 0x00, 0xC0, 0x10, 0x42, 0x1F, 0x5F, 0xFF,
  0xC3, 0x80, 0xD8, 0x1B, 0x86, 0x30, 0x46, 0x00, 0x06, 0x00, 0xC0, 0x18,
  0x03, 0x00, 0x61, 0xFF, 0xFF, 0xF8, 0x30, 0x06, 0x00, 0xC0, 0x18, 0x03,
  0x00, 0x6D, 0xAD, 0x80, 0xFF, 0xF0, 0xDF, 0x00, 0x03, 0x03, 0x03, 0x06,
  0x06, 0x04, 0x0C, 0x0C, 0x18, 0x18, 0x18, 0x30, 0x30, 0x20, 0x60, 0x60,
  0xC0, 0x1F, 0x03, 0xFC, 0x70, 0xC6, 0x06, 0x60, 0x6C, 0x06, 0xC0, 0x6C,
  0x06, 0xC0, 0x3C, 0x06, 0xC0, 0x6C, 0x06, 0x60, 0x66, 0x06, 0x70, 0xC3,
  0xFC, 0x1F, 0x00, 0x0C, 0x73, 0x79, 0x44, 0x10, 0x41, 0x04, 0x10, 0x41,
  0x04, 0x10, 0x41, 0x04, 0x1F, 0x0F, 0xF9, 0x83, 0x00, 0x30, 0x06, 0x00,
  0xC0, 0x30, 0x06, 0x01, 0x80, 0x60, 0x18, 0x06, 0x01, 0x80, 0x60, 0x18,
  0x07, 0xFF, 0xFF, 0xE0, 0x1F, 0x0F, 0xF9, 0x03, 0x00, 0x30, 0x06, 0x01,
  0xC0, 0x30, 0xFC, 0x1F, 0x80, 0x38, 0x01, 0x80, 0x30, 0x06, 0x00, 0xE0,
  0x3F, 0xFE, 0x7F, 0x00, 0x01, 0xC0, 0x1C, 0x03, 0xC0, 0x6C, 0x0C, 0xC0,
  0xCC, 0x18, 0xC3, 0x0C, 0x20, 0xC6, 0x0C, 0xC0, 0xCF, 0xFF, 0xFF, 0xF0,
  0x0C, 0x00, 0xC0, 0x0C, 0x00, 0xC0, 0x7F, 0xBF, 0xEC, 0x03, 0x00, 0xC0,
  0x30, 0x0C, 0x03, 0xF8, 0xFF, 0x80, 0x70, 0x0C, 0x03, 0x00, 0xC0, 0x30,
  0x1F, 0xFE, 0xFE, 0x00, 0x07, 0xC1, 0xFC, 0x38, 0x03, 0x00, 0x60, 0x06,
  0x00, 0x4F, 0x8D, 0xFC, 0xE0, 0x6E, 0x06, 0xC0, 0x3C, 0x03, 0x60, 0x26,
  0x06, 0x70, 0xE3, 0xFC, 0x0F, 0x80, 0xFF, 0xFF, 0xFF, 0x00, 0x60, 0x06,
  0x00, 0xC0, 0x0C, 0x01, 0x80, 0x18, 0x03, 0x00, 0x30, 0x06, 0x00, 0x60,
  0x0E, 0x00, 0xC0, 0x0C, 0x01, 0x80, 0x18, 0x00, 0x1F, 0x87, 0xF9, 0x83,
  0xB0, 0x36, 0x06, 0xC0, 0xCC, 0x70, 0xFC, 0x1F, 0x86, 0x39, 0x81, 0xE0,
  0x3C, 0x03, 0x80, 0xD8, 0x1B, 0xFE, 0x1F, 0x80, 0x1F, 0x07, 0xF1, 0x83,
  0x30, 0x3C, 0x07, 0x80, 0xF0, 0x1E, 0x03, 0x60, 0xEF, 0xFC, 0x7D, 0x80,
  0x30, 0x06, 0x01, 0x80, 0x63, 0xFC, 0x7E, 0x00, 0xDF, 0x00, 0x00, 0x03,
  0x7C, 0x67, 0x60, 0x00, 0x00, 0x00, 0x66, 0x6C, 0xC8, 0x00, 0x20, 0x0C,
  0x07, 0x03, 0x81, 0xC0, 0xE0, 0x38, 0x01, 0xC0, 0x0F, 0x00, 0x78, 0x03,
  0x80, 0x10, 0xFF, 0xFF, 0xFC, 0x00, 0x00, 0x00, 0x01, 0xFF, 0xFF, 0xF8,
  0x80, 0x1C, 0x00, 0xE0, 0x07, 0x00, 0x38, 0x01, 0xC0, 0x18, 0x0E, 0x0F,
  0x07, 0x83, 0xC0, 0x40, 0x00, 0x7E, 0x7F, 0x80, 0xC0, 0x30, 0x18, 0x08,
  0x0C, 0x1C, 0x1C, 0x0C, 0x0C, 0x06, 0x00, 0x00, 0x00, 0xC0, 0x70, 0x30,
  0x00, 0x01, 0xFC, 0x00, 0xFB, 0xE0, 0x70, 0x06, 0x0C, 0x00, 0x63, 0x00,
  0x04, 0xC1, 0xF8, 0xD8, 0xE7, 0x1A, 0x18, 0x61, 0xC6, 0x0C, 0x38, 0xC1,
  0x8F, 0x18, 0x31, 0xE3, 0x0E, 0x24, 0x3B, 0x6C, 0xC3, 0xCF, 0x18, 0x00,
  0x01, 0x80, 0x00, 0x18, 0x00, 0x01, 0xF7, 0x80, 0x0F, 0xE0, 0x00, 0x03,
  0x80, 0x07, 0x00, 0x0A, 0x00, 0x36, 0x00, 0x6C, 0x00, 0xCC, 0x03, 0x18,
  0x06, 0x30, 0x18, 0x30, 0x30, 0x60, 0x7F, 0xE1, 0xFF, 0xC3, 0x01, 0x8C,
  0x01, 0x98, 0x03, 0x30, 0x07, 0xC0, 0x06, 0xFF, 0x8F, 0xFE, 0xC0, 0x6C,
  0x07, 0xC0, 0x3C, 0x06, 0xC0, 0x6F, 0xFC, 0xFF, 0xCC, 0x06, 0xC0, 0x3C,
  0x03, 0xC0, 0x3C, 0x03, 0xC0, 0x7F, 0xFE, 0xFF, 0x80, 0x07, 0xF0, 0x7F,
  0xCF, 0x02, 0x60, 0x07, 0x00, 0x30, 0x01, 0x80, 0x0C, 0x00, 0xE0, 0x07,
  0x00, 0x18, 0x00, 0xC0, 0x06, 0x00, 0x18, 0x00, 0xE0, 0x03, 0xFF, 0x07,
  0xF0, 0xFF, 0x83, 0xFF, 0x8C, 0x07, 0x30, 0x0E, 0xC0, 0x1B, 0x00, 0x7C,
  0x00, 0xF0, 0x03, 0xC0, 0x0F, 0x00, 0x3C, 0x00, 0xF0, 0x07, 0xC0, 0x1B,
  0x00, 0xEC, 0x07, 0x3F, 0xF8, 0xFF, 0x80, 0xFF, 0xFF, 0xFC, 0x03, 0x00,
  0xC0, 0x30, 0x0C, 0x03, 0xFE, 0xFF, 0xB0, 0x0C, 0x03, 0x00, 0xC0, 0x30,
  0x0C, 0x03, 0xFF, 0xFF, 0xC0, 0xFF, 0xFF, 0xFC, 0x03, 0x00, 0xC0, 0x30,
  0x0C, 0x03, 0x00, 0xFF, 0xBF, 0xEC, 0x03, 0x00, 0xC0, 0x30, 0x0C, 0x03,
  0x00, 0xC0, 0x00, 0x03, 0xF8, 0x1F, 0xF8, 0x70, 0x11, 0x80, 0x07, 0x00,
  0x0C, 0x00, 0x18, 0x00, 0x30, 0x00, 0xE0, 0x7F, 0xC0, 0xFD, 0x80, 0x1B,
  0x00, 0x36, 0x00, 0x66, 0x00, 0xCF, 0x01, 0x8F, 0xFF, 0x07, 0xF8, 0xC0,
  0x1E, 0x00, 0xF0, 0x07, 0x80, 0x3C, 0x01, 0xE0, 0x0F, 0x00, 0x7F, 0xFF,
  0xFF, 0xFE, 0x00, 0xF0, 0x07, 0x80, 0x3C, 0x01, 0xE0, 0x0F, 0x00, 0x78,
  0x03, 0xC0, 0x18, 0xFF, 0xFF, 0xFF, 0xFF, 0xC0, 0x0C, 0x30, 0xC3, 0x0C,
  0x30, 0xC3, 0x0C, 0x30, 0xC3, 0x0C, 0x30, 0xC3, 0x0C, 0x30, 0xC3, 0xFB,
  0xC0, 0xC0, 0x3C, 0x06, 0xC0, 0xCC, 0x18, 0xC3, 0x0C, 0x60, 0xCC, 0x0D,
  0xC0, 0xFC, 0x0E, 0x60, 0xC7, 0x0C, 0x38, 0xC1, 0x8C, 0x0C, 0xC0, 0xEC,
  0x07, 0xC0, 0x30, 0xC0, 0x30, 0x0C, 0x03, 0x00, 0xC0, 0x30, 0x0C, 0x03,
  0x00, 0xC0, 0x30, 0x0C, 0x03, 0x00, 0xC0, 0x30, 0x0C, 0x03, 0xFF, 0xFF,
  0xC0, 0xE0, 0x03, 0xF8, 0x01, 0xFC, 0x01, 0xFB, 0x00, 0xFD, 0x80, 0x5E,
  0xC0, 0x6F, 0x30, 0x37, 0x98, 0x33, 0xC6, 0x19, 0xE3, 0x08, 0xF1, 0x8C,
  0x78, 0x66, 0x3C, 0x36, 0x1E, 0x0B, 0x0F, 0x07, 0x07, 0x83, 0x83, 0xC0,
  0xC1, 0x80, 0xE0, 0x0F, 0xC0, 0x3F, 0x00, 0xF6, 0x03, 0xDC, 0x0F, 0x30,
  0x3C, 0x60, 0xF1, 0xC3, 0xC3, 0x0F, 0x06, 0x3C, 0x1C, 0xF0, 0x33, 0xC0,
  0xEF, 0x01, 0xBC, 0x03, 0xF0, 0x0F, 0xC0, 0x1C, 0x07, 0xF0, 0x1F, 0xF8,
  0x38, 0x1C, 0x30, 0x06, 0x60, 0x07, 0x60, 0x03, 0x60, 0x03, 0xE0, 0x03,
  0xE0, 0x03, 0xE0, 0x03, 0x60, 0x03, 0x60, 0x03, 0x60, 0x07, 0x30, 0x06,
  0x38, 0x0C, 0x1F, 0xF8, 0x07, 0xF0, 0xFF, 0x1F, 0xFB, 0x03, 0xE0, 0x3C,
  0x07, 0x80, 0xF0, 0x1E, 0x06, 0xFF, 0xDF, 0xE3, 0x00, 0x60, 0x0C, 0x01,
  0x80, 0x30, 0x06, 0x00, 0xC0, 0x00, 0x07, 0xF0, 0x1F, 0xF8, 0x38, 0x1C,
  0x30, 0x06, 0x60, 0x07, 0x60, 0x03, 0x60, 0x03, 0xE0, 0x03, 0xE0, 0x03,
  0xE0, 0x03, 0x60, 0x03, 0x60, 0x03, 0x60, 0x06, 0x30, 0x06, 0x38, 0x0C,
  0x1F, 0xF8, 0x07, 0xF0, 0x00, 0x70, 0x00, 0x38, 0x00, 0x1C, 0x00, 0x0E,
  0xFF, 0x0F, 0xFC, 0xC0, 0xEC, 0x06, 0xC0, 0x6C, 0x06, 0xC0, 0x6C, 0x0C,
  0xFF, 0xCF, 0xF0, 0xC3, 0x0C, 0x18, 0xC1, 0xCC, 0x0C, 0xC0, 0x6C, 0x06,
  0xC0, 0x30, 0x1F, 0x87, 0xF9, 0x80, 0x70, 0x0C, 0x00, 0xC0, 0x1C, 0x01,
  0xE0, 0x1F, 0x00, 0x78, 0x03, 0x80, 0x30, 0x06, 0x00, 0xE0, 0x37, 0xFE,
  0x7F, 0x00, 0xFF, 0xFF, 0xFF, 0xC0, 0xC0, 0x06, 0x00, 0x30, 0x01, 0x80,
  0x0C, 0x00, 0x60, 0x03, 0x00, 0x18, 0x00, 0xC0, 0x06, 0x00, 0x30, 0x01,
  0x80, 0x0C, 0x00, 0x60, 0x03, 0x00, 0xC0, 0x1E, 0x00, 0xF0, 0x07, 0x80,
  0x3C, 0x01, 0xE0, 0x0F, 0x00, 0x78, 0x03, 0xC0, 0x1E, 0x00, 0xF0, 0x07,
  0x80, 0x3C, 0x01, 0xB0, 0x0D, 0xC0, 0xC7, 0xFC, 0x0F, 0xC0, 0xC0, 0x0D,
  0x80, 0x36, 0x01, 0x98, 0x06, 0x30, 0x18, 0xC0, 0xC3, 0x03, 0x06, 0x0C,
  0x18, 0x60, 0x61, 0x80, 0xCE, 0x03, 0x30, 0x06, 0xC0, 0x1E, 0x00, 0x78,
  0x00, 0xE0, 0x03, 0x00, 0xE0, 0x30, 0x0D, 0x80, 0xC0, 0x66, 0x07, 0x81,
  0x98, 0x1E, 0x06, 0x30, 0x78, 0x18, 0xC3, 0x30, 0xC3, 0x0C, 0xC3, 0x0C,
  0x33, 0x0C, 0x19, 0x86, 0x30, 0x66, 0x19, 0x81, 0x98, 0x66, 0x06, 0x60,
  0xD8, 0x0F, 0x03, 0x40, 0x3C, 0x0F, 0x00, 0xF0, 0x3C, 0x01, 0x80, 0x70,
  0x06, 0x01, 0x80, 0x60, 0x1B, 0x81, 0x8C, 0x0C, 0x30, 0xC1, 0xCC, 0x06,
  0x60, 0x1E, 0x00, 0xE0, 0x03, 0x00, 0x3C, 0x03, 0x70, 0x19, 0x81, 0x86,
  0x18, 0x38, 0xC0, 0xCC, 0x03, 0xE0, 0x18, 0xC0, 0x1B, 0x01, 0xDC, 0x0C,
  0x60, 0xE3, 0x86, 0x0C, 0x60, 0x33, 0x01, 0xB0, 0x07, 0x80, 0x38, 0x00,
  0xC0, 0x06, 0x00, 0x30, 0x01, 0x80, 0x0C, 0x00, 0x60, 0x03, 0x00, 0xFF,
  0xFF, 0xFF, 0x00, 0x60, 0x0C, 0x01, 0xC0, 0x18, 0x03, 0x00, 0x70, 0x06,
  0x00, 0xC0, 0x1C, 0x01, 0x80, 0x30, 0x07, 0x00, 0x60, 0x0F, 0xFF, 0xFF,
  0xF0, 0xFF, 0xF1, 0x8C, 0x63, 0x18, 0xC6, 0x31, 0x8C, 0x63, 0x18, 0xC6,
  0x31, 0xFF, 0x80, 0xC0, 0x60, 0x60, 0x20, 0x30, 0x30, 0x18, 0x18, 0x18,
  0x0C, 0x0C, 0x06, 0x06, 0x06, 0x03, 0x03, 0x03, 0xFF, 0xC6, 0x31, 0x8C,
  0x63, 0x18, 0xC6, 0x31, 0x8C, 0x63, 0x18, 0xC7, 0xFF, 0x80, 0x04, 0x00,
  0xE0, 0x0E, 0x01, 0xB0, 0x19, 0x03, 0x18, 0x30, 0xC2, 0x0C, 0x60, 0x64,
  0x06, 0xC0, 0x30, 0xFF, 0xE0, 0xE3, 0x0C, 0x30, 0x1F, 0x0F, 0xF0, 0x0C,
  0x03, 0x00, 0xC7, 0xF7, 0xCF, 0x83, 0xC0, 0xF0, 0x3C, 0x1D, 0xFD, 0x3E,
  0x40, 0xC0, 0x18, 0x03, 0x00, 0x60, 0x0C, 0x01, 0x9E, 0x3F, 0xF7, 0x07,
  0xC0, 0x78, 0x0F, 0x01, 0xE0, 0x3C, 0x07, 0x80, 0xF0, 0x1F, 0x06, 0xFF,
  0xD9, 0xE0, 0x0F, 0x8F, 0xE7, 0x01, 0x80, 0x60, 0x30, 0x0C, 0x03, 0x00,
  0xE0, 0x18, 0x07, 0x00, 0xFF, 0x1F, 0x80, 0x00, 0x30, 0x03, 0x00, 0x30,
  0x03, 0x00, 0x31, 0xF3, 0x3F, 0xB7, 0x07, 0x60, 0x76, 0x07, 0xC0, 0x3C,
  0x03, 0xC0, 0x3E, 0x03, 0x60, 0x77, 0x07, 0x3F, 0xB1, 0xF3, 0x0F, 0x07,
  0xF9, 0xC3, 0x30, 0x36, 0x07, 0xFF, 0xFF, 0xFE, 0x00, 0x60, 0x0C, 0x01,
  0xC0, 0x1F, 0xF0, 0xFC, 0x0F, 0x8F, 0xC6, 0x03, 0x01, 0x83, 0xFB, 0xFC,
  0x30, 0x18, 0x0C, 0x06, 0x03, 0x01, 0x80, 0xC0, 0x60, 0x30, 0x18, 0x0C,
  0x00, 0x0F, 0xF9, 0xCF, 0x8C, 0x18, 0xC0, 0xC6, 0x06, 0x18, 0x30, 0xE7,
  0x01, 0xF0, 0x10, 0x01, 0x80, 0x0C, 0x00, 0x3F, 0xC3, 0xFF, 0x30, 0x1B,
  0x00, 0xD8, 0x06, 0x60, 0x33, 0xFF, 0x07, 0xE0, 0xC0, 0x18, 0x03, 0x00,
  0x60, 0x0C, 0x01, 0x9F, 0x3F, 0xF7, 0x06, 0xC0, 0x78, 0x0F, 0x01, 0xE0,
  0x3C, 0x07, 0x80, 0xF0, 0x1E, 0x03, 0xC0, 0x78, 0x0C, 0xF0, 0xFF, 0xFF,
  0xFF, 0xC0, 0x18, 0xC0, 0x01, 0x8C, 0x63, 0x18, 0xC6, 0x31, 0x8C, 0x63,
  0x18, 0xC6, 0x31, 0xFF, 0xC0, 0xC0, 0x30, 0x0C, 0x03, 0x00, 0xC0, 0x30,
  0x7C, 0x3B, 0x1C, 0xC6, 0x33, 0x0D, 0x83, 0xF0, 0xEC, 0x31, 0x8C, 0x73,
  0x0E, 0xC1, 0xB0, 0x30, 0xFF, 0xFF, 0xFF, 0xFF, 0xF0, 0xCF, 0x0F, 0x3F,
  0xEF, 0xFE, 0x0E, 0x0F, 0x03, 0x83, 0xC0, 0xC0, 0xF0, 0x30, 0x3C, 0x0C,
  0x0F, 0x03, 0x03, 0xC0, 0xC0, 0xF0, 0x30, 0x3C, 0x0C, 0x0F, 0x03, 0x03,
  0xC0, 0xC0, 0xC0, 0xCF, 0x9F, 0xFB, 0x83, 0x60, 0x3C, 0x07, 0x80, 0xF0,
  0x1E, 0x03, 0xC0, 0x78, 0x0F, 0x01, 0xE0, 0x3C, 0x06, 0x0F, 0x83, 0xFC,
  0x70, 0x66, 0x07, 0x60, 0x3C, 0x03, 0xC0, 0x3C, 0x03, 0x60, 0x36, 0x03,
  0x70, 0x63, 0xFC, 0x0F, 0x80, 0xCF, 0x1F, 0xFB, 0x83, 0xE0, 0x3C, 0x07,
  0x80, 0xF0, 0x1E, 0x03, 0xC0, 0x7C, 0x0F, 0x83, 0x7F, 0xEC, 0xF1, 0x80,
  0x30, 0x06, 0x00, 0xC0, 0x18, 0x03, 0x00, 0x00, 0x1F, 0x33, 0xFB, 0x70,
  0x76, 0x07, 0xE0, 0x7C, 0x03, 0xC0, 0x3C, 0x03, 0xE0, 0x36, 0x07, 0x70,
  0x73, 0xFB, 0x1F, 0x30, 0x03, 0x00, 0x30, 0x03, 0x00, 0x30, 0x03, 0x00,
  0x30, 0xCF, 0xBF, 0xC7, 0x0C, 0x18, 0x30, 0x60, 0xC1, 0x83, 0x06, 0x0C,
  0x00, 0x3F, 0x3F, 0xF0, 0x18, 0x0E, 0x03, 0xC0, 0x78, 0x0F, 0x01, 0x80,
  0xC0, 0x7F, 0xF7, 0xE0, 0x10, 0x10, 0x30, 0x7F, 0xFF, 0x30, 0x30, 0x30,
  0x30, 0x30, 0x30, 0x30, 0x30, 0x38, 0x1F, 0x0F, 0xC0, 0x78, 0x0F, 0x01,
  0xE0, 0x3C, 0x07, 0x80, 0xF0, 0x1E, 0x03, 0xC0, 0x78, 0x1F, 0x83, 0xBF,
  0xB3, 0xE6, 0xC0, 0x36, 0x06, 0x60, 0x66, 0x06, 0x30, 0xC3, 0x0C, 0x30,
  0xC1, 0x98, 0x19, 0x80, 0x90, 0x0F, 0x00, 0xF0, 0x06, 0x00, 0xC0, 0xE0,
  0xD8, 0x38, 0x36, 0x1E, 0x0D, 0x86, 0x86, 0x21, 0xB1, 0x8C, 0x4C, 0x63,
  0x31, 0x18, 0xCC, 0x6C, 0x12, 0x1B, 0x07, 0x86, 0xC1, 0xE0, 0xA0, 0x78,
  0x38, 0x0C, 0x0E, 0x00, 0xC0, 0xEC, 0x19, 0xC6, 0x19, 0x81, 0xB0, 0x1C,
  0x03, 0x80, 0xF0, 0x1B, 0x06, 0x71, 0x86, 0x70, 0x6C, 0x06, 0xC0, 0x36,
  0x06, 0x60, 0x66, 0x06, 0x30, 0xC3, 0x0C, 0x18, 0xC1, 0x98, 0x19, 0x80,
  0xD8, 0x0F, 0x00, 0x70, 0x06, 0x00, 0x60, 0x06, 0x00, 0xC0, 0x0C, 0x0F,
  0x80, 0xF0, 0x00, 0xFF, 0xFF, 0xC0, 0xC0, 0x60, 0x60, 0x60, 0x30, 0x30,
  0x30, 0x38, 0x18, 0x1F, 0xFF, 0xF8, 0x06, 0x3C, 0x60, 0x81, 0x02, 0x04,
  0x08, 0x31, 0xC3, 0x81, 0x83, 0x02, 0x04, 0x08, 0x10, 0x30, 0x60, 0xF0,
  0x60, 0xFF, 0xFF, 0xFF, 0xC1, 0xE0, 0xC1, 0x81, 0x02, 0x04, 0x08, 0x18,
  0x3C, 0x38, 0xC1, 0x82, 0x04, 0x08, 0x10, 0x60, 0xC7, 0x8C, 0x00, 0x7C,
  0x3F, 0xFE, 0x0F, 0x00
};

const GFXglyph OpenSansRegular12pt7bGlyphs[] PROGMEM = {
  {     0,   0,   0,   6,    0,    0 },  // 0x20 ' '
  {     0,   3,  17,   6,    2,  -16 },  // 0x21 '!'
  {     7,   6,   6,  10,    2,  -16 },  // 0x22 '"'
  {    12,  14,  17,  16,    1,  -16 },  // 0x23 '#'
  {    42,  11,  19,  14,    1,  -17 },  // 0x24 '$'
  {    69,  18,  17,  20,    1,  -16 },  // 0x25 '%'
  {   108,  16,  17,  17,    1,  -16 },  // 0x26 '&'
  {   142,   2,   6,   5,    2,  -16 },  // 0x27 '\''
  {   144,   5,  21,   7,    1,  -16 },  // 0x28 '('
  {   158,   5,  21,   7,    1,  -16 },  // 0x29 ')'
  {   172,  11,  11,  13,    1,  -17 },  // 0x2A '*'
  {   188,  11,  12,  14,    1,  -14 },  // 0x2B '+'
  {   205,   3,   6,   6,    1,   -2 },  // 0x2C ','
  {   208,   6,   2,   8,    1,   -7 },  // 0x2D '-'
  {   210,   3,   3,   6,    2,   -3 },  // 0x2E '.'
  {   212,   8,  17,   9,    0,  -16 },  // 0x2F '/'
  {   229,  12,  17,  14,    1,  -16 },  // 0x30 '0'
  {   255,   6,  17,  14,    2,  -16 },  // 0x31 '1'
  {   268,  11,  17,  14,    1,  -16 },  // 0x32 '2'
  {   292,  11,  17,  14,    1,  -16 },  // 0x33 '3'
  {   316,  12,  17,  14,    1,  -16 },  // 0x34 '4'
  {   342,  10,  17,  14,    2,  -16 },  // 0x35 '5'
  {   364,  12,  17,  14,    1,  -16 },  // 0x36 '6'
  {   390,  12,  17,  14,    1,  -16 },  // 0x37 '7'
  {   416,  11,  17,  14,    1,  -16 },  // 0x38 '8'
  {   440,  11,  17,  14,    1,  -16 },  // 0x39 '9'
  {   464,   3,  13,   6,    2,  -12 },  // 0x3A ':'
  {   469,   4,  16,   6,    1,  -12 },  // 0x3B ';'
  {   477,  11,  12,  14,    1,  -14 },  // 0x3C '<'
  {   494,  11,   7,  14,    1,  -11 },  // 0x3D '='
  {   504,  11,  12,  14,    1,  -14 },  // 0x3E '>'
  {   521,   9,  17,  10,    1,  -16 },  // 0x3F '?'
  {   541,  19,  19,  22,    1,  -16 },  // 0x40 '@'
  {   587,  15,  17,  15,    0,  -16 },  // 0x41 'A'
  {   619,  12,  17,  16,    2,  -16 },  // 0x42 'B'
  {   645,  13,  17,  15,    1,  -16 },  // 0x43 'C'
  {   673,  14,  17,  17,    2,  -16 },  // 0x44 'D'
  {   703,  10,  17,  13,    2,  -16 },  // 0x45 'E'
  {   725,  10,  17,  12,    2,  -16 },  // 0x46 'F'
  {   747,  15,  17,  17,    1,  -16 },  // 0x47 'G'
  {   779,  13,  17,  18,    2,  -16 },  // 0x48 'H'
  {   807,   2,  17,   7,    2,  -16 },  // 0x49 'I'
  {   812,   6,  22,   6,   -2,  -16 },  // 0x4A 'J'
  {   829,  12,  17,  15,    2,  -16 },  // 0x4B 'K'
  {   855,  10,  17,  13,    2,  -16 },  // 0x4C 'L'
  {   877,  17,  17,  22,    2,  -16 },  // 0x4D 'M'
  {   914,  14,  17,  18,    2,  -16 },  // 0x4E 'N'
  {   944,  16,  17,  19,    1,  -16 },  // 0x4F 'O'
  {   978,  11,  17,  14,    2,  -16 },  // 0x50 'P'
  {  1002,  16,  21,  19,    1,  -16 },  // 0x51 'Q'
  {  1044,  12,  17,  15,    2,  -16 },  // 0x52 'R'
  {  1070,  11,  17,  13,    1,  -16 },  // 0x53 'S'
  {  1094,  13,  17,  13,    0,  -16 },  // 0x54 'T'
  {  1122,  13,  17,  18,    2,  -16 },  // 0x55 'U'
  {  1150,  14,  17,  14,    0,  -16 },  // 0x56 'V'
  {  1180,  22,  17,  22,    0,  -16 },  // 0x57 'W'
  {  1227,  13,  17,  14,    0,  -16 },  // 0x58 'X'
  {  1255,  13,  17,  13,    0,  -16 },  // 0x59 'Y'
  {  1283,  12,  17,  14,    1,  -16 },  // 0x5A 'Z'
  {  1309,   5,  21,   8,    2,  -16 },  // 0x5B '['
  {  1323,   8,  17,   9,    0,  -16 },  // 0x5C '\\'
  {  1340,   5,  21,   8,    1,  -16 },  // 0x5D ']'
  {  1354,  12,  11,  14,    1,  -16 },  // 0x5E '^'
  {  1371,  11,   1,  11,   -1,    3 },  // 0x5F '_'
  {  1373,   5,   4,   7,    1,  -18 },  // 0x60 '`'
  {  1376,  10,  13,  13,    1,  -12 },  // 0x61 'a'
  {  1393,  11,  18,  15,    2,  -17 },  // 0x62 'b'
  {  1418,  10,  13,  12,    1,  -12 },  // 0x63 'c'
  {  1435,  12,  18,  15,    1,  -17 },  // 0x64 'd'
  {  1462,  11,  13,  13,    1,  -12 },  // 0x65 'e'
  {  1480,   9,  18,   8,    0,  -17 },  // 0x66 'f'
  {  1501,  13,  19,  13,    0,  -12 },  // 0x67 'g'
  {  1532,  11,  18,  15,    2,  -17 },  // 0x68 'h'
  {  1557,   2,  17,   6,    2,  -16 },  // 0x69 'i'
  {  1562,   5,  23,   6,   -2,  -16 },  // 0x6A 'j'
  {  1577,  10,  18,  13,    2,  -17 },  // 0x6B 'k'
  {  1600,   2,  18,   6,    2,  -17 },  // 0x6C 'l'
  {  1605,  18,  13,  22,    2,  -12 },  // 0x6D 'm'
  {  1635,  11,  13,  15,    2,  -12 },  // 0x6E 'n'
  {  1653,  12,  13,  14,    1,  -12 },  // 0x6F 'o'
  {  1673,  11,  19,  15,    2,  -12 },  // 0x70 'p'
  {  1700,  12,  19,  15,    1,  -12 },  // 0x71 'q'
  {  1729,   7,  13,  10,    2,  -12 },  // 0x72 'r'
  {  1741,   9,  13,  11,    1,  -12 },  // 0x73 's'
  {  1756,   8,  16,   9,    0,  -15 },  // 0x74 't'
  {  1772,  11,  13,  15,    2,  -12 },  // 0x75 'u'
  {  1790,  12,  13,  12,    0,  -12 },  // 0x76 'v'
  {  1810,  18,  13,  19,    0,  -12 },  // 0x77 'w'
  {  1840,  11,  13,  13,    1,  -12 },  // 0x78 'x'
  {  1858,  12,  19,  12,    0,  -12 },  // 0x79 'y'
  {  1887,   9,  13,  11,    1,  -12 },  // 0x7A 'z'
  {  1902,   7,  21,   9,    1,  -16 },  // 0x7B '{'
  {  1921,   1,  24,  13,    6,  -17 },  // 0x7C '|'
  {  1924,   7,  21,   9,    1,  -16 },  // 0x7D '}'
  {  1943,  11,   3,  14,    1,   -9 },  // 0x7E '~'
};

const GFXfont OpenSansRegular12pt7b PROGMEM = {
  (uint8_t *)OpenSansRegular12pt7bBitmaps,
  (GFXglyph *)OpenSansRegular12pt7bGlyphs,
  0x20, 0x7E, 34
};

const uint8_t OpenSansRegular18pt7bBitmaps[] PROGMEM = {
  0xEE, 0xEE, 0xEE, 0xEE, 0xEE, 0xEE, 0xE6, 0x66, 0x60, 0x00, 0x0E, 0xFF,
  0xE0, 0xE1, 0xF8, 0x7E, 0x19, 0x86, 0x61, 0x98, 0x66, 0x19, 0x86, 0x61,
  0x80, 0x00, 0xC1, 0xC0, 0x0E, 0x0C, 0x00, 0x70, 0x60, 0x03, 0x03, 0x00,
  0x18, 0x38, 0x00, 0xC1, 0x80, 0x0E, 0x0C, 0x0F, 0xFF, 0xFF, 0x7F, 0xFF,
  0xF8, 0x18, 0x38, 0x00, 0xC1, 0x80, 0x0E, 0x0C, 0x00, 0x70, 0x60, 0x03,
  0x03, 0x00, 0x18, 0x38, 0x1F, 0xFF, 0xFC, 0xFF, 0xFF, 0xE0, 0x70, 0x60,
  0x03, 0x03, 0x00, 0x18, 0x38, 0x00, 0xC1, 0xC0, 0x06, 0x0C, 0x00, 0x70,
  0x60, 0x03, 0x83, 0x00, 0x18, 0x18, 0x00, 0x01, 0x80, 0x01, 0x80, 0x01,
  0x80, 0x0F, 0xF8, 0x3F, 0xFE, 0x7D, 0xBE, 0x71, 0x80, 0xE1, 0x80, 0xE1,
  0x80, 0xE1, 0x80, 0xF1, 0x80, 0x79, 0x80, 0x3F, 0x80, 0x1F, 0xE0, 0x07,
  0xF8, 0x01, 0xFE, 0x01, 0x9E, 0x01, 0x87, 0x01, 0x87, 0x01, 0x87, 0x01,
  0x87, 0x81, 0x8E, 0xFF, 0xFE, 0xFF, 0xF8, 0x3F, 0xE0, 0x01, 0x80, 0x01,
  0x80, 0x01, 0x80, 0x01, 0x80, 0x1E, 0x00, 0x30, 0x3F, 0x80, 0x38, 0x1C,
  0xE0, 0x18, 0x1C, 0x30, 0x1C, 0x0C, 0x1C, 0x0C, 0x06, 0x0E, 0x0E, 0x03,
  0x03, 0x06, 0x01, 0x81, 0x86, 0x00, 0xC0, 0xC7, 0x00, 0x60, 0x63, 0x1E,
  0x30, 0x73, 0x9F, 0x98, 0x39, 0x9C, 0xEE, 0x19, 0xDC, 0x3B, 0x9C, 0xCE,
  0x1D, 0xFC, 0xE6, 0x06, 0x3C, 0x63, 0x03, 0x00, 0x71, 0x81, 0x80, 0x70,
  0xC0, 0xC0, 0x30, 0x60, 0x60, 0x38, 0x30, 0x30, 0x18, 0x1C, 0x38, 0x1C,
  0x06, 0x1C, 0x0C, 0x03, 0x9C, 0x0E, 0x00, 0xFC, 0x06, 0x00, 0x3C, 0x00,
  0x03, 0xF0, 0x00, 0x1F, 0xF0, 0x00, 0x78, 0xF0, 0x00, 0xE0, 0xE0, 0x03,
  0x80, 0xE0, 0x07, 0x01, 0xC0, 0x0E, 0x03, 0x80, 0x0E, 0x0E, 0x00, 0x1C,
  0x3C, 0x00, 0x1C, 0xF0, 0x00, 0x3F, 0xC0, 0x00, 0x3E, 0x00, 0x00, 0xFC,
  0x00, 0x07, 0xFC, 0x03, 0x9E, 0x3C, 0x06, 0x38, 0x3C, 0x1C, 0xE0, 0x1C,
  0x39, 0xC0, 0x1E, 0xE3, 0x80, 0x1F, 0xC7, 0x00, 0x1F, 0x0E, 0x00, 0x3E,
  0x1E, 0x01, 0xFE, 0x1F, 0xFF, 0xDE, 0x1F, 0xFE, 0x1E, 0x0F, 0xF0, 0x1E,
  0xFF, 0xB6, 0xDB, 0x60, 0x07, 0x0E, 0x0E, 0x1C, 0x1C, 0x38, 0x38, 0x30,
  0x70, 0x70, 0x70, 0x70, 0x60, 0xE0, 0xE0, 0xE0, 0xE0, 0xE0, 0x60, 0x70,
  0x70, 0x70, 0x70, 0x70, 0x38, 0x38, 0x1C, 0x1C, 0x0E, 0x0E, 0x07, 0xE0,
  0x70, 0x38, 0x38, 0x1C, 0x1C, 0x1C, 0x0E, 0x0E, 0x0E, 0x06, 0x07, 0x07,
  0x07, 0x07, 0x07, 0x07, 0x07, 0x07, 0x07, 0x06, 0x0E, 0x0E, 0x0E, 0x0E,
  0x1C, 0x1C, 0x38, 0x38, 0x70, 0xE0, 0x03, 0x80, 0x03, 0x80, 0x03, 0x80,
  0x03, 0x80, 0x03, 0x80, 0xC3, 0x86, 0xF9, 0xBE, 0xFF, 0xFF, 0x0F, 0xE0,
  0x07, 0xC0, 0x06, 0xE0, 0x0E, 0xE0, 0x1C, 0x70, 0x3C, 0x78, 0x38, 0x38,
  0x08, 0x30, 0x01, 0x80, 0x01, 0x80, 0x01, 0x80, 0x01, 0x80, 0x01, 0x80,
  0x01, 0x80, 0x01, 0x80, 0x01, 0x80, 0xFF, 0xFF, 0xFF, 0xFF, 0x01, 0x80,
  0x01, 0x80, 0x01, 0x80, 0x01, 0x80, 0x01, 0x80, 0x01, 0x80, 0x01, 0x80,
  0x77, 0x77, 0xEE, 0xEC, 0xC0, 0xFF, 0xFF, 0xFF, 0xE0, 0xEF, 0xFE, 0x00,
  0xE0, 0x1C, 0x03, 0x80, 0xE0, 0x1C, 0x03, 0x00, 0xE0, 0x1C, 0x07, 0x00,
  0xE0, 0x1C, 0x07, 0x00, 0xE0, 0x18, 0x07, 0x00, 0xE0, 0x18, 0x07, 0x00,
  0xE0, 0x38, 0x07, 0x00, 0xC0, 0x38, 0x07, 0x00, 0xC0, 0x00, 0x07, 0xE0,
  0x1F, 0xF8, 0x3E, 0x7C, 0x38, 0x1C, 0x70, 0x0E, 0x70, 0x0E, 0xE0, 0x07,
  0xE0, 0x07, 0xE0, 0x07, 0xE0, 0x07, 0xE0, 0x07, 0xE0, 0x07, 0xE0, 0x07,
  0xE0, 0x07, 0xE0, 0x07, 0xE0, 0x07, 0xE0, 0x07, 0xE0, 0x07, 0xE0, 0x07,
  0x70, 0x0E, 0x70, 0x0E, 0x38, 0x1C, 0x3E, 0x7C, 0x1F, 0xF8, 0x07, 0xE0,
  0x03, 0x83, 0xC3, 0xE7, 0xB7, 0x9F, 0x8D, 0x06, 0x03, 0x01, 0x80, 0xC0,
  0x60, 0x30, 0x18, 0x0C, 0x06, 0x03, 0x01, 0x80, 0xC0, 0x60, 0x30, 0x18,
  0x0C, 0x06, 0x03, 0x01, 0x80, 0x0F, 0xE0, 0x3F, 0xF8, 0x7C, 0xFC, 0x60,
  0x1C, 0x40, 0x0E, 0x00, 0x0E, 0x00, 0x0E, 0x00, 0x0E, 0x00, 0x0E, 0x00,
  0x0E, 0x00, 0x1C, 0x00, 0x3C, 0x00, 0x38, 0x00, 0x70, 0x00, 0xE0, 0x01,
  0xC0, 0x03, 0x80, 0x07, 0x00, 0x0E, 0x00, 0x1C, 0x00, 0x38, 0x00, 0x70,
  0x00, 0xFF, 0xFF, 0xFF, 0xFF, 0xFF, 0xFF, 0x0F, 0xE0, 0x7F, 0xF8, 0xFC,
  0x7C, 0xE0, 0x1E, 0x00, 0x0E, 0x00, 0x0E, 0x00, 0x0E, 0x00, 0x0E, 0x00,
  0x1E, 0x00, 0x3C, 0x01, 0xF8, 0x1F, 0xC0, 0x1F, 0xF8, 0x00, 0x3C, 0x00,
  0x0E, 0x00, 0x0F, 0x00, 0x07, 0x00, 0x07, 0x00, 0x07, 0x00, 0x07, 0x00,
  0x0E, 0x80, 0x1E, 0xF8, 0xFC, 0xFF, 0xF8, 0x3F, 0xE0, 0x00, 0x1E, 0x00,
  0x07, 0x80, 0x03, 0xE0, 0x01, 0xF8, 0x00, 0xEE, 0x00, 0x3B, 0x80, 0x1C,
  0xE0, 0x0E, 0x38, 0x03, 0x0E, 0x01, 0xC3, 0x80, 0xE0, 0xE0, 0x70, 0x38,
  0x18, 0x0E, 0x0E, 0x03, 0x87, 0x00, 0xE1, 0x80, 0x38, 0xFF, 0xFF, 0xFF,
  0xFF, 0xFF, 0xFF, 0xFC, 0x00, 0x38, 0x00, 0x0E, 0x00, 0x03, 0x80, 0x00,
  0xE0, 0x00, 0x38, 0x00, 0x0E, 0x00, 0x3F, 0xFC, 0x3F, 0xFC, 0x3F, 0xFC,
  0x30, 0x00, 0x70, 0x00, 0x70, 0x00, 0x70, 0x00, 0x70, 0x00, 0x70, 0x00,
  0x70, 0x00, 0x7F, 0xE0, 0x7F, 0xF8, 0x38, 0xFC, 0x00, 0x1E, 0x00, 0x0F,
  0x00, 0x07, 0x00, 0x07, 0x00, 0x07, 0x00, 0x07, 0x00, 0x07, 0x00, 0x0E,
  0x80, 0x1E, 0xF8, 0xFC, 0xFF, 0xF8, 0x3F, 0xC0, 0x01, 0xFC, 0x07, 0xFC,
  0x0F, 0x84, 0x1E, 0x00, 0x38, 0x00, 0x38, 0x00, 0x70, 0x00, 0x70, 0x00,
  0x60, 0x00, 0xE3, 0xF0, 0xEF, 0xFC, 0xFE, 0x3E, 0xF8, 0x0E, 0xF0, 0x07,
  0xE0, 0x07, 0xE0, 0x07, 0xE0, 0x07, 0xE0, 0x07, 0xE0, 0x07, 0x70, 0x07,
  0x70, 0x07, 0x38, 0x0E, 0x1E, 0x3C, 0x0F, 0xF8, 0x07, 0xE0, 0xFF, 0xFF,
  0xFF, 0xFF, 0xFF, 0xFF, 0x00, 0x07, 0x00, 0x0E, 0x00, 0x0E, 0x00, 0x1C,
  0x00, 0x1C, 0x00, 0x38, 0x00, 0x38, 0x00, 0x38, 0x00, 0x70, 0x00, 0x70,
  0x00, 0xE0, 0x00, 0xE0, 0x01, 0xC0, 0x01, 0xC0, 0x03, 0x80, 0x03, 0x80,
  0x07, 0x80, 0x07, 0x00, 0x07, 0x00, 0x0E, 0x00, 0x0E, 0x00, 0x1C, 0x00,
  0x07, 0xE0, 0x1F, 0xF8, 0x3C, 0x3C, 0x70, 0x0E, 0x70, 0x0E, 0x60, 0x06,
  0x60, 0x06, 0x70, 0x0E, 0x70, 0x0E, 0x3C, 0x3C, 0x1F, 0x78, 0x0F, 0xE0,
  0x0F, 0xF0, 0x3C, 0x7C, 0x78, 0x1E, 0x70, 0x0E, 0xE0, 0x07, 0xE0, 0x07,
  0xE0, 0x07, 0xE0, 0x07, 0xE0, 0x07, 0xF0, 0x0E, 0x7C, 0x3E, 0x3F, 0xFC,
  0x0F, 0xF0, 0x07, 0xE0, 0x1F, 0xF0, 0x3E, 0x7C, 0x70, 0x1C, 0xF0, 0x0E,
  0xE0, 0x0E, 0xE0, 0x07, 0xE0, 0x07, 0xE0, 0x07, 0xE0, 0x07, 0xE0, 0x07,
  0xE0, 0x0F, 0x70, 0x1F, 0x7C, 0x7F, 0x3F, 0xF7, 0x0F, 0xC7, 0x00, 0x07,
  0x00, 0x0E, 0x00, 0x0E, 0x00, 0x0C, 0x00, 0x1C, 0x00, 0x78, 0x21, 0xF0,
  0x3F, 0xE0, 0x3F, 0x80, 0xEF, 0xFE, 0x00, 0x00, 0x00, 0x00, 0x00, 0x0E,
  0xFF, 0xE0, 0x38, 0xE7, 0xCE, 0x00, 0x00, 0x00, 0x00, 0x00, 0x00, 0x00,
  0x00, 0x0E, 0x38, 0xE7, 0x1C, 0x71, 0x8E, 0x30, 0x00, 0x01, 0x00, 0x07,
  0x00, 0x1F, 0x00, 0x7C, 0x01, 0xF0, 0x07, 0xC0, 0x1F, 0x00, 0x7C, 0x00,
  0xF0, 0x00, 0xF0, 0x00, 0x7E, 0x00, 0x0F, 0x80, 0x03, 0xF0, 0x00, 0xFC,
  0x00, 0x1F, 0x00, 0x07, 0x00, 0x01, 0xFF, 0xFF, 0xFF, 0xFF, 0x00, 0x00,
  0x00, 0x00, 0x00, 0x00, 0x00, 0x00, 0x00, 0x00, 0xFF, 0xFF, 0xFF, 0xFF,
  0x80, 0x00, 0xE0, 0x00, 0xF8, 0x00, 0x3E, 0x00, 0x0F, 0x80, 0x03, 0xE0,
  0x00, 0xF8, 0x00, 0x3E, 0x00, 0x0F, 0x00, 0x0F, 0x00, 0x7C, 0x01, 0xF0,
  0x0F, 0xC0, 0x3F, 0x00, 0xF8, 0x00, 0xE0, 0x00, 0x80, 0x00, 0x3F, 0xC7,
  0xFF, 0x3F, 0xFD, 0x00, 0xF0, 0x03, 0x80, 0x1C, 0x00, 0xE0, 0x07, 0x00,
  0x38, 0x03, 0x80, 0x38, 0x03, 0x80, 0x38, 0x03, 0x80, 0x38, 0x01, 0x80,
  0x0C, 0x00, 0x60, 0x00, 0x00, 0x00, 0x00, 0x00, 0x0F, 0x00, 0x78, 0x03,
  0xC0, 0x0E, 0x00, 0x00, 0x1F, 0xE0, 0x00, 0x1F, 0xFF, 0x00, 0x0F, 0x80,
  0xF8, 0x03, 0xC0, 0x07, 0x80, 0xE0, 0x00, 0x38, 0x38, 0x00, 0x03, 0x8E,
  0x00, 0x00, 0x31, 0x80, 0xFF, 0x07, 0x70, 0x3F, 0xF0, 0xEC, 0x0E, 0x0E,
  0x0D, 0x83, 0x81, 0xC1, 0xF0, 0x60, 0x38, 0x3E, 0x1C, 0x06, 0x07, 0x83,
  0x80, 0xC0, 0xF0, 0x70, 0x18, 0x1E, 0x0E, 0x03, 0x03, 0xC1, 0xC0, 0xE0,
  0xFC, 0x38, 0x1E, 0x1B, 0x83, 0x86, 0xC7, 0x30, 0x3F, 0x9F, 0xC6, 0x03,
  0xE1, 0xF0, 0xE0, 0x00, 0x00, 0x0E, 0x00, 0x00, 0x01, 0xE0, 0x00, 0x00,
  0x1E, 0x00, 0x08, 0x01, 0xF8, 0x0F, 0x00, 0x0F, 0xFF, 0xE0, 0x00, 0x3F,
  0xE0, 0x00, 0x00, 0x38, 0x00, 0x01, 0xE0, 0x00, 0x07, 0x80, 0x00, 0x3F,
  0x00, 0x00, 0xFC, 0x00, 0x03, 0x38, 0x00, 0x1C, 0xE0, 0x00, 0x71, 0x80,
  0x03, 0x87, 0x00, 0x0E, 0x1C, 0x00, 0x30, 0x30, 0x01, 0xC0, 0xE0, 0x07,
  0x03, 0x80, 0x38, 0x07, 0x00, 0xFF, 0xFC, 0x03, 0xFF, 0xF0, 0x1F, 0xFF,
  0xE0, 0x70, 0x03, 0x81, 0x80, 0x07, 0x0E, 0x00, 0x1C, 0x38, 0x00, 0x71,
  0xC0, 0x00, 0xE7, 0x00, 0x03, 0x9C, 0x00, 0x07, 0xE0, 0x00, 0x1C, 0xFF,
  0xF0, 0x3F, 0xFF, 0x8E, 0x0F, 0xF3, 0x80, 0x3C, 0xE0, 0x07, 0xB8, 0x00,
  0xEE, 0x00, 0x3B, 0x80, 0x0E, 0xE0, 0x07, 0x38, 0x01, 0xCE, 0x07, 0xE3,
  0xFF, 0xE0, 0xFF, 0xFE, 0x38, 0x03, 0xCE, 0x00, 0x7B, 0x80, 0x0E, 0xE0,
  0x03, 0xF8, 0x00, 0x7E, 0x00, 0x1F, 0x80, 0x0F, 0xE0, 0x03, 0xB8, 0x01,
  0xEE, 0x07, 0xF3, 0xFF, 0xF8, 0xFF, 0xF8, 0x00, 0x00, 0xFF, 0x00, 0x7F,
  0xFC, 0x3F, 0xFF, 0x0F, 0x80, 0x23, 0xC0, 0x00, 0x70, 0x00, 0x1E, 0x00,
  0x03, 0x80, 0x00, 0x70, 0x00, 0x1C, 0x00, 0x03, 0x80, 0x00, 0x70, 0x00,
  0x0E, 0x00, 0x01, 0xC0, 0x00, 0x38, 0x00, 0x07, 0x00, 0x00, 0x70, 0x00,
  0x0E, 0x00, 0x01, 0xE0, 0x00, 0x1C, 0x00, 0x03, 0xC0, 0x00, 0x3E, 0x00,
  0x03, 0xFF, 0xF0, 0x3F, 0xFE, 0x00, 0xFF, 0x00, 0xFF, 0xF0, 0x0F, 0xFF,
  0xE0, 0xE0, 0xFF, 0x0E, 0x00, 0x78, 0xE0, 0x03, 0xCE, 0x00, 0x1E, 0xE0,
  0x00, 0xEE, 0x00, 0x0F, 0xE0, 0x00, 0x7E, 0x00, 0x07, 0xE0, 0x00, 0x7E,
  0x00, 0x07, 0xE0, 0x00, 0x7E, 0x00, 0x07, 0xE0, 0x00, 0x7E, 0x00, 0x07,
  0xE0, 0x00, 0x7E, 0x00, 0x0E, 0xE0, 0x00, 0xEE, 0x00, 0x1E, 0xE0, 0x03,
  0xCE, 0x00, 0xF8, 0xFF, 0xFF, 0x0F, 0xFF, 0xC0, 0xFF, 0xF0, 0x00, 0xFF,
  0xFF, 0xFF, 0xFF, 0xFF, 0xF8, 0x00, 0xE0, 0x03, 0x80, 0x0E, 0x00, 0x38,
  0x00, 0xE0, 0x03, 0x80, 0x0F, 0xFF, 0xFF, 0xFF, 0xFF, 0xFF, 0x80, 0x0E,
  0x00, 0x38, 0x00, 0xE0, 0x03, 0x80, 0x0E, 0x00, 0x38, 0x00, 0xE0, 0x03,
  0x80, 0x0F, 0xFF, 0xFF, 0xFF, 0xFF, 0xFC, 0xFF, 0xFF, 0xFF, 0xFF, 0xFF,
  0xF8, 0x00, 0xE0, 0x03, 0x80, 0x0E, 0x00, 0x38, 0x00, 0xE0, 0x03, 0x80,
  0x0E, 0x00, 0x3F, 0xFF, 0xFF, 0xFF, 0xFF, 0xFE, 0x00, 0x38, 0x00, 0xE0,
  0x03, 0x80, 0x0E, 0x00, 0x38, 0x00, 0xE0, 0x03, 0x80, 0x0E, 0x00, 0x38,
  0x00, 0xE0, 0x00, 0x00, 0x7F, 0xC0, 0x1F, 0xFF, 0x81, 0xFF, 0xFC, 0x3E,
  0x00, 0x61, 0xE0, 0x00, 0x1C, 0x00, 0x01, 0xE0, 0x00, 0x0E, 0x00, 0x00,
  0x70, 0x00, 0x07, 0x80, 0x00, 0x38, 0x00, 0x01, 0xC0, 0x00, 0x0E, 0x00,
  0xFF, 0xF0, 0x07, 0xFF, 0x80, 0x3F, 0xFC, 0x00, 0x07, 0x70, 0x00, 0x3B,
  0x80, 0x01, 0xDE, 0x00, 0x0E, 0x70, 0x00, 0x73, 0xC0, 0x03, 0x8F, 0x80,
  0x1C, 0x3F, 0xFF, 0xE0, 0x7F, 0xFF, 0x00, 0xFF, 0xC0, 0xE0, 0x00, 0xFC,
  0x00, 0x1F, 0x80, 0x03, 0xF0, 0x00, 0x7E, 0x00, 0x0F, 0xC0, 0x01, 0xF8,
  0x00, 0x3F, 0x00, 0x07, 0xE0, 0x00, 0xFC, 0x00, 0x1F, 0xFF, 0xFF, 0xFF,
  0xFF, 0xFF, 0xFF, 0xFF, 0xC0, 0x01, 0xF8, 0x00, 0x3F, 0x00, 0x07, 0xE0,
  0x00, 0xFC, 0x00, 0x1F, 0x80, 0x03, 0xF0, 0x00, 0x7E, 0x00, 0x0F, 0xC0,
  0x01, 0xF8, 0x00, 0x3F, 0x00, 0x07, 0xE0, 0x00, 0xE0, 0xFF, 0xFF, 0xFF,
  0xFF, 0xFF, 0xFF, 0xFF, 0xFF, 0xFF, 0xE0, 0x03, 0x81, 0xC0, 0xE0, 0x70,
  0x38, 0x1C, 0x0E, 0x07, 0x03, 0x81, 0xC0, 0xE0, 0x70, 0x38, 0x1C, 0x0E,
  0x07, 0x03, 0x81, 0xC0, 0xE0, 0x70, 0x38, 0x1C, 0x0E, 0x07, 0x03, 0x81,
  0xC0, 0xE0, 0x70, 0x7F, 0xFB, 0xF9, 0xF8, 0xE0, 0x03, 0xF8, 0x01, 0xEE,
  0x00, 0xF3, 0x80, 0x78, 0xE0, 0x1C, 0x38, 0x0E, 0x0E, 0x07, 0x03, 0x83,
  0x80, 0xE1, 0xC0, 0x38, 0xE0, 0x0E, 0x70, 0x03, 0xBE, 0x00, 0xFF, 0x80,
  0x3E, 0xF0, 0x0F, 0x1E, 0x03, 0x83, 0xC0, 0xE0, 0x70, 0x38, 0x1E, 0x0E,
  0x03, 0xC3, 0x80, 0x70, 0xE0, 0x0E, 0x38, 0x03, 0xCE, 0x00, 0x7B, 0x80,
  0x0E, 0xE0, 0x01, 0xC0, 0xE0, 0x03, 0x80, 0x0E, 0x00, 0x38, 0x00, 0xE0,
  0x03, 0x80, 0x0E, 0x00, 0x38, 0x00, 0xE0, 0x03, 0x80, 0x0E, 0x00, 0x38,
  0x00, 0xE0, 0x03, 0x80, 0x0E, 0x00, 0x38, 0x00, 0xE0, 0x03, 0x80, 0x0E,
  0x00, 0x38, 0x00, 0xE0, 0x03, 0x80, 0x0F, 0xFF, 0xFF, 0xFF, 0xFF, 0xFC,
  0xF8, 0x00, 0x07, 0xFC, 0x00, 0x07, 0xFF, 0x00, 0x03, 0xFF, 0x80, 0x03,
  0xFE, 0xC0, 0x01, 0xFF, 0x70, 0x00, 0xDF, 0xB8, 0x00, 0xEF, 0xCE, 0x00,
  0x77, 0xE7, 0x00, 0x73, 0xF1, 0x80, 0x39, 0xF8, 0xE0, 0x18, 0xFC, 0x70,
  0x1C, 0x7E, 0x18, 0x0E, 0x3F, 0x0E, 0x06, 0x1F, 0x87, 0x07, 0x0F, 0xC1,
  0xC3, 0x07, 0xE0, 0xE3, 0x83, 0xF0, 0x31, 0xC1, 0xF8, 0x1C, 0xC0, 0xFC,
  0x0E, 0xE0, 0x7E, 0x03, 0xF0, 0x3F, 0x01, 0xF0, 0x1F, 0x80, 0xF8, 0x0F,
  0xC0, 0x38, 0x07, 0xE0, 0x1C, 0x03, 0x80, 0xF0, 0x00, 0x7F, 0x80, 0x07,
  0xF8, 0x00, 0x7F, 0xC0, 0x07, 0xFE, 0x00, 0x7E, 0xE0, 0x07, 0xE7, 0x00,
  0x7E, 0x78, 0x07, 0xE3, 0x80, 0x7E, 0x1C, 0x07, 0xE1, 0xE0, 0x7E, 0x0E,
  0x07, 0xE0, 0xF0, 0x7E, 0x07, 0x87, 0xE0, 0x38, 0x7E, 0x03, 0xC7, 0xE0,
  0x1C, 0x7E, 0x00, 0xE7, 0xE0, 0x0F, 0x7E, 0x00, 0x77, 0xE0, 0x03, 0xFE,
  0x00, 0x3F, 0xE0, 0x01, 0xFE, 0x00, 0x0F, 0xE0, 0x00, 0xF0, 0x00, 0xFF,
  0x00, 0x0F, 0xFF, 0x80, 0x3F, 0xFF, 0x80, 0xF0, 0x07, 0x83, 0xC0, 0x07,
  0x87, 0x00, 0x07, 0x9C, 0x00, 0x07, 0x38, 0x00, 0x0E, 0x70, 0x00, 0x0F,
  0xC0, 0x00, 0x1F, 0x80, 0x00, 0x3F, 0x00, 0x00, 0x7E, 0x00, 0x00, 0xFC,
  0x00, 0x01, 0xF8, 0x00, 0x03, 0xF0, 0x00, 0x07, 0x70, 0x00, 0x0E, 0xE0,
  0x00, 0x39, 0xC0, 0x00, 0x71, 0xC0, 0x01, 0xE3, 0xC0, 0x07, 0x83, 0xC0,
  0x1E, 0x03, 0xFF, 0xF8, 0x03, 0xFF, 0xE0, 0x00, 0xFE, 0x00, 0xFF, 0xE0,
  0xFF, 0xFC, 0xE1, 0xFE, 0xE0, 0x1E, 0xE0, 0x0F, 0xE0, 0x07, 0xE0, 0x07,
  0xE0, 0x07, 0xE0, 0x07, 0xE0, 0x07, 0xE0, 0x0F, 0xE0, 0x1E, 0xFF, 0xFC,
  0xFF, 0xF8, 0xFF, 0xE0, 0xE0, 0x00, 0xE0, 0x00, 0xE0, 0x00, 0xE0, 0x00,
  0xE0, 0x00, 0xE0, 0x00, 0xE0, 0x00, 0xE0, 0x00, 0xE0, 0x00, 0xE0, 0x00,
  0x00, 0xFF, 0x00, 0x0F, 0xFF, 0x80, 0x3F, 0xFF, 0x80, 0xF0, 0x07, 0x83,
  0xC0, 0x07, 0x87, 0x00, 0x07, 0x9C, 0x00, 0x07, 0x38, 0x00, 0x0E, 0x70,
  0x00, 0x0F, 0xC0, 0x00, 0x1F, 0x80, 0x00, 0x3F, 0x00, 0x00, 0x7E, 0x00,
  0x00, 0xFC, 0x00, 0x01, 0xF8, 0x00, 0x03, 0xF0, 0x00, 0x07, 0x70, 0x00,
  0x0E, 0xE0, 0x00, 0x39, 0xC0, 0x00, 0x71, 0xC0, 0x01, 0xE3, 0xC0, 0x07,
  0x83, 0xC0, 0x1E, 0x03, 0xFF, 0xF8, 0x03, 0xFF, 0xE0, 0x00, 0xFF, 0x00,
  0x00, 0x0F, 0x00, 0x00, 0x0F, 0x00, 0x00, 0x0E, 0x00, 0x00, 0x1E, 0x00,
  0x00, 0x1E, 0x00, 0x00, 0x1E, 0x00, 0xFF, 0xE0, 0x3F, 0xFF, 0x0F, 0xFF,
  0xE3, 0x80, 0x78, 0xE0, 0x0F, 0x38, 0x01, 0xCE, 0x00, 0x73, 0x80, 0x1C,
  0xE0, 0x07, 0x38, 0x01, 0xCE, 0x00, 0xF3, 0x80, 0x78, 0xE0, 0xFC, 0x3F,
  0xFE, 0x0F, 0xFE, 0x03, 0x81, 0xC0, 0xE0, 0x78, 0x38, 0x0E, 0x0E, 0x01,
  0xC3, 0x80, 0x78, 0xE0, 0x0E, 0x38, 0x03, 0xCE, 0x00, 0x73, 0x80, 0x0E,
  0xE0, 0x03, 0xC0, 0x07, 0xF0, 0x3F, 0xFD, 0xFF, 0xFB, 0x80, 0x2F, 0x00,
  0x1C, 0x00, 0x38, 0x00, 0x70, 0x00, 0xF0, 0x00, 0xF0, 0x00, 0xF8, 0x00,
  0xFC, 0x00, 0xFF, 0x00, 0x3F, 0x00, 0x0F, 0x00, 0x0F, 0x00, 0x0E, 0x00,
  0x1C, 0x00, 0x18, 0x00, 0x70, 0x00, 0xF0, 0x03, 0xFF, 0xFF, 0x7F, 0xFC,
  0x3F, 0xC0, 0xFF, 0xFF, 0xFF, 0xFF, 0xFF, 0xFF, 0xFF, 0x80, 0x70, 0x00,
  0x0E, 0x00, 0x01, 0xC0, 0x00, 0x38, 0x00, 0x07, 0x00, 0x00, 0xE0, 0x00,
  0x1C, 0x00, 0x03, 0x80, 0x00, 0x70, 0x00, 0x0E, 0x00, 0x01, 0xC0, 0x00,
  0x38, 0x00, 0x07, 0x00, 0x00, 0xE0, 0x00, 0x1C, 0x00, 0x03, 0x80, 0x00,
  0x70, 0x00, 0x0E, 0x00, 0x01, 0xC0, 0x00, 0x38, 0x00, 0x07, 0x00, 0x00,
  0xE0, 0x00, 0xE0, 0x00, 0xFC, 0x00, 0x1F, 0x80, 0x03, 0xF0, 0x00, 0x7E,
  0x00, 0x0F, 0xC0, 0x01, 0xF8, 0x00, 0x3F, 0x00, 0x07, 0xE0, 0x00, 0xFC,
  0x00, 0x1F, 0x80, 0x03, 0xF0, 0x00, 0x7E, 0x00, 0x0F, 0xC0, 0x01, 0xF8,
  0x00, 0x3F, 0x00, 0x07, 0xE0, 0x00, 0xFC, 0x00, 0x1F, 0x80, 0x03, 0xB8,
  0x00, 0x77, 0x80, 0x1C, 0x78, 0x07, 0x87, 0xFF, 0xE0, 0x7F, 0xF8, 0x03,
  0xFC, 0x00, 0xE0, 0x00, 0x3B, 0x80, 0x03, 0x9C, 0x00, 0x1C, 0xE0, 0x00,
  0xE3, 0x80, 0x0E, 0x1C, 0x00, 0x70, 0xE0, 0x07, 0x83, 0x80, 0x38, 0x1C,
  0x01, 0xC0, 0xE0, 0x1C, 0x03, 0x80, 0xE0, 0x1C, 0x07, 0x00, 0xE0, 0x70,
  0x03, 0x83, 0x80, 0x1C, 0x1C, 0x00, 0x71, 0xC0, 0x03, 0x8E, 0x00, 0x1C,
  0x70, 0x00, 0x77, 0x00, 0x03, 0xB8, 0x00, 0x1D, 0xC0, 0x00, 0x7C, 0x00,
  0x03, 0xE0, 0x00, 0x1E, 0x00, 0x00, 0x70, 0x00, 0xE0, 0x07, 0x80, 0x0F,
  0xC0, 0x0F, 0x00, 0x3B, 0x80, 0x1E, 0x00, 0x77, 0x00, 0x3E, 0x00, 0xE7,
  0x00, 0xFC, 0x01, 0xCE, 0x01, 0xF8, 0x07, 0x1C, 0x03, 0x30, 0x0E, 0x38,
  0x0E, 0x70, 0x1C, 0x38, 0x1C, 0xE0, 0x38, 0x70, 0x38, 0xC0, 0xE0, 0xE0,
  0xE1, 0xC1, 0xC0, 0xC1, 0xC3, 0x83, 0x81, 0xC3, 0x83, 0x06, 0x03, 0x86,
  0x07, 0x1C, 0x07, 0x1C, 0x0E, 0x38, 0x07, 0x38, 0x1C, 0x70, 0x0E, 0x70,
  0x18, 0xC0, 0x1C, 0xC0, 0x3B, 0x80, 0x3B, 0x80, 0x77, 0x00, 0x37, 0x00,
  0x6E, 0x00, 0x7C, 0x00, 0xD8, 0x00, 0xF8, 0x01, 0xF0, 0x01, 0xF0, 0x03,
  0xE0, 0x01, 0xE0, 0x03, 0xC0, 0x03, 0x80, 0x07, 0x00, 0x70, 0x00, 0xE3,
  0x80, 0x1E, 0x38, 0x01, 0xC1, 0xC0, 0x38, 0x0E, 0x03, 0x80, 0xE0, 0x70,
  0x07, 0x0E, 0x00, 0x38, 0xE0, 0x03, 0x9C, 0x00, 0x1F, 0x80, 0x01, 0xF8,
  0x00, 0x0F, 0x00, 0x00, 0xF0, 0x00, 0x1F, 0x80, 0x01, 0xF8, 0x00, 0x39,
  0xC0, 0x03, 0x0E, 0x00, 0x70, 0xE0, 0x0E, 0x07, 0x00, 0xE0, 0x78, 0x1C,
  0x03, 0x83, 0x80, 0x1C, 0x38, 0x01, 0xE7, 0x00, 0x0E, 0xF0, 0x00, 0xF0,
  0xE0, 0x00, 0xEE, 0x00, 0x1D, 0xE0, 0x07, 0x1C, 0x00, 0xE3, 0xC0, 0x38,
  0x38, 0x07, 0x03, 0x81, 0xC0, 0x70, 0x78, 0x07, 0x0E, 0x00, 0xE3, 0x80,
  0x0E, 0x70, 0x01, 0xDC, 0x00, 0x1F, 0x80, 0x03, 0xE0, 0x00, 0x3C, 0x00,
  0x07, 0x00, 0x00, 0xE0, 0x00, 0x1C, 0x00, 0x03, 0x80, 0x00, 0x70, 0x00,
  0x0E, 0x00, 0x01, 0xC0, 0x00, 0x38, 0x00, 0x07, 0x00, 0x00, 0xE0, 0x00,
  0x7F, 0xFF, 0x9F, 0xFF, 0xE7, 0xFF, 0xF8, 0x00, 0x1C, 0x00, 0x0F, 0x00,
  0x03, 0x80, 0x01, 0xC0, 0x00, 0x70, 0x00, 0x38, 0x00, 0x1C, 0x00, 0x07,
  0x00, 0x03, 0x80, 0x01, 0xC0, 0x00, 0x70, 0x00, 0x38, 0x00, 0x1C, 0x00,
  0x07, 0x00, 0x03, 0x80, 0x01, 0xC0, 0x00, 0x70, 0x00, 0x38, 0x00, 0x1C,
  0x00, 0x07, 0xFF, 0xFF, 0xFF, 0xFF, 0xFF, 0xFF, 0xC0, 0xFF, 0xFF, 0xE0,
  0xE0, 0xE0, 0xE0, 0xE0, 0xE0, 0xE0, 0xE0, 0xE0, 0xE0, 0xE0, 0xE0, 0xE0,
  0xE0, 0xE0, 0xE0, 0xE0, 0xE0, 0xE0, 0xE0, 0xE0, 0xE0, 0xE0, 0xE0, 0xE0,
  0xE0, 0xE0, 0xFF, 0xFF, 0xC0, 0x1C, 0x03, 0x80, 0x30, 0x07, 0x00, 0xE0,
  0x0E, 0x01, 0xC0, 0x18, 0x03, 0x80, 0x70, 0x06, 0x00, 0xE0, 0x1C, 0x01,
  0xC0, 0x38, 0x07, 0x00, 0x70, 0x0E, 0x00, 0xC0, 0x1C, 0x03, 0x80, 0x38,
  0x07, 0x00, 0xE0, 0xFF, 0xFF, 0x07, 0x07, 0x07, 0x07, 0x07, 0x07, 0x07,
  0x07, 0x07, 0x07, 0x07, 0x07, 0x07, 0x07, 0x07, 0x07, 0x07, 0x07, 0x07,
  0x07, 0x07, 0x07, 0x07, 0x07, 0x07, 0x07, 0x07, 0xFF, 0xFF, 0x01, 0x80,
  0x03, 0x80, 0x03, 0xC0, 0x07, 0xC0, 0x06, 0xE0, 0x0E, 0x60, 0x0C, 0x70,
  0x1C, 0x30, 0x18, 0x38, 0x38, 0x18, 0x30, 0x1C, 0x70, 0x0C, 0x60, 0x0E,
  0x60, 0x06, 0xE0, 0x07, 0xC0, 0x03, 0xFF, 0xFF, 0xFF, 0xFC, 0xF0, 0xF0,
  0xE0, 0xE0, 0xE0, 0xC0, 0x0F, 0xE0, 0x7F, 0xF0, 0xF1, 0xF1, 0x00, 0xE0,
  0x01, 0xC0, 0x01, 0xC0, 0x03, 0x80, 0x07, 0x07, 0xFE, 0x7F, 0xFD, 0xF0,
  0x3F, 0x80, 0x7E, 0x00, 0xFC, 0x01, 0xF8, 0x07, 0xF0, 0x1F, 0xF8, 0xEE,
  0xFF, 0x9C, 0x7E, 0x38, 0xE0, 0x00, 0xE0, 0x00, 0xE0, 0x00, 0xE0, 0x00,
  0xE0, 0x00, 0xE0, 0x00, 0xE0, 0x00, 0xE0, 0x00, 0xE3, 0xF0, 0xEF, 0xF8,
  0xFE, 0x3C, 0xF8, 0x0E, 0xF0, 0x0F, 0xE0, 0x07, 0xE0, 0x07, 0xE0, 0x07,
  0xE0, 0x07, 0xE0, 0x03, 0xE0, 0x07, 0xE0, 0x07, 0xE0, 0x07, 0xE0, 0x07,
  0xF0, 0x0F, 0xF8, 0x0E, 0xFE, 0x3C, 0xCF, 0xF8, 0xC3, 0xF0, 0x03, 0xF0,
  0xFF, 0xCF, 0xFE, 0xF0, 0x07, 0x00, 0x38, 0x03, 0x80, 0x1C, 0x00, 0xE0,
  0x07, 0x00, 0x38, 0x01, 0xC0, 0x0E, 0x00, 0x78, 0x01, 0xC0, 0x0F, 0x00,
  0x3F, 0x78, 0xFF, 0xC1, 0xFC, 0x00, 0x03, 0x00, 0x03, 0x00, 0x03, 0x00,
  0x03, 0x00, 0x03, 0x00, 0x03, 0x00, 0x03, 0x00, 0x03, 0x07, 0xE3, 0x1F,
  0xF3, 0x3E, 0x3B, 0x78, 0x0F, 0x70, 0x07, 0xF0, 0x07, 0xE0, 0x07, 0xE0,
  0x07, 0xE0, 0x03, 0xE0, 0x03, 0xE0, 0x03, 0xE0, 0x03, 0xE0, 0x07, 0xE0,
  0x07, 0x70, 0x07, 0x78, 0x0F, 0x3E, 0x3B, 0x1F, 0xF3, 0x07, 0xC3, 0x07,
  0xE0, 0x1F, 0xF8, 0x3E, 0x3C, 0x38, 0x1E, 0x70, 0x0E, 0x60, 0x07, 0xE0,
  0x07, 0xE0, 0x07, 0xFF, 0xFF, 0xFF, 0xFF, 0xE0, 0x00, 0xE0, 0x00, 0xE0,
  0x00, 0xF0, 0x00, 0x70, 0x00, 0x78, 0x02, 0x3F, 0x1E, 0x1F, 0xFE, 0x07,
  0xF8, 0x03, 0xF0, 0xFF, 0x0F, 0x31, 0xC0, 0x1C, 0x01, 0xC0, 0x1C, 0x01,
  0xC0, 0x7F, 0xCF, 0xFC, 0x1C, 0x01, 0xC0, 0x1C, 0x01, 0xC0, 0x1C, 0x01,
  0xC0, 0x1C, 0x01, 0xC0, 0x1C, 0x01, 0xC0, 0x1C, 0x01, 0xC0, 0x1C, 0x01,
  0xC0, 0x1C, 0x01, 0xC0, 0x1C, 0x00, 0x07, 0xFF, 0x8F, 0xFF, 0xCF, 0x0F,
  0x8F, 0x03, 0x87, 0x00, 0xE3, 0x80, 0x71, 0xC0, 0x38, 0xE0, 0x1C, 0x78,
  0x1E, 0x1E, 0x1E, 0x07, 0xFE, 0x01, 0xFC, 0x01, 0xC0, 0x01, 0xC0, 0x00,
  0xE0, 0x00, 0x70, 0x00, 0x3F, 0xFC, 0x07, 0xFF, 0x9F, 0xFF, 0xFC, 0x00,
  0x7E, 0x00, 0x3E, 0x00, 0x1F, 0x00, 0x0F, 0xC0, 0x0E, 0xF8, 0x3F, 0x3F,
  0xFE, 0x07, 0xFC, 0x00, 0xE0, 0x00, 0xE0, 0x00, 0xE0, 0x00, 0xE0, 0x00,
  0xE0, 0x00, 0xE0, 0x00, 0xE0, 0x00, 0xE0, 0x00, 0xE3, 0xF0, 0xEF, 0xFC,
  0xFE, 0x3E, 0xF8, 0x0E, 0xF0, 0x0E, 0xE0, 0x07, 0xE0, 0x07, 0xE0, 0x07,
  0xE0, 0x07, 0xE0, 0x07, 0xE0, 0x07, 0xE0, 0x07, 0xE0, 0x07, 0xE0, 0x07,
  0xE0, 0x07, 0xE0, 0x07, 0xE0, 0x07, 0xE0, 0x07, 0xE0, 0x07, 0x5F, 0xF0,
  0x07, 0xFF, 0xFF, 0xFF, 0xFF, 0xFF, 0xFF, 0xFC, 0x02, 0x07, 0x07, 0x07,
  0x00, 0x00, 0x00, 0x07, 0x07, 0x07, 0x07, 0x07, 0x07, 0x07, 0x07, 0x07,
  0x07, 0x07, 0x07, 0x07, 0x07, 0x07, 0x07, 0x07, 0x07, 0x07, 0x07, 0x07,
  0x07, 0x07, 0x07, 0x9E, 0xFE, 0xF8, 0xE0, 0x01, 0xC0, 0x03, 0x80, 0x07,
  0x00, 0x0E, 0x00, 0x1C, 0x00, 0x38, 0x00, 0x70, 0x00, 0xE0, 0x1D, 0xC0,
  0x73, 0x81, 0xC7, 0x07, 0x0E, 0x1C, 0x1C, 0x70, 0x39, 0xE0, 0x77, 0x80,
  0xEE, 0x01, 0xFE, 0x03, 0xFE, 0x07, 0x1E, 0x0E, 0x1C, 0x1C, 0x1C, 0x38,
  0x3C, 0x70, 0x3C, 0xE0, 0x39, 0xC0, 0x3B, 0x80, 0x78, 0xFF, 0xFF, 0xFF,
  0xFF, 0xFF, 0xFF, 0xFF, 0xFF, 0xFF, 0xFF, 0x80, 0xC3, 0xE0, 0x7E, 0x19,
  0xFF, 0x1F, 0xF3, 0xF9, 0xF7, 0x1F, 0x7C, 0x0F, 0x80, 0xEF, 0x01, 0xF0,
  0x1D, 0xC0, 0x1C, 0x01, 0xB8, 0x03, 0x80, 0x3F, 0x00, 0x70, 0x07, 0xE0,
  0x0E, 0x00, 0xFC, 0x01, 0xC0, 0x1F, 0x80, 0x38, 0x03, 0xF0, 0x07, 0x00,
  0x7E, 0x00, 0xE0, 0x0F, 0xC0, 0x1C, 0x01, 0xF8, 0x03, 0x80, 0x3F, 0x00,
  0x70, 0x07, 0xE0, 0x0E, 0x00, 0xFC, 0x01, 0xC0, 0x1F, 0x80, 0x38, 0x03,
  0x80, 0xC3, 0xF0, 0xCF, 0xFC, 0xFE, 0x3E, 0xF8, 0x0E, 0xF0, 0x0E, 0xE0,
  0x07, 0xE0, 0x07, 0xE0, 0x07, 0xE0, 0x07, 0xE0, 0x07, 0xE0, 0x07, 0xE0,
  0x07, 0xE0, 0x07, 0xE0, 0x07, 0xE0, 0x07, 0xE0, 0x07, 0xE0, 0x07, 0xE0,
  0x07, 0xE0, 0x07, 0x07, 0xF0, 0x0F, 0xFE, 0x0F, 0x8F, 0x8F, 0x01, 0xE7,
  0x00, 0x73, 0x80, 0x3F, 0x80, 0x0F, 0xC0, 0x07, 0xE0, 0x03, 0xF0, 0x01,
  0xF8, 0x00, 0xFC, 0x00, 0x7E, 0x00, 0x3B, 0x80, 0x3D, 0xC0, 0x1C, 0x70,
  0x1E, 0x3E, 0x3E, 0x0F, 0xFE, 0x01, 0xFC, 0x00, 0xC3, 0xF0, 0xEF, 0xF8,
  0xFE, 0x7E, 0xF8, 0x0E, 0xF0, 0x0F, 0xE0, 0x07, 0xE0, 0x07, 0xE0, 0x07,
  0xE0, 0x07, 0xE0, 0x03, 0xE0, 0x07, 0xE0, 0x07, 0xE0, 0x07, 0xE0, 0x07,
  0xF0, 0x0F, 0xF8, 0x1E, 0xFE, 0x3C, 0xEF, 0xF8, 0xE3, 0xF0, 0xE0, 0x00,
  0xE0, 0x00, 0xE0, 0x00, 0xE0, 0x00, 0xE0, 0x00, 0xE0, 0x00, 0xE0, 0x00,
  0xE0, 0x00, 0x07, 0xE3, 0x1F, 0xF3, 0x3E, 0x3B, 0x78, 0x0F, 0x70, 0x07,
  0xF0, 0x07, 0xE0, 0x07, 0xE0, 0x07, 0xE0, 0x03, 0xE0, 0x03, 0xE0, 0x03,
  0xE0, 0x07, 0xE0, 0x07, 0xE0, 0x07, 0x70, 0x07, 0x78, 0x0F, 0x3E, 0x3B,
  0x1F, 0xF3, 0x07, 0xC3, 0x00, 0x03, 0x00, 0x03, 0x00, 0x03, 0x00, 0x03,
  0x00, 0x03, 0x00, 0x03, 0x00, 0x03, 0x00, 0x03, 0xC3, 0xF8, 0xFF, 0xBF,
  0x7C, 0x0F, 0x01, 0xE0, 0x38, 0x07, 0x00, 0xE0, 0x1C, 0x03, 0x80, 0x70,
  0x0E, 0x01, 0xC0, 0x38, 0x07, 0x00, 0xE0, 0x1C, 0x03, 0x80, 0x00, 0x1F,
  0xE3, 0xFF, 0xFE, 0x3D, 0xC0, 0x0E, 0x00, 0x70, 0x03, 0x80, 0x0F, 0x80,
  0x3F, 0x00, 0x7E, 0x00, 0xFC, 0x00, 0xF0, 0x03, 0x80, 0x1C, 0x00, 0xE0,
  0x07, 0xF0, 0xF7, 0xFF, 0x1F, 0xE0, 0x18, 0x03, 0x00, 0x60, 0x1C, 0x0F,
  0xFF, 0xFF, 0xCE, 0x01, 0xC0, 0x38, 0x07, 0x00, 0xE0, 0x1C, 0x03, 0x80,
  0x70, 0x0E, 0x01, 0xC0, 0x38, 0x07, 0x00, 0xE0, 0x1E, 0x01, 0xE2, 0x3F,
  0xC1, 0xF8, 0xE0, 0x07, 0xC0, 0x0F, 0x80, 0x1F, 0x00, 0x3E, 0x00, 0x7C,
  0x00, 0xF8, 0x01, 0xF0, 0x03, 0xE0, 0x07, 0xC0, 0x0F, 0x80, 0x1F, 0x00,
  0x3E, 0x00, 0xFC, 0x01, 0xF8, 0x03, 0xF8, 0x0F, 0x7C, 0x76, 0x7F, 0xCC,
  0x7E, 0x18, 0xE0, 0x03, 0xB8, 0x01, 0xDC, 0x00, 0xEE, 0x00, 0xE3, 0x80,
  0x71, 0xC0, 0x70, 0xE0, 0x38, 0x38, 0x1C, 0x1C, 0x1C, 0x06, 0x0E, 0x03,
  0x87, 0x01, 0xC7, 0x00, 0x73, 0x80, 0x39, 0x80, 0x1D, 0xC0, 0x06, 0xE0,
  0x03, 0xE0, 0x00, 0xF0, 0x00, 0x78, 0x00, 0xC0, 0x1C, 0x01, 0xF8, 0x07,
  0x80, 0xEE, 0x03, 0xE0, 0x3B, 0x80, 0xD8, 0x0E, 0x70, 0x37, 0x03, 0x9C,
  0x1D, 0xC1, 0xC7, 0x07, 0x70, 0x71, 0xC1, 0x8C, 0x1C, 0x38, 0xE3, 0x86,
  0x0E, 0x38, 0xE3, 0x83, 0x8C, 0x18, 0xE0, 0x67, 0x07, 0x38, 0x1D, 0xC1,
  0xCC, 0x07, 0x70, 0x37, 0x01, 0xD8, 0x0D, 0xC0, 0x36, 0x03, 0xF0, 0x0F,
  0x80, 0xF8, 0x03, 0xC0, 0x1E, 0x00, 0xF0, 0x07, 0x80, 0xF0, 0x07, 0x70,
  0x0E, 0x38, 0x1E, 0x3C, 0x1C, 0x1C, 0x38, 0x0E, 0x70, 0x0F, 0x70, 0x07,
  0xE0, 0x03, 0xC0, 0x03, 0xC0, 0x03, 0xE0, 0x07, 0xE0, 0x0E, 0x70, 0x1E,
  0x38, 0x1C, 0x38, 0x38, 0x1C, 0x78, 0x0E, 0x70, 0x0F, 0xE0, 0x07, 0xE0,
  0x03, 0xB8, 0x01, 0xDC, 0x00, 0xEE, 0x00, 0xE3, 0x80, 0x71, 0xC0, 0x70,
  0x70, 0x38, 0x38, 0x1C, 0x1C, 0x1C, 0x07, 0x0E, 0x03, 0x87, 0x00, 0xC7,
  0x00, 0x73, 0x80, 0x39, 0x80, 0x0D, 0xC0, 0x07, 0xE0, 0x01, 0xE0, 0x00,
  0xF0, 0x00, 0x70, 0x00, 0x38, 0x00, 0x1C, 0x00, 0x1C, 0x00, 0x0E, 0x00,
  0x0E, 0x00, 0x9F, 0x00, 0x7F, 0x00, 0x3E, 0x00, 0x00, 0x7F, 0xFD, 0xFF,
  0xF0, 0x03, 0xC0, 0x0E, 0x00, 0x70, 0x03, 0x80, 0x0E, 0x00, 0x70, 0x03,
  0x80, 0x0E, 0x00, 0x70, 0x03, 0x80, 0x0E, 0x00, 0x70, 0x03, 0x80, 0x1E,
  0x00, 0x70, 0x03, 0xFF, 0xFF, 0xFF, 0xC0, 0x00, 0xE0, 0x7C, 0x1E, 0x03,
  0x80, 0xE0, 0x1C, 0x03, 0x80, 0x70, 0x0E, 0x01, 0xC0, 0x38, 0x07, 0x00,
  0xE0, 0x3C, 0x1F, 0x07, 0x80, 0xF8, 0x03, 0x80, 0x38, 0x07, 0x00, 0xE0,
  0x1C, 0x03, 0x80, 0x70, 0x0E, 0x01, 0xC0, 0x38, 0x07, 0x80, 0x7C, 0x07,
  0xC0, 0x38, 0xFF, 0xFF, 0xFF, 0xFF, 0xFF, 0xFF, 0xFF, 0xFF, 0xFF, 0xFF,
  0xFF, 0xFF, 0xFF, 0x80, 0xE0, 0x1F, 0x00, 0xF0, 0x0F, 0x00, 0xE0, 0x1C,
  0x03, 0x80, 0x70, 0x0E, 0x01, 0xC0, 0x38, 0x07, 0x00, 0xE0, 0x0E, 0x01,
  0xF0, 0x0F, 0x03, 0xE0, 0xF0, 0x38, 0x07, 0x00, 0xE0, 0x1C, 0x03, 0x80,
  0x70, 0x0E, 0x01, 0xC0, 0x38, 0x0F, 0x07, 0xC1, 0xF0, 0x38, 0x00, 0x7E,
  0x01, 0xFF, 0xE7, 0xE7, 0xFF, 0x80, 0x7E
};

const GFXglyph OpenSansRegular18pt7bGlyphs[] PROGMEM = {
  {     0,   0,   0,   9,    0,    0 },  // 0x20 ' '
  {     0,   4,  25,   9,    3,  -24 },  // 0x21 '!'
  {    13,  10,   9,  14,    2,  -24 },  // 0x22 '"'
  {    25,  21,  25,  23,    1,  -24 },  // 0x23 '#'
  {    91,  16,  29,  20,    2,  -26 },  // 0x24 '$'
  {   149,  25,  25,  29,    2,  -24 },  // 0x25 '%'
  {   228,  23,  25,  26,    2,  -24 },  // 0x26 '&'
  {   300,   3,   9,   8,    2,  -24 },  // 0x27 '\''
  {   304,   8,  31,  10,    1,  -24 },  // 0x28 '('
  {   335,   8,  31,  10,    1,  -24 },  // 0x29 ')'
  {   366,  16,  16,  19,    2,  -26 },  // 0x2A '*'
  {   398,  16,  17,  20,    2,  -20 },  // 0x2B '+'
  {   432,   4,   9,   9,    2,   -3 },  // 0x2C ','
  {   437,   9,   3,  11,    1,  -10 },  // 0x2D '-'
  {   441,   4,   4,   9,    3,   -4 },  // 0x2E '.'
  {   443,  11,  25,  13,    1,  -24 },  // 0x2F '/'
  {   478,  16,  25,  20,    2,  -24 },  // 0x30 '0'
  {   528,   9,  25,  20,    3,  -24 },  // 0x31 '1'
  {   557,  16,  25,  20,    2,  -24 },  // 0x32 '2'
  {   607,  16,  25,  20,    2,  -24 },  // 0x33 '3'
  {   657,  18,  25,  20,    1,  -24 },  // 0x34 '4'
  {   714,  16,  25,  20,    2,  -24 },  // 0x35 '5'
  {   764,  16,  25,  20,    2,  -24 },  // 0x36 '6'
  {   814,  16,  25,  20,    2,  -24 },  // 0x37 '7'
  {   864,  16,  25,  20,    2,  -24 },  // 0x38 '8'
  {   914,  16,  25,  20,    2,  -24 },  // 0x39 '9'
  {   964,   4,  19,   9,    3,  -18 },  // 0x3A ':'
  {   974,   6,  24,   9,    1,  -18 },  // 0x3B ';'
  {   992,  16,  17,  20,    2,  -20 },  // 0x3C '<'
  {  1026,  16,   9,  20,    2,  -17 },  // 0x3D '='
  {  1044,  16,  17,  20,    2,  -20 },  // 0x3E '>'
  {  1078,  13,  25,  15,    1,  -24 },  // 0x3F '?'
  {  1119,  27,  28,  31,    2,  -24 },  // 0x40 '@'
  {  1214,  22,  25,  22,    0,  -24 },  // 0x41 'A'
  {  1283,  18,  25,  23,    3,  -24 },  // 0x42 'B'
  {  1340,  19,  25,  22,    2,  -24 },  // 0x43 'C'
  {  1400,  20,  25,  25,    3,  -24 },  // 0x44 'D'
  {  1463,  14,  25,  19,    3,  -24 },  // 0x45 'E'
  {  1507,  14,  25,  18,    3,  -24 },  // 0x46 'F'
  {  1551,  21,  25,  25,    2,  -24 },  // 0x47 'G'
  {  1617,  19,  25,  26,    3,  -24 },  // 0x48 'H'
  {  1677,   3,  25,  10,    3,  -24 },  // 0x49 'I'
  {  1687,   9,  32,   9,   -3,  -24 },  // 0x4A 'J'
  {  1723,  18,  25,  21,    3,  -24 },  // 0x4B 'K'
  {  1780,  14,  25,  18,    3,  -24 },  // 0x4C 'L'
  {  1824,  25,  25,  31,    3,  -24 },  // 0x4D 'M'
  {  1903,  20,  25,  26,    3,  -24 },  // 0x4E 'N'
  {  1966,  23,  25,  27,    2,  -24 },  // 0x4F 'O'
  {  2038,  16,  25,  21,    3,  -24 },  // 0x50 'P'
  {  2088,  23,  31,  27,    2,  -24 },  // 0x51 'Q'
  {  2178,  18,  25,  22,    3,  -24 },  // 0x52 'R'
  {  2235,  15,  25,  19,    2,  -24 },  // 0x53 'S'
  {  2282,  19,  25,  19,    0,  -24 },  // 0x54 'T'
  {  2342,  19,  25,  26,    3,  -24 },  // 0x55 'U'
  {  2402,  21,  25,  21,    0,  -24 },  // 0x56 'V'
  {  2468,  31,  25,  32,    1,  -24 },  // 0x57 'W'
  {  2565,  20,  25,  20,    0,  -24 },  // 0x58 'X'
  {  2628,  19,  25,  20,    0,  -24 },  // 0x59 'Y'
  {  2688,  18,  25,  20,    1,  -24 },  // 0x5A 'Z'
  {  2745,   8,  31,  11,    3,  -24 },  // 0x5B '['
  {  2776,  11,  25,  13,    1,  -24 },  // 0x5C '\\'
  {  2811,   8,  31,  11,    1,  -24 },  // 0x5D ']'
  {  2842,  16,  16,  20,    2,  -24 },  // 0x5E '^'
  {  2874,  15,   2,  15,   -1,    4 },  // 0x5F '_'
  {  2878,   7,   6,  10,    1,  -26 },  // 0x60 '`'
  {  2884,  15,  19,  19,    2,  -18 },  // 0x61 'a'
  {  2920,  16,  27,  21,    3,  -26 },  // 0x62 'b'
  {  2974,  13,  19,  17,    2,  -18 },  // 0x63 'c'
  {  3005,  16,  27,  21,    2,  -26 },  // 0x64 'd'
  {  3059,  16,  19,  20,    2,  -18 },  // 0x65 'e'
  {  3097,  12,  27,  12,    1,  -26 },  // 0x66 'f'
  {  3138,  17,  27,  19,    1,  -18 },  // 0x67 'g'
  {  3196,  16,  27,  21,    3,  -26 },  // 0x68 'h'
  {  3250,   3,  26,   9,    3,  -25 },  // 0x69 'i'
  {  3260,   8,  34,   9,   -2,  -25 },  // 0x6A 'j'
  {  3294,  15,  27,  18,    3,  -26 },  // 0x6B 'k'
  {  3345,   3,  27,   9,    3,  -26 },  // 0x6C 'l'
  {  3356,  27,  19,  32,    3,  -18 },  // 0x6D 'm'
  {  3421,  16,  19,  21,    3,  -18 },  // 0x6E 'n'
  {  3459,  17,  19,  21,    2,  -18 },  // 0x6F 'o'
  {  3500,  16,  27,  21,    3,  -18 },  // 0x70 'p'
  {  3554,  16,  27,  21,    2,  -18 },  // 0x71 'q'
  {  3608,  11,  19,  14,    3,  -18 },  // 0x72 'r'
  {  3635,  13,  19,  17,    2,  -18 },  // 0x73 's'
  {  3666,  11,  23,  12,    1,  -22 },  // 0x74 't'
  {  3698,  15,  19,  21,    3,  -18 },  // 0x75 'u'
  {  3734,  17,  19,  17,    0,  -18 },  // 0x76 'v'
  {  3775,  26,  19,  27,    1,  -18 },  // 0x77 'w'
  {  3837,  16,  19,  18,    1,  -18 },  // 0x78 'x'
  {  3875,  17,  27,  18,    0,  -18 },  // 0x79 'y'
  {  3933,  14,  19,  16,    1,  -18 },  // 0x7A 'z'
  {  3967,  11,  31,  13,    1,  -24 },  // 0x7B '{'
  {  4010,   3,  35,  19,    8,  -26 },  // 0x7C '|'
  {  4024,  11,  31,  13,    1,  -24 },  // 0x7D '}'
  {  4067,  16,   4,  20,    2,  -13 },  // 0x7E '~'
};

const GFXfont OpenSansRegular18pt7b PROGMEM = {
  (uint8_t *)OpenSansRegular18pt7bBitmaps,
  (GFXglyph *)OpenSansRegular18pt7bGlyphs,
  0x20, 0x7E, 49
};

const uint8_t OpenSansRegular24pt7bBitmaps[] PROGMEM = {
  0x7D, 0xE7, 0x9E, 0x79, 0xE7, 0x9E, 0x79, 0xE7, 0x9E, 0x79, 0xE3, 0x8E,
  0x38, 0xE3, 0x8E, 0x38, 0xE3, 0x8C, 0x00, 0x00, 0x00, 0x79, 0xFF, 0xFF,
  0x7D, 0xE0, 0xF0, 0x7F, 0x83, 0xFC, 0x1D, 0xE0, 0xEF, 0x07, 0x78, 0x39,
  0xC1, 0xCE, 0x0E, 0x70, 0x73, 0x83, 0x98, 0x1C, 0xC0, 0xE0, 0x00, 0x1C,
  0x07, 0x00, 0x03, 0xC0, 0x70, 0x00, 0x38, 0x0F, 0x00, 0x03, 0x80, 0xE0,
  0x00, 0x38, 0x0E, 0x00, 0x03, 0x80, 0xE0, 0x00, 0x38, 0x0E, 0x00, 0x07,
  0x00, 0xE0, 0x00, 0x70, 0x1C, 0x00, 0x07, 0x01, 0xC0, 0x3F, 0xFF, 0xFF,
  0xF3, 0xFF, 0xFF, 0xFF, 0x3F, 0xFF, 0xFF, 0xF0, 0x0E, 0x03, 0x80, 0x00,
  0xE0, 0x38, 0x00, 0x0E, 0x03, 0x80, 0x00, 0xE0, 0x38, 0x00, 0x1E, 0x03,
  0x80, 0x01, 0xC0, 0x70, 0x00, 0x1C, 0x07, 0x00, 0x01, 0xC0, 0x70, 0x0F,
  0xFF, 0xFF, 0xFE, 0xFF, 0xFF, 0xFF, 0xEF, 0xFF, 0xFF, 0xFE, 0x03, 0x80,
  0xE0, 0x00, 0x38, 0x0E, 0x00, 0x03, 0x80, 0xE0, 0x00, 0x38, 0x0E, 0x00,
  0x07, 0x01, 0xE0, 0x00, 0x70, 0x1C, 0x00, 0x07, 0x01, 0xC0, 0x00, 0x70,
  0x1C, 0x00, 0x07, 0x01, 0xC0, 0x00, 0xF0, 0x3C, 0x00, 0x00, 0x70, 0x00,
  0x03, 0x80, 0x00, 0x1C, 0x00, 0x00, 0xE0, 0x00, 0x3F, 0xF0, 0x0F, 0xFF,
  0xF0, 0xFF, 0xFF, 0xCF, 0xCE, 0x7C, 0x78, 0x70, 0x27, 0x83, 0x80, 0x3C,
  0x1C, 0x01, 0xE0, 0xE0, 0x0F, 0x07, 0x00, 0x78, 0x38, 0x03, 0xE1, 0xC0,
  0x0F, 0x8E, 0x00, 0x7F, 0xF0, 0x01, 0xFF, 0x80, 0x03, 0xFF, 0x80, 0x07,
  0xFF, 0x00, 0x07, 0xFE, 0x00, 0x3F, 0xF8, 0x01, 0xC7, 0xC0, 0x0E, 0x1F,
  0x00, 0x70, 0x78, 0x03, 0x83, 0xC0, 0x1C, 0x1E, 0x00, 0xE0, 0xF0, 0x07,
  0x0F, 0xE0, 0x38, 0xFB, 0xF9, 0xFF, 0x9F, 0xFF, 0xF8, 0xFF, 0xFF, 0x80,
  0x7F, 0xE0, 0x00, 0x1C, 0x00, 0x00, 0xE0, 0x00, 0x07, 0x00, 0x00, 0x38,
  0x00, 0x01, 0xC0, 0x00, 0x0F, 0xC0, 0x00, 0x70, 0x03, 0xFC, 0x00, 0x1E,
  0x00, 0xFF, 0xC0, 0x03, 0x80, 0x1C, 0x3C, 0x00, 0xF0, 0x07, 0x83, 0x80,
  0x1C, 0x00, 0xE0, 0x78, 0x07, 0x00, 0x1C, 0x07, 0x01, 0xE0, 0x07, 0x80,
  0xE0, 0x38, 0x00, 0xF0, 0x1C, 0x0F, 0x00, 0x1E, 0x03, 0x81, 0xC0, 0x03,
  0xC0, 0x70, 0x78, 0x00, 0x78, 0x0E, 0x0E, 0x00, 0x0F, 0x01, 0xC3, 0xC0,
  0x01, 0xE0, 0x38, 0x70, 0xF8, 0x1C, 0x07, 0x1C, 0x7F, 0xC3, 0x81, 0xE3,
  0x8F, 0xFC, 0x78, 0x38, 0xE3, 0xC3, 0x87, 0x0F, 0x3C, 0x70, 0x78, 0xFF,
  0xC7, 0x1C, 0x07, 0x0F, 0xF1, 0xE3, 0x80, 0xE0, 0x7C, 0x38, 0x70, 0x1C,
  0x00, 0x0F, 0x0E, 0x03, 0x80, 0x01, 0xC1, 0xC0, 0x70, 0x00, 0x78, 0x38,
  0x0F, 0x00, 0x0E, 0x07, 0x01, 0xC0, 0x03, 0x80, 0xE0, 0x38, 0x00, 0x70,
  0x1C, 0x07, 0x00, 0x1C, 0x03, 0x80, 0xE0, 0x07, 0x80, 0x70, 0x1C, 0x00,
  0xE0, 0x07, 0x07, 0x80, 0x3C, 0x00, 0xF0, 0xE0, 0x07, 0x00, 0x0F, 0xFC,
  0x01, 0xE0, 0x01, 0xFF, 0x00, 0x38, 0x00, 0x0F, 0x80, 0x00, 0xFE, 0x00,
  0x00, 0x07, 0xFF, 0x00, 0x00, 0x3F, 0xFF, 0x00, 0x00, 0x7C, 0x3E, 0x00,
  0x01, 0xE0, 0x1E, 0x00, 0x03, 0xC0, 0x3C, 0x00, 0x07, 0x80, 0x78, 0x00,
  0x0E, 0x00, 0x70, 0x00, 0x1E, 0x01, 0xE0, 0x00, 0x3C, 0x03, 0xC0, 0x00,
  0x7C, 0x0F, 0x00, 0x00, 0x78, 0x3E, 0x00, 0x00, 0x78, 0xF8, 0x00, 0x00,
  0x7F, 0xE0, 0x00, 0x00, 0xFF, 0x00, 0x00, 0x01, 0xFC, 0x00, 0x00, 0x07,
  0xF8, 0x00, 0x00, 0x3F, 0xF8, 0x00, 0xF0, 0xF8, 0xF8, 0x01, 0xE3, 0xE0,
  0xFC, 0x07, 0x87, 0x80, 0xFC, 0x0F, 0x1E, 0x00, 0xFC, 0x1E, 0x3C, 0x00,
  0xFC, 0x78, 0x78, 0x00, 0xFC, 0xF0, 0xF0, 0x00, 0x7F, 0xC1, 0xE0, 0x00,
  0x7F, 0x03, 0xC0, 0x00, 0x7E, 0x07, 0x80, 0x00, 0xFC, 0x0F, 0x80, 0x07,
  0xFC, 0x0F, 0x80, 0x1F, 0xFC, 0x1F, 0xE3, 0xFC, 0x7C, 0x1F, 0xFF, 0xF0,
  0x7C, 0x0F, 0xFF, 0x80, 0xFC, 0x07, 0xFC, 0x00, 0xFC, 0xFF, 0xFF, 0xFF,
  0x77, 0x77, 0x66, 0x03, 0xC0, 0xE0, 0x78, 0x3C, 0x0F, 0x07, 0x81, 0xE0,
  0xF0, 0x3C, 0x0E, 0x07, 0x81, 0xE0, 0x78, 0x1C, 0x0F, 0x03, 0xC0, 0xF0,
  0x3C, 0x0F, 0x03, 0xC0, 0xF0, 0x3C, 0x0F, 0x03, 0xC0, 0xF0, 0x3C, 0x0F,
  0x03, 0xC0, 0x78, 0x1E, 0x07, 0x81, 0xE0, 0x3C, 0x0F, 0x01, 0xE0, 0x78,
  0x0F, 0x03, 0xC0, 0x78, 0x0E, 0x03, 0xC0, 0xE0, 0x3C, 0x07, 0x80, 0xF0,
  0x3C, 0x07, 0x81, 0xE0, 0x3C, 0x0F, 0x03, 0xC0, 0x78, 0x1E, 0x07, 0x81,
  0xE0, 0x3C, 0x0F, 0x03, 0xC0, 0xF0, 0x3C, 0x0F, 0x03, 0xC0, 0xF0, 0x3C,
  0x0F, 0x03, 0xC0, 0xF0, 0x3C, 0x1E, 0x07, 0x81, 0xE0, 0x78, 0x3C, 0x0F,
  0x03, 0xC1, 0xE0, 0x78, 0x3C, 0x0F, 0x07, 0x81, 0xC0, 0xE0, 0x00, 0x00,
  0x78, 0x00, 0x01, 0xE0, 0x00, 0x07, 0x80, 0x00, 0x1E, 0x00, 0x00, 0x78,
  0x00, 0x01, 0xC0, 0x00, 0x07, 0x00, 0x1C, 0x1C, 0x0E, 0xFE, 0x33, 0xFB,
  0xFF, 0xFF, 0xFF, 0xFF, 0xFF, 0xC0, 0x1E, 0x00, 0x00, 0xFC, 0x00, 0x07,
  0x78, 0x00, 0x3C, 0xE0, 0x00, 0xF3, 0xC0, 0x07, 0x87, 0x80, 0x3E, 0x1F,
  0x01, 0xF0, 0x3C, 0x03, 0xC0, 0xF0, 0x02, 0x01, 0x00, 0x00, 0x38, 0x00,
  0x00, 0xE0, 0x00, 0x03, 0x80, 0x00, 0x0E, 0x00, 0x00, 0x38, 0x00, 0x00,
  0xE0, 0x00, 0x03, 0x80, 0x00, 0x0E, 0x00, 0x00, 0x38, 0x00, 0x00, 0xE0,
  0x0F, 0xFF, 0xFF, 0xFF, 0xFF, 0xFF, 0xFF, 0xFF, 0xFC, 0x00, 0xE0, 0x00,
  0x03, 0x80, 0x00, 0x0E, 0x00, 0x00, 0x38, 0x00, 0x00, 0xE0, 0x00, 0x03,
  0x80, 0x00, 0x0E, 0x00, 0x00, 0x38, 0x00, 0x00, 0xE0, 0x00, 0x03, 0x80,
  0x00, 0x3E, 0x78, 0xF1, 0xE3, 0xCF, 0x1E, 0x3C, 0x71, 0xE3, 0x87, 0x00,
  0xFF, 0xFF, 0xFF, 0xFF, 0x80, 0x79, 0xFF, 0xFF, 0x7D, 0xE0, 0x00, 0x0F,
  0x00, 0x1E, 0x00, 0x1E, 0x00, 0x1C, 0x00, 0x3C, 0x00, 0x3C, 0x00, 0x38,
  0x00, 0x78, 0x00, 0x78, 0x00, 0xF0, 0x00, 0xF0, 0x00, 0xF0, 0x01, 0xE0,
  0x01, 0xE0, 0x01, 0xC0, 0x03, 0xC0, 0x03, 0xC0, 0x03, 0x80, 0x07, 0x80,
  0x07, 0x80, 0x0F, 0x00, 0x0F, 0x00, 0x0E, 0x00, 0x1E, 0x00, 0x1E, 0x00,
  0x1C, 0x00, 0x3C, 0x00, 0x3C, 0x00, 0x78, 0x00, 0x78, 0x00, 0x78, 0x00,
  0xF0, 0x00, 0xF0, 0x00, 0xE0, 0x00, 0x00, 0xFE, 0x00, 0x0F, 0xFE, 0x00,
  0xFF, 0xFC, 0x03, 0xF1, 0xF8, 0x1F, 0x01, 0xF0, 0xF8, 0x03, 0xC3, 0xC0,
  0x07, 0x8F, 0x00, 0x1E, 0x78, 0x00, 0x39, 0xE0, 0x00, 0xF7, 0x80, 0x03,
  0xDE, 0x00, 0x0F, 0x70, 0x00, 0x3F, 0xC0, 0x00, 0xFF, 0x00, 0x01, 0xFC,
  0x00, 0x07, 0xF0, 0x00, 0x1F, 0xC0, 0x00, 0x7F, 0x00, 0x01, 0xFC, 0x00,
  0x07, 0xF0, 0x00, 0x3D, 0xC0, 0x00, 0xF7, 0x80, 0x03, 0xDE, 0x00, 0x0F,
  0x78, 0x00, 0x3D, 0xE0, 0x00, 0xF3, 0x80, 0x07, 0x8F, 0x00, 0x1E, 0x3E,
  0x00, 0xF0, 0x7C, 0x07, 0xC0, 0xFC, 0x7E, 0x01, 0xFF, 0xF0, 0x03, 0xFF,
  0x80, 0x03, 0xF8, 0x00, 0x00, 0x78, 0x0F, 0xC0, 0xFE, 0x0F, 0xF0, 0xF7,
  0x8F, 0x3D, 0xF1, 0xFF, 0x0F, 0x70, 0x79, 0x03, 0xC0, 0x1E, 0x00, 0xF0,
  0x07, 0x80, 0x3C, 0x01, 0xE0, 0x0F, 0x00, 0x78, 0x03, 0xC0, 0x1E, 0x00,
  0xF0, 0x07, 0x80, 0x3C, 0x01, 0xE0, 0x0F, 0x00, 0x78, 0x03, 0xC0, 0x1E,
  0x00, 0xF0, 0x07, 0x80, 0x3C, 0x01, 0xE0, 0x0F, 0x00, 0x78, 0x03, 0xC0,
  0x01, 0xFE, 0x00, 0x3F, 0xFE, 0x01, 0xFF, 0xFC, 0x1F, 0xE1, 0xF8, 0x7C,
  0x01, 0xF0, 0xC0, 0x03, 0xC0, 0x00, 0x07, 0x80, 0x00, 0x1E, 0x00, 0x00,
  0x78, 0x00, 0x01, 0xE0, 0x00, 0x07, 0x80, 0x00, 0x1E, 0x00, 0x00, 0xF0,
  0x00, 0x03, 0xC0, 0x00, 0x1F, 0x00, 0x00, 0x78, 0x00, 0x03, 0xC0, 0x00,
  0x1F, 0x00, 0x00, 0xF8, 0x00, 0x07, 0xC0, 0x00, 0x3E, 0x00, 0x00, 0xF0,
  0x00, 0x07, 0x80, 0x00, 0x3C, 0x00, 0x01, 0xE0, 0x00, 0x0F, 0x00, 0x00,
  0x78, 0x00, 0x03, 0xC0, 0x00, 0x1E, 0x00, 0x00, 0xF0, 0x00, 0x07, 0x80,
  0x00, 0x3F, 0xFF, 0xFF, 0xFF, 0xFF, 0xFF, 0xFF, 0xFF, 0xF0, 0x01, 0xFE,
  0x00, 0x3F, 0xFE, 0x03, 0xFF, 0xFE, 0x3F, 0xC1, 0xFC, 0x78, 0x01, 0xF0,
  0x80, 0x03, 0xE0, 0x00, 0x07, 0x80, 0x00, 0x1E, 0x00, 0x00, 0x78, 0x00,
  0x01, 0xE0, 0x00, 0x07, 0x80, 0x00, 0x3C, 0x00, 0x00, 0xF0, 0x00, 0x0F,
  0x80, 0x01, 0xFC, 0x01, 0xFF, 0xC0, 0x07, 0xFF, 0x00, 0x1F, 0xFF, 0x00,
  0x00, 0x7F, 0x00, 0x00, 0x3E, 0x00, 0x00, 0x78, 0x00, 0x01, 0xF0, 0x00,
  0x03, 0xC0, 0x00, 0x0F, 0x00, 0x00, 0x3C, 0x00, 0x00, 0xF0, 0x00, 0x03,
  0xC0, 0x00, 0x1F, 0x00, 0x00, 0x7B, 0x00, 0x07, 0xEF, 0xC0, 0x7F, 0x3F,
  0xFF, 0xF8, 0x7F, 0xFF, 0x80, 0x3F, 0xF0, 0x00, 0x00, 0x00, 0xF0, 0x00,
  0x00, 0xF8, 0x00, 0x00, 0xFC, 0x00, 0x00, 0x7E, 0x00, 0x00, 0x7F, 0x00,
  0x00, 0x7F, 0x80, 0x00, 0x7B, 0xC0, 0x00, 0x39, 0xE0, 0x00, 0x3C, 0xF0,
  0x00, 0x3C, 0x78, 0x00, 0x1C, 0x3C, 0x00, 0x1E, 0x1E, 0x00, 0x1E, 0x0F,
  0x00, 0x0E, 0x07, 0x80, 0x0E, 0x03, 0xC0, 0x0F, 0x01, 0xE0, 0x0F, 0x00,
  0xF0, 0x07, 0x00, 0x78, 0x07, 0x80, 0x3C, 0x07, 0x80, 0x1E, 0x03, 0x80,
  0x0F, 0x03, 0xC0, 0x07, 0x83, 0xC0, 0x03, 0xC1, 0xFF, 0xFF, 0xFF, 0xFF,
  0xFF, 0xFF, 0xFF, 0xFF, 0xFF, 0xC0, 0x00, 0x3C, 0x00, 0x00, 0x1E, 0x00,
  0x00, 0x0F, 0x00, 0x00, 0x07, 0x80, 0x00, 0x03, 0xC0, 0x00, 0x01, 0xE0,
  0x00, 0x00, 0xF0, 0x00, 0x00, 0x78, 0x00, 0x3F, 0xFF, 0xE1, 0xFF, 0xFF,
  0x0F, 0xFF, 0xF8, 0x70, 0x00, 0x03, 0x80, 0x00, 0x1C, 0x00, 0x00, 0xE0,
  0x00, 0x07, 0x00, 0x00, 0x78, 0x00, 0x03, 0xC0, 0x00, 0x1E, 0x00, 0x00,
  0xF0, 0x00, 0x07, 0x80, 0x00, 0x3F, 0xFE, 0x01, 0xFF, 0xFE, 0x0F, 0xFF,
  0xF8, 0x38, 0x0F, 0xE0, 0x00, 0x1F, 0x80, 0x00, 0x3C, 0x00, 0x01, 0xF0,
  0x00, 0x07, 0x80, 0x00, 0x3C, 0x00, 0x01, 0xE0, 0x00, 0x0F, 0x00, 0x00,
  0x78, 0x00, 0x03, 0xC0, 0x00, 0x1E, 0x00, 0x01, 0xE0, 0x00, 0x1F, 0x60,
  0x01, 0xF3, 0xF0, 0x7F, 0x1F, 0xFF, 0xF0, 0x7F, 0xFF, 0x00, 0x7F, 0xC0,
  0x00, 0x00, 0x3F, 0xE0, 0x03, 0xFF, 0x80, 0x3F, 0xFE, 0x01, 0xF8, 0x08,
  0x0F, 0x80, 0x00, 0x7C, 0x00, 0x03, 0xE0, 0x00, 0x0F, 0x00, 0x00, 0x78,
  0x00, 0x01, 0xE0, 0x00, 0x07, 0x80, 0x00, 0x3C, 0x00, 0x00, 0xF0, 0x00,
  0x03, 0xC3, 0xF8, 0x0F, 0x3F, 0xFC, 0x3D, 0xFF, 0xF8, 0xEF, 0x03, 0xF3,
  0xF0, 0x03, 0xCF, 0x80, 0x07, 0xBC, 0x00, 0x1E, 0xF0, 0x00, 0x3B, 0xC0,
  0x00, 0xFF, 0x00, 0x03, 0xFC, 0x00, 0x0F, 0xF0, 0x00, 0x3F, 0xC0, 0x00,
  0xE7, 0x80, 0x07, 0x9E, 0x00, 0x1E, 0x3C, 0x00, 0xF0, 0xF8, 0x07, 0xC1,
  0xF8, 0x7E, 0x03, 0xFF, 0xF0, 0x07, 0xFF, 0x80, 0x03, 0xF8, 0x00, 0xFF,
  0xFF, 0xFF, 0xFF, 0xFF, 0xFF, 0xFF, 0xFF, 0xF8, 0x00, 0x01, 0xE0, 0x00,
  0x03, 0xC0, 0x00, 0x0F, 0x00, 0x00, 0x1E, 0x00, 0x00, 0x3C, 0x00, 0x00,
  0xF0, 0x00, 0x01, 0xE0, 0x00, 0x07, 0x80, 0x00, 0x0F, 0x00, 0x00, 0x3C,
  0x00, 0x00, 0x78, 0x00, 0x01, 0xE0, 0x00, 0x03, 0xC0, 0x00, 0x07, 0x80,
  0x00, 0x1E, 0x00, 0x00, 0x3C, 0x00, 0x00, 0xF0, 0x00, 0x01, 0xE0, 0x00,
  0x07, 0x80, 0x00, 0x0F, 0x00, 0x00, 0x3C, 0x00, 0x00, 0x78, 0x00, 0x01,
  0xF0, 0x00, 0x03, 0xC0, 0x00, 0x07, 0x80, 0x00, 0x1E, 0x00, 0x00, 0x3C,
  0x00, 0x00, 0xF0, 0x00, 0x01, 0xE0, 0x00, 0x07, 0xC0, 0x00, 0x0F, 0x00,
  0x00, 0x00, 0xFE, 0x00, 0x1F, 0xFF, 0x00, 0xFF, 0xFE, 0x07, 0xE0, 0xFC,
  0x3E, 0x00, 0xF8, 0xF0, 0x01, 0xE3, 0x80, 0x07, 0x9E, 0x00, 0x0E, 0x78,
  0x00, 0x38, 0xE0, 0x01, 0xE3, 0xC0, 0x07, 0x8F, 0x00, 0x3C, 0x1F, 0x01,
  0xF0, 0x3E, 0x0F, 0x80, 0x7E, 0xF8, 0x00, 0xFF, 0xC0, 0x01, 0xFF, 0x00,
  0x1F, 0xFF, 0x00, 0xF8, 0x7E, 0x07, 0x80, 0x7C, 0x3C, 0x00, 0xF9, 0xE0,
  0x01, 0xF7, 0x80, 0x03, 0xFC, 0x00, 0x0F, 0xF0, 0x00, 0x1F, 0xC0, 0x00,
  0x7F, 0x00, 0x01, 0xDE, 0x00, 0x0F, 0x78, 0x00, 0x3D, 0xF0, 0x01, 0xE3,
  0xF0, 0x1F, 0x87, 0xFF, 0xFC, 0x0F, 0xFF, 0xC0, 0x07, 0xFC, 0x00, 0x01,
  0xFC, 0x00, 0x1F, 0xFE, 0x00, 0xFF, 0xFC, 0x07, 0xE1, 0xF8, 0x3E, 0x01,
  0xF0, 0xF0, 0x03, 0xC7, 0x80, 0x07, 0x9E, 0x00, 0x1E, 0x70, 0x00, 0x3F,
  0xC0, 0x00, 0xFF, 0x00, 0x03, 0xFC, 0x00, 0x0F, 0xF0, 0x00, 0x3D, 0xC0,
  0x00, 0xF7, 0x80, 0x03, 0xDE, 0x00, 0x1F, 0x3C, 0x00, 0xFC, 0xFC, 0x0F,
  0xF1, 0xFF, 0xFB, 0xC3, 0xFF, 0xCF, 0x03, 0xFC, 0x3C, 0x00, 0x00, 0xF0,
  0x00, 0x03, 0x80, 0x00, 0x1E, 0x00, 0x00, 0x78, 0x00, 0x01, 0xE0, 0x00,
  0x0F, 0x00, 0x00, 0x7C, 0x00, 0x03, 0xE0, 0x00, 0x1F, 0x01, 0x03, 0xF8,
  0x07, 0xFF, 0xC0, 0x1F, 0xFC, 0x00, 0x7F, 0xC0, 0x00, 0x79, 0xFF, 0xFF,
  0x7D, 0xE0, 0x00, 0x00, 0x00, 0x00, 0x00, 0x00, 0x00, 0x00, 0x00, 0x1E,
  0x7F, 0xFF, 0xDF, 0x78, 0x3C, 0x7D, 0xFB, 0xF3, 0xE7, 0x80, 0x00, 0x00,
  0x00, 0x00, 0x00, 0x00, 0x00, 0x00, 0x00, 0x00, 0x00, 0x03, 0xC7, 0x8F,
  0x3C, 0x78, 0xF1, 0xC3, 0x8F, 0x1C, 0x38, 0x70, 0x00, 0x00, 0x04, 0x00,
  0x00, 0x70, 0x00, 0x07, 0xC0, 0x00, 0x7F, 0x00, 0x07, 0xF0, 0x00, 0x7F,
  0x00, 0x07, 0xF0, 0x00, 0x7F, 0x00, 0x07, 0xF0, 0x00, 0x7F, 0x00, 0x07,
  0xF0, 0x00, 0x3E, 0x00, 0x00, 0xFC, 0x00, 0x01, 0xFC, 0x00, 0x01, 0xFE,
  0x00, 0x00, 0xFE, 0x00, 0x00, 0xFE, 0x00, 0x00, 0xFF, 0x00, 0x00, 0xFF,
  0x00, 0x00, 0x7F, 0x00, 0x00, 0x7C, 0x00, 0x00, 0x70, 0x00, 0x00, 0x40,
  0xFF, 0xFF, 0xFF, 0xFF, 0xFF, 0xFF, 0xFF, 0xFE, 0x00, 0x00, 0x00, 0x00,
  0x00, 0x00, 0x00, 0x00, 0x00, 0x00, 0x00, 0x00, 0x00, 0x00, 0x00, 0x07,
  0xFF, 0xFF, 0xFF, 0xFF, 0xFF, 0xFF, 0xFF, 0xF0, 0x80, 0x00, 0x03, 0x80,
  0x00, 0x0F, 0x80, 0x00, 0x1F, 0x80, 0x00, 0x1F, 0x80, 0x00, 0x1F, 0x80,
  0x00, 0x1F, 0x80, 0x00, 0x1F, 0x80, 0x00, 0x1F, 0x80, 0x00, 0x1F, 0x80,
  0x00, 0x1F, 0x80, 0x00, 0x1F, 0x00, 0x00, 0x7C, 0x00, 0x07, 0xF0, 0x00,
  0xFE, 0x00, 0x0F, 0xE0, 0x00, 0xFE, 0x00, 0x1F, 0xE0, 0x01, 0xFC, 0x00,
  0x1F, 0xC0, 0x00, 0xFC, 0x00, 0x03, 0xC0, 0x00, 0x08, 0x00, 0x00, 0x00,
  0x0F, 0xF8, 0x1F, 0xFF, 0x8F, 0xFF, 0xF3, 0xF0, 0xFE, 0x60, 0x07, 0x80,
  0x00, 0xF0, 0x00, 0x3C, 0x00, 0x0F, 0x00, 0x03, 0xC0, 0x00, 0xF0, 0x00,
  0x3C, 0x00, 0x1E, 0x00, 0x0F, 0x80, 0x07, 0xC0, 0x03, 0xE0, 0x01, 0xF0,
  0x00, 0xF8, 0x00, 0x78, 0x00, 0x3E, 0x00, 0x0F, 0x00, 0x03, 0x80, 0x00,
  0xE0, 0x00, 0x38, 0x00, 0x0E, 0x00, 0x00, 0x00, 0x00, 0x00, 0x00, 0x00,
  0x00, 0x00, 0x00, 0x03, 0x80, 0x01, 0xF0, 0x00, 0x7C, 0x00, 0x1F, 0x00,
  0x07, 0xC0, 0x00, 0xE0, 0x00, 0x00, 0x01, 0xFF, 0x00, 0x00, 0x01, 0xFF,
  0xFE, 0x00, 0x00, 0x7F, 0xFF, 0xF8, 0x00, 0x0F, 0xC0, 0x0F, 0xC0, 0x03,
  0xF0, 0x00, 0x1F, 0x00, 0x7C, 0x00, 0x00, 0xF8, 0x0F, 0x80, 0x00, 0x07,
  0x80, 0xE0, 0x00, 0x00, 0x3C, 0x1E, 0x00, 0x00, 0x01, 0xE3, 0xC0, 0x0F,
  0xF0, 0x0E, 0x38, 0x03, 0xFF, 0xC0, 0xE7, 0x80, 0xFF, 0xFC, 0x0F, 0x70,
  0x1F, 0x01, 0xC0, 0x77, 0x01, 0xE0, 0x1C, 0x07, 0xF0, 0x3C, 0x01, 0xC0,
  0x7E, 0x03, 0x80, 0x1C, 0x07, 0xE0, 0x38, 0x01, 0xC0, 0x7E, 0x07, 0x80,
  0x1C, 0x07, 0xE0, 0x78, 0x03, 0xC0, 0x7E, 0x07, 0x80, 0x3C, 0x07, 0xE0,
  0x78, 0x03, 0xC0, 0x7E, 0x07, 0x80, 0x3C, 0x07, 0xE0, 0x78, 0x03, 0xC0,
  0x7E, 0x03, 0x80, 0x7C, 0x0E, 0xE0, 0x3C, 0x07, 0xC0, 0xEE, 0x03, 0xC0,
  0xEE, 0x1C, 0xF0, 0x1F, 0xFC, 0xFF, 0xC7, 0x00, 0xFF, 0x87, 0xF8, 0x78,
  0x03, 0xE0, 0x3E, 0x03, 0x80, 0x00, 0x00, 0x00, 0x3C, 0x00, 0x00, 0x00,
  0x01, 0xE0, 0x00, 0x00, 0x00, 0x0F, 0x00, 0x00, 0x00, 0x00, 0xFC, 0x00,
  0x02, 0x00, 0x03, 0xF0, 0x01, 0xE0, 0x00, 0x1F, 0xFF, 0xFE, 0x00, 0x00,
  0x7F, 0xFF, 0xC0, 0x00, 0x00, 0xFF, 0xE0, 0x00, 0x00, 0x07, 0x80, 0x00,
  0x00, 0x3C, 0x00, 0x00, 0x03, 0xF0, 0x00, 0x00, 0x1F, 0x80, 0x00, 0x01,
  0xFC, 0x00, 0x00, 0x0E, 0xF0, 0x00, 0x00, 0x73, 0x80, 0x00, 0x07, 0x9E,
  0x00, 0x00, 0x3C, 0xF0, 0x00, 0x03, 0xC3, 0x80, 0x00, 0x1E, 0x1E, 0x00,
  0x00, 0xE0, 0xF0, 0x00, 0x0F, 0x03, 0x80, 0x00, 0x78, 0x1E, 0x00, 0x03,
  0x80, 0xF0, 0x00, 0x3C, 0x03, 0xC0, 0x01, 0xE0, 0x1E, 0x00, 0x1E, 0x00,
  0x70, 0x00, 0xF0, 0x03, 0xC0, 0x07, 0x00, 0x1E, 0x00, 0x7F, 0xFF, 0xF8,
  0x03, 0xFF, 0xFF, 0xC0, 0x3F, 0xFF, 0xFE, 0x01, 0xE0, 0x00, 0x78, 0x0F,
  0x00, 0x03, 0xC0, 0xF0, 0x00, 0x1E, 0x07, 0x80, 0x00, 0x78, 0x78, 0x00,
  0x03, 0xC3, 0xC0, 0x00, 0x0F, 0x1E, 0x00, 0x00, 0x79, 0xE0, 0x00, 0x03,
  0xCF, 0x00, 0x00, 0x0F, 0x78, 0x00, 0x00, 0x7F, 0x80, 0x00, 0x03, 0xC0,
  0xFF, 0xFE, 0x01, 0xFF, 0xFF, 0x83, 0xFF, 0xFF, 0x87, 0x00, 0x7F, 0x8E,
  0x00, 0x1F, 0x9C, 0x00, 0x0F, 0x38, 0x00, 0x1F, 0x70, 0x00, 0x1E, 0xE0,
  0x00, 0x3D, 0xC0, 0x00, 0x7B, 0x80, 0x01, 0xE7, 0x00, 0x03, 0xCE, 0x00,
  0x07, 0x9C, 0x00, 0x1E, 0x38, 0x01, 0xF8, 0x7F, 0xFF, 0xC0, 0xFF, 0xFF,
  0x01, 0xFF, 0xFF, 0xC3, 0x80, 0x0F, 0xE7, 0x00, 0x03, 0xCE, 0x00, 0x03,
  0xDC, 0x00, 0x07, 0xB8, 0x00, 0x0F, 0xF0, 0x00, 0x0F, 0xE0, 0x00, 0x1F,
  0xC0, 0x00, 0x3F, 0x80, 0x00, 0xFF, 0x00, 0x01, 0xEE, 0x00, 0x07, 0xDC,
  0x00, 0x1F, 0x38, 0x01, 0xFE, 0x7F, 0xFF, 0xF8, 0xFF, 0xFF, 0xC1, 0xFF,
  0xFC, 0x00, 0x00, 0x1F, 0xF8, 0x00, 0x7F, 0xFF, 0x80, 0x7F, 0xFF, 0xE0,
  0xFF, 0x8F, 0xE0, 0xFE, 0x00, 0x30, 0xFC, 0x00, 0x00, 0x7C, 0x00, 0x00,
  0x7C, 0x00, 0x00, 0x3C, 0x00, 0x00, 0x3E, 0x00, 0x00, 0x1E, 0x00, 0x00,
  0x0F, 0x00, 0x00, 0x0F, 0x00, 0x00, 0x07, 0x80, 0x00, 0x03, 0xC0, 0x00,
  0x01, 0xE0, 0x00, 0x00, 0xF0, 0x00, 0x00, 0x78, 0x00, 0x00, 0x3C, 0x00,
  0x00, 0x1E, 0x00, 0x00, 0x0F, 0x00, 0x00, 0x07, 0x80, 0x00, 0x03, 0xE0,
  0x00, 0x00, 0xF0, 0x00, 0x00, 0x78, 0x00, 0x00, 0x3E, 0x00, 0x00, 0x0F,
  0x80, 0x00, 0x07, 0xC0, 0x00, 0x01, 0xF8, 0x00, 0x00, 0x7E, 0x00, 0x08,
  0x1F, 0xF0, 0xFC, 0x07, 0xFF, 0xFE, 0x00, 0xFF, 0xFF, 0x00, 0x0F, 0xFC,
  0x00, 0xFF, 0xFE, 0x00, 0x3F, 0xFF, 0xF0, 0x0F, 0xFF, 0xFF, 0x03, 0x80,
  0x3F, 0xE0, 0xE0, 0x00, 0xFC, 0x38, 0x00, 0x1F, 0x8E, 0x00, 0x01, 0xF3,
  0x80, 0x00, 0x7C, 0xE0, 0x00, 0x0F, 0xB8, 0x00, 0x01, 0xEE, 0x00, 0x00,
  0x7B, 0x80, 0x00, 0x1F, 0xE0, 0x00, 0x03, 0xF8, 0x00, 0x00, 0xFE, 0x00,
  0x00, 0x3F, 0x80, 0x00, 0x0F, 0xE0, 0x00, 0x03, 0xF8, 0x00, 0x00, 0xFE,
  0x00, 0x00, 0x3F, 0x80, 0x00, 0x0F, 0xE0, 0x00, 0x03, 0xF8, 0x00, 0x00,
  0xFE, 0x00, 0x00, 0x7F, 0x80, 0x00, 0x1E, 0xE0, 0x00, 0x07, 0xB8, 0x00,
  0x03, 0xEE, 0x00, 0x01, 0xF3, 0x80, 0x00, 0xF8, 0xE0, 0x00, 0x7E, 0x38,
  0x00, 0x7F, 0x0E, 0x01, 0xFF, 0x83, 0xFF, 0xFF, 0x80, 0xFF, 0xFF, 0x80,
  0x3F, 0xFF, 0x00, 0x00, 0xFF, 0xFF, 0xFF, 0xFF, 0xFF, 0xFF, 0xFF, 0x80,
  0x00, 0xE0, 0x00, 0x38, 0x00, 0x0E, 0x00, 0x03, 0x80, 0x00, 0xE0, 0x00,
  0x38, 0x00, 0x0E, 0x00, 0x03, 0x80, 0x00, 0xE0, 0x00, 0x38, 0x00, 0x0E,
  0x00, 0x03, 0xFF, 0xFE, 0xFF, 0xFF, 0xBF, 0xFF, 0xEE, 0x00, 0x03, 0x80,
  0x00, 0xE0, 0x00, 0x38, 0x00, 0x0E, 0x00, 0x03, 0x80, 0x00, 0xE0, 0x00,
  0x38, 0x00, 0x0E, 0x00, 0x03, 0x80, 0x00, 0xE0, 0x00, 0x38, 0x00, 0x0E,
  0x00, 0x03, 0xFF, 0xFF, 0xFF, 0xFF, 0xFF, 0xFF, 0xF0, 0xFF, 0xFF, 0xFF,
  0xFF, 0xFF, 0xFF, 0xFF, 0x80, 0x00, 0xE0, 0x00, 0x38, 0x00, 0x0E, 0x00,
  0x03, 0x80, 0x00, 0xE0, 0x00, 0x38, 0x00, 0x0E, 0x00, 0x03, 0x80, 0x00,
  0xE0, 0x00, 0x38, 0x00, 0x0E, 0x00, 0x03, 0x80, 0x00, 0xFF, 0xFF, 0xBF,
  0xFF, 0xEF, 0xFF, 0xFB, 0x80, 0x00, 0xE0, 0x00, 0x38, 0x00, 0x0E, 0x00,
  0x03, 0x80, 0x00, 0xE0, 0x00, 0x38, 0x00, 0x0E, 0x00, 0x03, 0x80, 0x00,
  0xE0, 0x00, 0x38, 0x00, 0x0E, 0x00, 0x03, 0x80, 0x00, 0xE0, 0x00, 0x38,
  0x00, 0x00, 0x00, 0x0F, 0xFC, 0x00, 0x07, 0xFF, 0xFC, 0x01, 0xFF, 0xFF,
  0xE0, 0x3F, 0xF3, 0xFE, 0x07, 0xE0, 0x01, 0xC0, 0xF8, 0x00, 0x00, 0x1F,
  0x00, 0x00, 0x03, 0xE0, 0x00, 0x00, 0x3C, 0x00, 0x00, 0x07, 0xC0, 0x00,
  0x00, 0x78, 0x00, 0x00, 0x07, 0x80, 0x00, 0x00, 0xF8, 0x00, 0x00, 0x0F,
  0x00, 0x00, 0x00, 0xF0, 0x00, 0x00, 0x0F, 0x00, 0x00, 0x00, 0xF0, 0x00,
  0xFF, 0xFF, 0x00, 0x0F, 0xFF, 0xF0, 0x00, 0xFF, 0xFF, 0x00, 0x00, 0x0F,
  0xF0, 0x00, 0x00, 0xFF, 0x00, 0x00, 0x0F, 0xF8, 0x00, 0x00, 0xF7, 0x80,
  0x00, 0x0F, 0x78, 0x00, 0x00, 0xF7, 0xC0, 0x00, 0x0F, 0x3E, 0x00, 0x00,
  0xF3, 0xF0, 0x00, 0x0F, 0x1F, 0x80, 0x00, 0xF0, 0xFE, 0x00, 0x0F, 0x07,
  0xFE, 0x0F, 0xF0, 0x3F, 0xFF, 0xFF, 0x00, 0xFF, 0xFF, 0xE0, 0x01, 0xFF,
  0xE0, 0xE0, 0x00, 0x07, 0xF0, 0x00, 0x03, 0xF8, 0x00, 0x01, 0xFC, 0x00,
  0x00, 0xFE, 0x00, 0x00, 0x7F, 0x00, 0x00, 0x3F, 0x80, 0x00, 0x1F, 0xC0,
  0x00, 0x0F, 0xE0, 0x00, 0x07, 0xF0, 0x00, 0x03, 0xF8, 0x00, 0x01, 0xFC,
  0x00, 0x00, 0xFE, 0x00, 0x00, 0x7F, 0x00, 0x00, 0x3F, 0x80, 0x00, 0x1F,
  0xFF, 0xFF, 0xFF, 0xFF, 0xFF, 0xFF, 0xFF, 0xFF, 0xFF, 0xF8, 0x00, 0x01,
  0xFC, 0x00, 0x00, 0xFE, 0x00, 0x00, 0x7F, 0x00, 0x00, 0x3F, 0x80, 0x00,
  0x1F, 0xC0, 0x00, 0x0F, 0xE0, 0x00, 0x07, 0xF0, 0x00, 0x03, 0xF8, 0x00,
  0x01, 0xFC, 0x00, 0x00, 0xFE, 0x00, 0x00, 0x7F, 0x00, 0x00, 0x3F, 0x80,
  0x00, 0x1F, 0xC0, 0x00, 0x0F, 0xE0, 0x00, 0x07, 0xF0, 0x00, 0x03, 0xC0,
  0xFF, 0xFF, 0xFF, 0xFF, 0xFF, 0xFF, 0xFF, 0xFF, 0xFF, 0xFF, 0xFF, 0xFF,
  0xFC, 0x00, 0xF0, 0x0F, 0x00, 0xF0, 0x0F, 0x00, 0xF0, 0x0F, 0x00, 0xF0,
  0x0F, 0x00, 0xF0, 0x0F, 0x00, 0xF0, 0x0F, 0x00, 0xF0, 0x0F, 0x00, 0xF0,
  0x0F, 0x00, 0xF0, 0x0F, 0x00, 0xF0, 0x0F, 0x00, 0xF0, 0x0F, 0x00, 0xF0,
  0x0F, 0x00, 0xF0, 0x0F, 0x00, 0xF0, 0x0F, 0x00, 0xF0, 0x0F, 0x00, 0xF0,
  0x0F, 0x00, 0xF0, 0x0F, 0x00, 0xF0, 0x0F, 0x00, 0xF0, 0x0F, 0x01, 0xEC,
  0xFE, 0xFF, 0xCF, 0xF8, 0xFE, 0x00, 0xE0, 0x00, 0x3F, 0xC0, 0x00, 0xFB,
  0x80, 0x03, 0xE7, 0x00, 0x07, 0x8E, 0x00, 0x1E, 0x1C, 0x00, 0x78, 0x38,
  0x01, 0xE0, 0x70, 0x07, 0xC0, 0xE0, 0x1F, 0x01, 0xC0, 0x7C, 0x03, 0x81,
  0xF0, 0x07, 0x07, 0xC0, 0x0E, 0x1F, 0x00, 0x1C, 0x3C, 0x00, 0x38, 0xF0,
  0x00, 0x73, 0xE0, 0x00, 0xEF, 0xE0, 0x01, 0xFF, 0xE0, 0x03, 0xF3, 0xE0,
  0x07, 0xC3, 0xC0, 0x0F, 0x07, 0xC0, 0x1C, 0x07, 0xC0, 0x38, 0x07, 0xC0,
  0x70, 0x0F, 0x80, 0xE0, 0x0F, 0x81, 0xC0, 0x0F, 0x83, 0x80, 0x0F, 0x07,
  0x00, 0x1F, 0x0E, 0x00, 0x1F, 0x1C, 0x00, 0x1F, 0x38, 0x00, 0x1E, 0x70,
  0x00, 0x3E, 0xE0, 0x00, 0x3F, 0xC0, 0x00, 0x3C, 0xE0, 0x00, 0x38, 0x00,
  0x0E, 0x00, 0x03, 0x80, 0x00, 0xE0, 0x00, 0x38, 0x00, 0x0E, 0x00, 0x03,
  0x80, 0x00, 0xE0, 0x00, 0x38, 0x00, 0x0E, 0x00, 0x03, 0x80, 0x00, 0xE0,
  0x00, 0x38, 0x00, 0x0E, 0x00, 0x03, 0x80, 0x00, 0xE0, 0x00, 0x38, 0x00,
  0x0E, 0x00, 0x03, 0x80, 0x00, 0xE0, 0x00, 0x38, 0x00, 0x0E, 0x00, 0x03,
  0x80, 0x00, 0xE0, 0x00, 0x38, 0x00, 0x0E, 0x00, 0x03, 0x80, 0x00, 0xE0,
  0x00, 0x38, 0x00, 0x0E, 0x00, 0x03, 0xFF, 0xFF, 0xFF, 0xFF, 0xFF, 0xFF,
  0xF0, 0xFC, 0x00, 0x00, 0x1F, 0xFE, 0x00, 0x00, 0x1F, 0xFF, 0x00, 0x00,
  0x0F, 0xFF, 0xC0, 0x00, 0x07, 0xFF, 0xE0, 0x00, 0x07, 0xFF, 0x70, 0x00,
  0x03, 0xBF, 0xBC, 0x00, 0x03, 0xDF, 0xDE, 0x00, 0x01, 0xEF, 0xE7, 0x80,
  0x00, 0xE7, 0xF3, 0xC0, 0x00, 0xF3, 0xF8, 0xE0, 0x00, 0x71, 0xFC, 0x78,
  0x00, 0x38, 0xFE, 0x3C, 0x00, 0x3C, 0x7F, 0x0E, 0x00, 0x1C, 0x3F, 0x87,
  0x80, 0x1E, 0x1F, 0xC3, 0xC0, 0x0F, 0x0F, 0xE0, 0xF0, 0x07, 0x07, 0xF0,
  0x78, 0x07, 0x83, 0xF8, 0x1C, 0x03, 0x81, 0xFC, 0x0F, 0x03, 0xC0, 0xFE,
  0x07, 0x81, 0xE0, 0x7F, 0x01, 0xC0, 0xE0, 0x3F, 0x80, 0xF0, 0xF0, 0x1F,
  0xC0, 0x78, 0x78, 0x0F, 0xE0, 0x1E, 0x38, 0x07, 0xF0, 0x0F, 0x3C, 0x03,
  0xF8, 0x03, 0x9C, 0x01, 0xFC, 0x01, 0xFE, 0x00, 0xFE, 0x00, 0xFF, 0x00,
  0x7F, 0x00, 0x3F, 0x00, 0x3F, 0x80, 0x1F, 0x80, 0x1F, 0xC0, 0x0F, 0x80,
  0x0F, 0xE0, 0x03, 0xC0, 0x07, 0xF0, 0x01, 0xE0, 0x03, 0xC0, 0xF0, 0x00,
  0x03, 0xFE, 0x00, 0x00, 0xFF, 0xC0, 0x00, 0x3F, 0xF0, 0x00, 0x0F, 0xFE,
  0x00, 0x03, 0xFF, 0xC0, 0x00, 0xFE, 0xF0, 0x00, 0x3F, 0xBE, 0x00, 0x0F,
  0xE7, 0xC0, 0x03, 0xF8, 0xF0, 0x00, 0xFE, 0x3E, 0x00, 0x3F, 0x87, 0x80,
  0x0F, 0xE0, 0xF0, 0x03, 0xF8, 0x3E, 0x00, 0xFE, 0x07, 0x80, 0x3F, 0x81,
  0xF0, 0x0F, 0xE0, 0x3E, 0x03, 0xF8, 0x07, 0x80, 0xFE, 0x01, 0xF0, 0x3F,
  0x80, 0x3E, 0x0F, 0xE0, 0x07, 0x83, 0xF8, 0x01, 0xF0, 0xFE, 0x00, 0x3C,
  0x3F, 0x80, 0x07, 0x8F, 0xE0, 0x01, 0xF3, 0xF8, 0x00, 0x3C, 0xFE, 0x00,
  0x07, 0xBF, 0x80, 0x01, 0xFF, 0xE0, 0x00, 0x3F, 0xF8, 0x00, 0x0F, 0xFE,
  0x00, 0x01, 0xFF, 0x80, 0x00, 0x3F, 0xE0, 0x00, 0x0F, 0xF8, 0x00, 0x01,
  0xF0, 0x00, 0x1F, 0xF0, 0x00, 0x01, 0xFF, 0xFC, 0x00, 0x0F, 0xFF, 0xFC,
  0x00, 0x3F, 0xE3, 0xFE, 0x00, 0xFC, 0x00, 0x7E, 0x03, 0xE0, 0x00, 0x7C,
  0x0F, 0x80, 0x00, 0x7C, 0x1E, 0x00, 0x00, 0x7C, 0x7C, 0x00, 0x00, 0x78,
  0xF0, 0x00, 0x00, 0xF9, 0xE0, 0x00, 0x00, 0xF7, 0xC0, 0x00, 0x01, 0xEF,
  0x00, 0x00, 0x03, 0xDE, 0x00, 0x00, 0x07, 0xBC, 0x00, 0x00, 0x0F, 0xF8,
  0x00, 0x00, 0x0F, 0xF0, 0x00, 0x00, 0x1F, 0xE0, 0x00, 0x00, 0x3F, 0xC0,
  0x00, 0x00, 0x7F, 0x80, 0x00, 0x01, 0xFF, 0x00, 0x00, 0x03, 0xDE, 0x00,
  0x00, 0x07, 0xBE, 0x00, 0x00, 0x0F, 0x3C, 0x00, 0x00, 0x1E, 0x78, 0x00,
  0x00, 0x7C, 0xF8, 0x00, 0x00, 0xF0, 0xF0, 0x00, 0x03, 0xE1, 0xF0, 0x00,
  0x0F, 0x81, 0xF0, 0x00, 0x3E, 0x01, 0xF8, 0x00, 0xFC, 0x01, 0xFE, 0x1F,
  0xF0, 0x01, 0xFF, 0xFF, 0x80, 0x00, 0xFF, 0xFE, 0x00, 0x00, 0x3F, 0xE0,
  0x00, 0xFF, 0xF8, 0x07, 0xFF, 0xF8, 0x3F, 0xFF, 0xF1, 0xC0, 0x7F, 0xCE,
  0x00, 0x3E, 0x70, 0x00, 0xFB, 0x80, 0x03, 0xDC, 0x00, 0x1F, 0xE0, 0x00,
  0x7F, 0x00, 0x03, 0xF8, 0x00, 0x1F, 0xC0, 0x00, 0xFE, 0x00, 0x07, 0xF0,
  0x00, 0x7B, 0x80, 0x03, 0xDC, 0x00, 0x3E, 0xE0, 0x03, 0xE7, 0x01, 0xFE,
  0x3F, 0xFF, 0xE1, 0xFF, 0xFC, 0x0F, 0xFF, 0x00, 0x70, 0x00, 0x03, 0x80,
  0x00, 0x1C, 0x00, 0x00, 0xE0, 0x00, 0x07, 0x00, 0x00, 0x38, 0x00, 0x01,
  0xC0, 0x00, 0x0E, 0x00, 0x00, 0x70, 0x00, 0x03, 0x80, 0x00, 0x1C, 0x00,
  0x00, 0xE0, 0x00, 0x07, 0x00, 0x00, 0x00, 0x00, 0x1F, 0xF0, 0x00, 0x01,
  0xFF, 0xFC, 0x00, 0x0F, 0xFF, 0xFC, 0x00, 0x3F, 0xE3, 0xFE, 0x00, 0xFC,
  0x00, 0x7E, 0x03, 0xE0, 0x00, 0x7C, 0x0F, 0x80, 0x00, 0x7C, 0x1E, 0x00,
  0x00, 0x7C, 0x7C, 0x00, 0x00, 0x78, 0xF0, 0x00, 0x00, 0xF9, 0xE0, 0x00,
  0x00, 0xF7, 0xC0, 0x00, 0x01, 0xEF, 0x00, 0x00, 0x03, 0xDE, 0x00, 0x00,
  0x07, 0xBC, 0x00, 0x00, 0x0F, 0xF8, 0x00, 0x00, 0x0F, 0xF0, 0x00, 0x00,
  0x1F, 0xE0, 0x00, 0x00, 0x3F, 0xC0, 0x00, 0x00, 0x7F, 0x80, 0x00, 0x01,
  0xFF, 0x00, 0x00, 0x03, 0xDE, 0x00, 0x00, 0x07, 0xBE, 0x00, 0x00, 0x0F,
  0x3C, 0x00, 0x00, 0x1E, 0x78, 0x00, 0x00, 0x7C, 0xF8, 0x00, 0x00, 0xF0,
  0xF0, 0x00, 0x03, 0xE1, 0xF0, 0x00, 0x0F, 0x81, 0xF0, 0x00, 0x3E, 0x01,
  0xF8, 0x00, 0xFC, 0x01, 0xFE, 0x1F, 0xF0, 0x01, 0xFF, 0xFF, 0x80, 0x00,
  0xFF, 0xFE, 0x00, 0x00, 0x3F, 0xF0, 0x00, 0x00, 0x01, 0xF0, 0x00, 0x00,
  0x01, 0xF0, 0x00, 0x00, 0x01, 0xF0, 0x00, 0x00, 0x03, 0xF0, 0x00, 0x00,
  0x03, 0xE0, 0x00, 0x00, 0x03, 0xE0, 0x00, 0x00, 0x03, 0xE0, 0x00, 0x00,
  0x03, 0xE0, 0xFF, 0xFC, 0x01, 0xFF, 0xFF, 0x03, 0xFF, 0xFF, 0x07, 0x00,
  0xFF, 0x0E, 0x00, 0x3F, 0x1C, 0x00, 0x3E, 0x38, 0x00, 0x3C, 0x70, 0x00,
  0x7C, 0xE0, 0x00, 0x79, 0xC0, 0x00, 0xF3, 0x80, 0x01, 0xE7, 0x00, 0x03,
  0xCE, 0x00, 0x0F, 0x9C, 0x00, 0x1E, 0x38, 0x00, 0x7C, 0x70, 0x01, 0xF0,
  0xE0, 0x1F, 0xC1, 0xFF, 0xFF, 0x03, 0xFF, 0xF8, 0x07, 0xFF, 0xE0, 0x0E,
  0x01, 0xE0, 0x1C, 0x03, 0xE0, 0x38, 0x03, 0xC0, 0x70, 0x03, 0xC0, 0xE0,
  0x07, 0x81, 0xC0, 0x07, 0x83, 0x80, 0x0F, 0x87, 0x00, 0x0F, 0x0E, 0x00,
  0x1F, 0x1C, 0x00, 0x1E, 0x38, 0x00, 0x1E, 0x70, 0x00, 0x3E, 0xE0, 0x00,
  0x3D, 0xC0, 0x00, 0x7C, 0x00, 0xFF, 0x00, 0x1F, 0xFF, 0xC0, 0xFF, 0xFF,
  0x87, 0xF1, 0xFC, 0x3E, 0x00, 0x31, 0xF0, 0x00, 0x07, 0x80, 0x00, 0x1E,
  0x00, 0x00, 0x78, 0x00, 0x01, 0xE0, 0x00, 0x07, 0x80, 0x00, 0x1F, 0x00,
  0x00, 0x3E, 0x00, 0x00, 0xFC, 0x00, 0x01, 0xFC, 0x00, 0x03, 0xFE, 0x00,
  0x03, 0xFE, 0x00, 0x03, 0xFE, 0x00, 0x03, 0xFE, 0x00, 0x01, 0xFC, 0x00,
  0x01, 0xF0, 0x00, 0x03, 0xE0, 0x00, 0x07, 0x80, 0x00, 0x1E, 0x00, 0x00,
  0x3C, 0x00, 0x00, 0xE0, 0x00, 0x07, 0x80, 0x00, 0x1E, 0x00, 0x00, 0xFB,
  0x80, 0x07, 0xCF, 0xE0, 0xFE, 0x3F, 0xFF, 0xF0, 0x7F, 0xFF, 0x80, 0x3F,
  0xF0, 0x00, 0xFF, 0xFF, 0xFF, 0xFF, 0xFF, 0xFF, 0xFF, 0xFF, 0xFF, 0xE0,
  0x03, 0xC0, 0x00, 0x01, 0xE0, 0x00, 0x00, 0xF0, 0x00, 0x00, 0x78, 0x00,
  0x00, 0x3C, 0x00, 0x00, 0x1E, 0x00, 0x00, 0x0F, 0x00, 0x00, 0x07, 0x80,
  0x00, 0x03, 0xC0, 0x00, 0x01, 0xE0, 0x00, 0x00, 0xF0, 0x00, 0x00, 0x78,
  0x00, 0x00, 0x3C, 0x00, 0x00, 0x1E, 0x00, 0x00, 0x0F, 0x00, 0x00, 0x07,
  0x80, 0x00, 0x03, 0xC0, 0x00, 0x01, 0xE0, 0x00, 0x00, 0xF0, 0x00, 0x00,
  0x78, 0x00, 0x00, 0x3C, 0x00, 0x00, 0x1E, 0x00, 0x00, 0x0F, 0x00, 0x00,
  0x07, 0x80, 0x00, 0x03, 0xC0, 0x00, 0x01, 0xE0, 0x00, 0x00, 0xF0, 0x00,
  0x00, 0x78, 0x00, 0x00, 0x3C, 0x00, 0x00, 0x1E, 0x00, 0x00, 0x0F, 0x00,
  0x00, 0xF0, 0x00, 0x03, 0xFC, 0x00, 0x00, 0xFF, 0x00, 0x00, 0x3F, 0xC0,
  0x00, 0x0F, 0xF0, 0x00, 0x03, 0xFC, 0x00, 0x00, 0xFF, 0x00, 0x00, 0x3F,
  0xC0, 0x00, 0x0F, 0xF0, 0x00, 0x03, 0xFC, 0x00, 0x00, 0xFF, 0x00, 0x00,
  0x3F, 0xC0, 0x00, 0x0F, 0xF0, 0x00, 0x03, 0xFC, 0x00, 0x00, 0xFF, 0x00,
  0x00, 0x3F, 0xC0, 0x00, 0x0F, 0xF0, 0x00, 0x03, 0xFC, 0x00, 0x00, 0xFF,
  0x00, 0x00, 0x3F, 0xC0, 0x00, 0x0F, 0xF0, 0x00, 0x03, 0xFC, 0x00, 0x00,
  0xFF, 0x00, 0x00, 0x3F, 0xC0, 0x00, 0x0F, 0xF0, 0x00, 0x03, 0xDE, 0x00,
  0x01, 0xE7, 0x80, 0x00, 0x79, 0xF0, 0x00, 0x3E, 0x3E, 0x00, 0x0F, 0x07,
  0xC0, 0x0F, 0xC1, 0xFE, 0x1F, 0xE0, 0x3F, 0xFF, 0xF0, 0x03, 0xFF, 0xF0,
  0x00, 0x1F, 0xF0, 0x00, 0xF0, 0x00, 0x00, 0xF7, 0x80, 0x00, 0x1E, 0x78,
  0x00, 0x01, 0xE7, 0x80, 0x00, 0x1E, 0x3C, 0x00, 0x03, 0xC3, 0xC0, 0x00,
  0x3C, 0x3C, 0x00, 0x03, 0xC1, 0xE0, 0x00, 0x78, 0x1E, 0x00, 0x07, 0x81,
  0xE0, 0x00, 0x78, 0x0F, 0x00, 0x0F, 0x00, 0xF0, 0x00, 0xF0, 0x0F, 0x00,
  0x0F, 0x00, 0x78, 0x01, 0xE0, 0x07, 0x80, 0x1E, 0x00, 0x7C, 0x03, 0xE0,
  0x03, 0xC0, 0x3C, 0x00, 0x3C, 0x03, 0xC0, 0x01, 0xE0, 0x78, 0x00, 0x1E,
  0x07, 0x80, 0x01, 0xE0, 0x78, 0x00, 0x0F, 0x0F, 0x00, 0x00, 0xF0, 0xF0,
  0x00, 0x0F, 0x0F, 0x00, 0x00, 0x79, 0xE0, 0x00, 0x07, 0x9E, 0x00, 0x00,
  0x79, 0xE0, 0x00, 0x03, 0xFC, 0x00, 0x00, 0x3F, 0xC0, 0x00, 0x03, 0xFC,
  0x00, 0x00, 0x1F, 0x80, 0x00, 0x01, 0xF8, 0x00, 0x00, 0x0F, 0x80, 0x00,
  0x00, 0xF0, 0x00, 0xF0, 0x00, 0x3E, 0x00, 0x07, 0xFC, 0x00, 0x0F, 0x80,
  0x01, 0xEF, 0x00, 0x03, 0xE0, 0x00, 0x79, 0xE0, 0x00, 0xFC, 0x00, 0x1E,
  0x78, 0x00, 0x7F, 0x00, 0x0F, 0x9E, 0x00, 0x1D, 0xC0, 0x03, 0xC7, 0x80,
  0x07, 0x70, 0x00, 0xF0, 0xF0, 0x03, 0xDE, 0x00, 0x3C, 0x3C, 0x00, 0xF7,
  0x80, 0x1E, 0x0F, 0x00, 0x38, 0xE0, 0x07, 0x83, 0xC0, 0x0E, 0x3C, 0x01,
  0xE0, 0x78, 0x07, 0x8F, 0x00, 0x78, 0x1E, 0x01, 0xE1, 0xC0, 0x3C, 0x07,
  0x80, 0x70, 0x78, 0x0F, 0x01, 0xE0, 0x3C, 0x1E, 0x03, 0xC0, 0x3C, 0x0F,
  0x07, 0x80, 0xF0, 0x0F, 0x03, 0x80, 0xE0, 0x78, 0x03, 0xC0, 0xE0, 0x3C,
  0x1E, 0x00, 0x70, 0x78, 0x0F, 0x07, 0x80, 0x1E, 0x1E, 0x01, 0xC1, 0xE0,
  0x07, 0x87, 0x00, 0x78, 0xF0, 0x01, 0xE3, 0xC0, 0x1E, 0x3C, 0x00, 0x38,
  0xF0, 0x07, 0x8F, 0x00, 0x0F, 0x3C, 0x00, 0xE3, 0xC0, 0x03, 0xCE, 0x00,
  0x3D, 0xE0, 0x00, 0xF7, 0x80, 0x0F, 0x78, 0x00, 0x1D, 0xE0, 0x01, 0xDE,
  0x00, 0x07, 0x70, 0x00, 0x77, 0x00, 0x01, 0xFC, 0x00, 0x1F, 0xC0, 0x00,
  0x7F, 0x00, 0x07, 0xF0, 0x00, 0x0F, 0xC0, 0x00, 0xFC, 0x00, 0x03, 0xE0,
  0x00, 0x3E, 0x00, 0x00, 0xF8, 0x00, 0x0F, 0x80, 0x00, 0x3E, 0x00, 0x01,
  0xE0, 0x00, 0x7C, 0x00, 0x03, 0xC7, 0x80, 0x00, 0xF0, 0x78, 0x00, 0x3E,
  0x0F, 0x00, 0x07, 0x80, 0xF0, 0x01, 0xE0, 0x1F, 0x00, 0x3C, 0x01, 0xE0,
  0x0F, 0x00, 0x1E, 0x03, 0xC0, 0x03, 0xE0, 0x78, 0x00, 0x3C, 0x1E, 0x00,
  0x03, 0xC3, 0x80, 0x00, 0x78, 0xF0, 0x00, 0x07, 0xBC, 0x00, 0x00, 0x7F,
  0x80, 0x00, 0x0F, 0xE0, 0x00, 0x00, 0xF8, 0x00, 0x00, 0x1F, 0x00, 0x00,
  0x03, 0xF0, 0x00, 0x00, 0xFE, 0x00, 0x00, 0x3D, 0xE0, 0x00, 0x07, 0xBE,
  0x00, 0x01, 0xE3, 0xC0, 0x00, 0x78, 0x3C, 0x00, 0x0F, 0x07, 0x80, 0x03,
  0xC0, 0x78, 0x00, 0xF8, 0x0F, 0x80, 0x1E, 0x00, 0xF0, 0x07, 0x80, 0x0F,
  0x00, 0xF0, 0x01, 0xF0, 0x3C, 0x00, 0x1E, 0x0F, 0x00, 0x03, 0xE1, 0xE0,
  0x00, 0x3C, 0x78, 0x00, 0x03, 0xDF, 0x00, 0x00, 0x7C, 0xF8, 0x00, 0x03,
  0xDE, 0x00, 0x01, 0xE7, 0xC0, 0x00, 0x78, 0xF0, 0x00, 0x3C, 0x3E, 0x00,
  0x0F, 0x07, 0x80, 0x07, 0x81, 0xF0, 0x01, 0xE0, 0x3C, 0x00, 0xF0, 0x07,
  0x80, 0x3C, 0x01, 0xE0, 0x1E, 0x00, 0x3C, 0x07, 0x80, 0x0F, 0x03, 0xC0,
  0x01, 0xE0, 0xF0, 0x00, 0x78, 0x78, 0x00, 0x0F, 0x3E, 0x00, 0x03, 0xCF,
  0x00, 0x00, 0x7F, 0x80, 0x00, 0x1F, 0xE0, 0x00, 0x03, 0xF0, 0x00, 0x00,
  0xFC, 0x00, 0x00, 0x1E, 0x00, 0x00, 0x07, 0x80, 0x00, 0x01, 0xE0, 0x00,
  0x00, 0x78, 0x00, 0x00, 0x1E, 0x00, 0x00, 0x07, 0x80, 0x00, 0x01, 0xE0,
  0x00, 0x00, 0x78, 0x00, 0x00, 0x1E, 0x00, 0x00, 0x07, 0x80, 0x00, 0x01,
  0xE0, 0x00, 0x00, 0x78, 0x00, 0x00, 0x1E, 0x00, 0x00, 0x07, 0x80, 0x00,
  0xFF, 0xFF, 0xFF, 0xFF, 0xFF, 0xFF, 0xFF, 0xFF, 0xF8, 0x00, 0x01, 0xE0,
  0x00, 0x07, 0xC0, 0x00, 0x0F, 0x00, 0x00, 0x3C, 0x00, 0x00, 0xF8, 0x00,
  0x01, 0xE0, 0x00, 0x07, 0x80, 0x00, 0x1F, 0x00, 0x00, 0x3C, 0x00, 0x00,
  0xF0, 0x00, 0x03, 0xE0, 0x00, 0x07, 0x80, 0x00, 0x1E, 0x00, 0x00, 0x7C,
  0x00, 0x00, 0xF0, 0x00, 0x03, 0xC0, 0x00, 0x0F, 0x80, 0x00, 0x1E, 0x00,
  0x00, 0x78, 0x00, 0x01, 0xF0, 0x00, 0x03, 0xC0, 0x00, 0x0F, 0x00, 0x00,
  0x3E, 0x00, 0x00, 0x78, 0x00, 0x01, 0xF0, 0x00, 0x07, 0xC0, 0x00, 0x0F,
  0x00, 0x00, 0x3E, 0x00, 0x00, 0x7F, 0xFF, 0xFF, 0xFF, 0xFF, 0xFF, 0xFF,
  0xFF, 0xFC, 0xFF, 0xFF, 0xFF, 0xFF, 0xC0, 0xF0, 0x3C, 0x0F, 0x03, 0xC0,
  0xF0, 0x3C, 0x0F, 0x03, 0xC0, 0xF0, 0x3C, 0x0F, 0x03, 0xC0, 0xF0, 0x3C,
  0x0F, 0x03, 0xC0, 0xF0, 0x3C, 0x0F, 0x03, 0xC0, 0xF0, 0x3C, 0x0F, 0x03,
  0xC0, 0xF0, 0x3C, 0x0F, 0x03, 0xC0, 0xF0, 0x3C, 0x0F, 0x03, 0xC0, 0xF0,
  0x3C, 0x0F, 0xFF, 0xFF, 0xFF, 0xC0, 0xE0, 0x00, 0xF0, 0x00, 0xF0, 0x00,
  0x78, 0x00, 0x78, 0x00, 0x38, 0x00, 0x3C, 0x00, 0x3C, 0x00, 0x1C, 0x00,
  0x1E, 0x00, 0x1E, 0x00, 0x0E, 0x00, 0x0F, 0x00, 0x0F, 0x00, 0x07, 0x80,
  0x07, 0x80, 0x03, 0x80, 0x03, 0xC0, 0x03, 0xC0, 0x01, 0xC0, 0x01, 0xE0,
  0x01, 0xE0, 0x00, 0xF0, 0x00, 0xF0, 0x00, 0xF0, 0x00, 0x78, 0x00, 0x78,
  0x00, 0x38, 0x00, 0x3C, 0x00, 0x3C, 0x00, 0x1C, 0x00, 0x1E, 0x00, 0x1E,
  0x00, 0x0F, 0xFF, 0xFF, 0xFF, 0xFF, 0x80, 0xF0, 0x1E, 0x03, 0xC0, 0x78,
  0x0F, 0x01, 0xE0, 0x3C, 0x07, 0x80, 0xF0, 0x1E, 0x03, 0xC0, 0x78, 0x0F,
  0x01, 0xE0, 0x3C, 0x07, 0x80, 0xF0, 0x1E, 0x03, 0xC0, 0x78, 0x0F, 0x01,
  0xE0, 0x3C, 0x07, 0x80, 0xF0, 0x1E, 0x03, 0xC0, 0x78, 0x0F, 0x01, 0xE0,
  0x3C, 0x07, 0x80, 0xF0, 0x1E, 0x03, 0xFF, 0xFF, 0xFF, 0xFF, 0xE0, 0x00,
  0x30, 0x00, 0x00, 0xF0, 0x00, 0x01, 0xE0, 0x00, 0x07, 0xE0, 0x00, 0x0F,
  0xC0, 0x00, 0x39, 0xC0, 0x00, 0x73, 0xC0, 0x01, 0xC3, 0x80, 0x03, 0x87,
  0x80, 0x0F, 0x07, 0x00, 0x1C, 0x0F, 0x00, 0x78, 0x0E, 0x00, 0xE0, 0x1E,
  0x03, 0xC0, 0x1C, 0x07, 0x00, 0x3C, 0x1E, 0x00, 0x38, 0x38, 0x00, 0x78,
  0x70, 0x00, 0x71, 0xC0, 0x00, 0xF3, 0x80, 0x00, 0xEE, 0x00, 0x01, 0xE0,
  0xFF, 0xFF, 0xFF, 0xFF, 0xFF, 0xFF, 0xFF, 0xFE, 0xF8, 0x3C, 0x1F, 0x07,
  0x81, 0xE0, 0x78, 0x1C, 0x07, 0x01, 0xFE, 0x00, 0xFF, 0xF8, 0x1F, 0xFF,
  0xE1, 0xF0, 0x3E, 0x08, 0x01, 0xF0, 0x00, 0x0F, 0x00, 0x00, 0xF0, 0x00,
  0x0F, 0x00, 0x00, 0x70, 0x00, 0x07, 0x00, 0xFF, 0xF0, 0x7F, 0xFF, 0x1F,
  0xFF, 0xF3, 0xF0, 0x07, 0x7C, 0x00, 0x77, 0x80, 0x0F, 0xF0, 0x00, 0xFF,
  0x00, 0x0F, 0xF0, 0x00, 0xFF, 0x00, 0x1F, 0x78, 0x03, 0xF7, 0xE0, 0xF7,
  0x3F, 0xFE, 0x71, 0xFF, 0xC7, 0x07, 0xF0, 0x70, 0xF0, 0x00, 0x03, 0xC0,
  0x00, 0x0F, 0x00, 0x00, 0x3C, 0x00, 0x00, 0xF0, 0x00, 0x03, 0xC0, 0x00,
  0x0F, 0x00, 0x00, 0x3C, 0x00, 0x00, 0xF0, 0x00, 0x03, 0xC0, 0x00, 0x0F,
  0x00, 0x00, 0x3C, 0x3F, 0x80, 0xF3, 0xFF, 0x83, 0xDF, 0xFF, 0x8F, 0xF0,
  0x7F, 0x3F, 0x00, 0x7C, 0xF8, 0x00, 0xFB, 0xE0, 0x01, 0xEF, 0x00, 0x07,
  0xFC, 0x00, 0x0F, 0xF0, 0x00, 0x3F, 0xC0, 0x00, 0xFF, 0x00, 0x03, 0xFC,
  0x00, 0x0F, 0xF0, 0x00, 0x3F, 0xC0, 0x00, 0xFF, 0x00, 0x03, 0xFC, 0x00,
  0x0F, 0xF0, 0x00, 0x7F, 0xE0, 0x01, 0xEF, 0x80, 0x0F, 0xBF, 0x00, 0x7C,
  0xEF, 0x03, 0xF3, 0x9F, 0xFF, 0x8E, 0x3F, 0xF8, 0x38, 0x3F, 0x80, 0x00,
  0xFF, 0x01, 0xFF, 0xF0, 0xFF, 0xFC, 0x7F, 0x1E, 0x3E, 0x00, 0x1F, 0x00,
  0x07, 0x80, 0x03, 0xC0, 0x00, 0xF0, 0x00, 0x3C, 0x00, 0x0F, 0x00, 0x03,
  0xC0, 0x00, 0xF0, 0x00, 0x3C, 0x00, 0x0F, 0x00, 0x03, 0xC0, 0x00, 0xF0,
  0x00, 0x3C, 0x00, 0x07, 0x80, 0x01, 0xF0, 0x00, 0x3E, 0x00, 0x4F, 0xE0,
  0xF1, 0xFF, 0xFC, 0x1F, 0xFF, 0x01, 0xFE, 0x00, 0x00, 0x00, 0x3C, 0x00,
  0x00, 0xF0, 0x00, 0x03, 0xC0, 0x00, 0x0F, 0x00, 0x00, 0x3C, 0x00, 0x00,
  0xF0, 0x00, 0x03, 0xC0, 0x00, 0x0F, 0x00, 0x00, 0x3C, 0x00, 0x00, 0xF0,
  0x00, 0x03, 0xC0, 0x7E, 0x0F, 0x0F, 0xFF, 0x3C, 0x7F, 0xFE, 0xF3, 0xF0,
  0x7F, 0xDF, 0x00, 0x7F, 0x78, 0x00, 0xFD, 0xE0, 0x01, 0xFF, 0x00, 0x07,
  0xFC, 0x00, 0x0F, 0xF0, 0x00, 0x3F, 0xC0, 0x00, 0xFF, 0x00, 0x03, 0xFC,
  0x00, 0x0F, 0xF0, 0x00, 0x3F, 0xC0, 0x00, 0xFF, 0x00, 0x03, 0xFC, 0x00,
  0x0F, 0xF0, 0x00, 0x7F, 0xE0, 0x01, 0xF7, 0x80, 0x0F, 0xDF, 0x00, 0x7F,
  0x3F, 0x07, 0xFC, 0x7F, 0xFE, 0xF0, 0xFF, 0xF3, 0xC0, 0xFE, 0x07, 0x01,
  0xFC, 0x00, 0x3F, 0xF8, 0x03, 0xFF, 0xF0, 0x3E, 0x0F, 0xC3, 0xC0, 0x1E,
  0x3C, 0x00, 0x79, 0xE0, 0x03, 0xDE, 0x00, 0x0F, 0xF0, 0x00, 0x7F, 0x80,
  0x03, 0xFF, 0xFF, 0xFF, 0xFF, 0xFF, 0xFF, 0xFF, 0xFF, 0xF8, 0x00, 0x03,
  0xC0, 0x00, 0x1E, 0x00, 0x00, 0xF0, 0x00, 0x07, 0x80, 0x00, 0x1E, 0x00,
  0x00, 0xF8, 0x00, 0x03, 0xE0, 0x01, 0x0F, 0xC0, 0xF8, 0x3F, 0xFF, 0xC0,
  0xFF, 0xFC, 0x00, 0xFF, 0x00, 0x00, 0x7F, 0x00, 0xFF, 0xC0, 0xFF, 0xC0,
  0xF8, 0x20, 0x78, 0x00, 0x3C, 0x00, 0x3C, 0x00, 0x1E, 0x00, 0x0F, 0x00,
  0x07, 0x80, 0x03, 0xC0, 0x07, 0xFF, 0x8F, 0xFF, 0xC7, 0xFF, 0xE0, 0x3C,
  0x00, 0x1E, 0x00, 0x0F, 0x00, 0x07, 0x80, 0x03, 0xC0, 0x01, 0xE0, 0x00,
  0xF0, 0x00, 0x78, 0x00, 0x3C, 0x00, 0x1E, 0x00, 0x0F, 0x00, 0x07, 0x80,
  0x03, 0xC0, 0x01, 0xE0, 0x00, 0xF0, 0x00, 0x78, 0x00, 0x3C, 0x00, 0x1E,
  0x00, 0x0F, 0x00, 0x07, 0x80, 0x03, 0xC0, 0x01, 0xE0, 0x00, 0x01, 0xFF,
  0xFF, 0x07, 0xFF, 0xFF, 0x0F, 0xFF, 0xFF, 0x1F, 0x03, 0xE0, 0x3E, 0x01,
  0xF0, 0x3C, 0x00, 0xF0, 0x3C, 0x00, 0xF0, 0x3C, 0x00, 0x78, 0x3C, 0x00,
  0x78, 0x3C, 0x00, 0xF0, 0x3C, 0x00, 0xF0, 0x3E, 0x00, 0xF0, 0x1F, 0x03,
  0xE0, 0x0F, 0xFF, 0xC0, 0x07, 0xFF, 0x80, 0x07, 0xFE, 0x00, 0x0F, 0x00,
  0x00, 0x0E, 0x00, 0x00, 0x1E, 0x00, 0x00, 0x1E, 0x00, 0x00, 0x1E, 0x00,
  0x00, 0x0F, 0xFF, 0xE0, 0x0F, 0xFF, 0xF8, 0x0F, 0xFF, 0xFC, 0x3F, 0xFF,
  0xFE, 0x78, 0x00, 0x3E, 0xF0, 0x00, 0x1E, 0xF0, 0x00, 0x1E, 0xF0, 0x00,
  0x1E, 0xF0, 0x00, 0x1E, 0xF0, 0x00, 0x1E, 0xF8, 0x00, 0x7C, 0x7C, 0x01,
  0xFC, 0x7F, 0xFF, 0xF0, 0x1F, 0xFF, 0xE0, 0x07, 0xFE, 0x00, 0xF0, 0x00,
  0x07, 0x80, 0x00, 0x3C, 0x00, 0x01, 0xE0, 0x00, 0x0F, 0x00, 0x00, 0x78,
  0x00, 0x03, 0xC0, 0x00, 0x1E, 0x00, 0x00, 0xF0, 0x00, 0x07, 0x80, 0x00,
  0x3C, 0x00, 0x01, 0xE1, 0xFE, 0x0F, 0x3F, 0xFC, 0x7B, 0xFF, 0xF3, 0xFC,
  0x0F, 0xDF, 0x80, 0x1E, 0xF8, 0x00, 0xFF, 0xC0, 0x03, 0xFC, 0x00, 0x1F,
  0xE0, 0x00, 0xFF, 0x00, 0x07, 0xF8, 0x00, 0x3F, 0xC0, 0x01, 0xFE, 0x00,
  0x0F, 0xF0, 0x00, 0x7F, 0x80, 0x03, 0xFC, 0x00, 0x1F, 0xE0, 0x00, 0xFF,
  0x00, 0x07, 0xF8, 0x00, 0x3F, 0xC0, 0x01, 0xFE, 0x00, 0x0F, 0xF0, 0x00,
  0x7F, 0x80, 0x03, 0xFC, 0x00, 0x1F, 0xE0, 0x00, 0xF0, 0xEF, 0xFF, 0xE0,
  0x00, 0x0F, 0xFF, 0xFF, 0xFF, 0xFF, 0xFF, 0xFF, 0xFF, 0xFF, 0xFF, 0xFF,
  0xFF, 0xFF, 0x01, 0xC0, 0x3C, 0x07, 0x80, 0xF0, 0x1C, 0x00, 0x00, 0x00,
  0x00, 0x00, 0x00, 0x3C, 0x07, 0x80, 0xF0, 0x1E, 0x03, 0xC0, 0x78, 0x0F,
  0x01, 0xE0, 0x3C, 0x07, 0x80, 0xF0, 0x1E, 0x03, 0xC0, 0x78, 0x0F, 0x01,
  0xE0, 0x3C, 0x07, 0x80, 0xF0, 0x1E, 0x03, 0xC0, 0x78, 0x0F, 0x01, 0xE0,
  0x3C, 0x07, 0x80, 0xF0, 0x1E, 0x03, 0xC0, 0x78, 0x0F, 0x03, 0xD0, 0xFB,
  0xFF, 0x7F, 0xC7, 0xE0, 0xF0, 0x00, 0x0F, 0x00, 0x00, 0xF0, 0x00, 0x0F,
  0x00, 0x00, 0xF0, 0x00, 0x0F, 0x00, 0x00, 0xF0, 0x00, 0x0F, 0x00, 0x00,
  0xF0, 0x00, 0x0F, 0x00, 0x00, 0xF0, 0x00, 0x0F, 0x00, 0x1E, 0xF0, 0x03,
  0xCF, 0x00, 0x78, 0xF0, 0x0F, 0x0F, 0x01, 0xE0, 0xF0, 0x3C, 0x0F, 0x07,
  0x80, 0xF0, 0xF0, 0x0F, 0x1F, 0x00, 0xF3, 0xE0, 0x0F, 0x7C, 0x00, 0xF7,
  0xC0, 0x0F, 0xFE, 0x00, 0xFD, 0xF0, 0x0F, 0x8F, 0x00, 0xF0, 0x78, 0x0F,
  0x07, 0xC0, 0xF0, 0x3E, 0x0F, 0x01, 0xE0, 0xF0, 0x0F, 0x0F, 0x00, 0xF8,
  0xF0, 0x07, 0xCF, 0x00, 0x3C, 0xF0, 0x01, 0xEF, 0x00, 0x1F, 0xFF, 0xFF,
  0xFF, 0xFF, 0xFF, 0xFF, 0xFF, 0xFF, 0xFF, 0xFF, 0xFF, 0xFF, 0xFF, 0xFF,
  0xFF, 0xFF, 0xFF, 0xFF, 0xE0, 0xFE, 0x00, 0xFE, 0x0E, 0x3F, 0xF8, 0x3F,
  0xF8, 0xE7, 0xFF, 0xC7, 0xFF, 0xCF, 0xF0, 0x7E, 0xF0, 0x7E, 0xFC, 0x03,
  0xFC, 0x03, 0xEF, 0x80, 0x1F, 0x80, 0x1E, 0xF8, 0x00, 0xF8, 0x00, 0xFF,
  0x00, 0x0F, 0x00, 0x0F, 0xF0, 0x00, 0xF0, 0x00, 0xFF, 0x00, 0x0F, 0x00,
  0x0F, 0xF0, 0x00, 0xF0, 0x00, 0xFF, 0x00, 0x0F, 0x00, 0x0F, 0xF0, 0x00,
  0xF0, 0x00, 0xFF, 0x00, 0x0F, 0x00, 0x0F, 0xF0, 0x00, 0xF0, 0x00, 0xFF,
  0x00, 0x0F, 0x00, 0x0F, 0xF0, 0x00, 0xF0, 0x00, 0xFF, 0x00, 0x0F, 0x00,
  0x0F, 0xF0, 0x00, 0xF0, 0x00, 0xFF, 0x00, 0x0F, 0x00, 0x0F, 0xF0, 0x00,
  0xF0, 0x00, 0xFF, 0x00, 0x0F, 0x00, 0x0F, 0xF0, 0x00, 0xF0, 0x00, 0xFF,
  0x00, 0x0F, 0x00, 0x0F, 0xF0, 0x00, 0xF0, 0x00, 0xF0, 0xE0, 0x7F, 0x07,
  0x1F, 0xFE, 0x39, 0xFF, 0xF9, 0xFF, 0x07, 0xEF, 0xC0, 0x0F, 0x7E, 0x00,
  0x7F, 0xE0, 0x01, 0xFE, 0x00, 0x0F, 0xF0, 0x00, 0x7F, 0x80, 0x03, 0xFC,
  0x00, 0x1F, 0xE0, 0x00, 0xFF, 0x00, 0x07, 0xF8, 0x00, 0x3F, 0xC0, 0x01,
  0xFE, 0x00, 0x0F, 0xF0, 0x00, 0x7F, 0x80, 0x03, 0xFC, 0x00, 0x1F, 0xE0,
  0x00, 0xFF, 0x00, 0x07, 0xF8, 0x00, 0x3F, 0xC0, 0x01, 0xFE, 0x00, 0x0F,
  0xF0, 0x00, 0x78, 0x01, 0xFE, 0x00, 0x0F, 0xFF, 0x00, 0x3F, 0xFF, 0x81,
  0xFC, 0x1F, 0x83, 0xE0, 0x0F, 0x8F, 0x80, 0x0F, 0x1E, 0x00, 0x1F, 0x78,
  0x00, 0x1E, 0xF0, 0x00, 0x3D, 0xE0, 0x00, 0x7B, 0xC0, 0x00, 0x7F, 0x80,
  0x00, 0xFF, 0x00, 0x01, 0xFE, 0x00, 0x03, 0xFC, 0x00, 0x07, 0xF8, 0x00,
  0x1E, 0xF0, 0x00, 0x3D, 0xE0, 0x00, 0x79, 0xE0, 0x01, 0xF3, 0xE0, 0x03,
  0xC3, 0xE0, 0x0F, 0x83, 0xF0, 0x7E, 0x03, 0xFF, 0xF8, 0x03, 0xFF, 0xC0,
  0x01, 0xFE, 0x00, 0xE0, 0xFE, 0x03, 0x8F, 0xFE, 0x0E, 0x7F, 0xFE, 0x3F,
  0xC1, 0xFC, 0xFC, 0x01, 0xF3, 0xE0, 0x03, 0xEF, 0x80, 0x07, 0xBC, 0x00,
  0x1F, 0xF0, 0x00, 0x3F, 0xC0, 0x00, 0xFF, 0x00, 0x03, 0xFC, 0x00, 0x0F,
  0xF0, 0x00, 0x3F, 0xC0, 0x00, 0xFF, 0x00, 0x03, 0xFC, 0x00, 0x0F, 0xF0,
  0x00, 0x3F, 0xE0, 0x01, 0xFF, 0x80, 0x07, 0xBF, 0x00, 0x3E, 0xFE, 0x01,
  0xF3, 0xFE, 0x1F, 0xCF, 0x7F, 0xFE, 0x3C, 0xFF, 0xE0, 0xF0, 0xFE, 0x03,
  0xC0, 0x00, 0x0F, 0x00, 0x00, 0x3C, 0x00, 0x00, 0xF0, 0x00, 0x03, 0xC0,
  0x00, 0x0F, 0x00, 0x00, 0x3C, 0x00, 0x00, 0xF0, 0x00, 0x03, 0xC0, 0x00,
  0x0F, 0x00, 0x00, 0x3C, 0x00, 0x00, 0x01, 0xF8, 0x1C, 0x3F, 0xF8, 0xF1,
  0xFF, 0xFB, 0xCF, 0xC1, 0xFF, 0x3C, 0x01, 0xFD, 0xE0, 0x03, 0xF7, 0x80,
  0x07, 0xFC, 0x00, 0x1F, 0xF0, 0x00, 0x3F, 0xC0, 0x00, 0xFF, 0x00, 0x03,
  0xFC, 0x00, 0x0F, 0xF0, 0x00, 0x3F, 0xC0, 0x00, 0xFF, 0x00, 0x03, 0xFC,
  0x00, 0x0F, 0xF0, 0x00, 0x3F, 0xC0, 0x01, 0xFF, 0x80, 0x07, 0xDE, 0x00,
  0x3F, 0x7C, 0x01, 0xFC, 0xFC, 0x1E, 0xF1, 0xFF, 0xFB, 0xC3, 0xFF, 0x8F,
  0x03, 0xF8, 0x3C, 0x00, 0x00, 0xF0, 0x00, 0x03, 0xC0, 0x00, 0x0F, 0x00,
  0x00, 0x3C, 0x00, 0x00, 0xF0, 0x00, 0x03, 0xC0, 0x00, 0x0F, 0x00, 0x00,
  0x3C, 0x00, 0x00, 0xF0, 0x00, 0x03, 0xC0, 0x00, 0x0F, 0xE0, 0x7F, 0x87,
  0xFE, 0x3F, 0xF9, 0xFB, 0xFF, 0x03, 0xF0, 0x0F, 0x80, 0x3E, 0x00, 0xF0,
  0x03, 0xC0, 0x0F, 0x00, 0x3C, 0x00, 0xF0, 0x03, 0xC0, 0x0F, 0x00, 0x3C,
  0x00, 0xF0, 0x03, 0xC0, 0x0F, 0x00, 0x3C, 0x00, 0xF0, 0x03, 0xC0, 0x0F,
  0x00, 0x3C, 0x00, 0xF0, 0x00, 0x03, 0xFC, 0x07, 0xFF, 0xE3, 0xFF, 0xF9,
  0xF0, 0x1E, 0x78, 0x00, 0xBC, 0x00, 0x0F, 0x00, 0x03, 0xC0, 0x00, 0x78,
  0x00, 0x1F, 0x80, 0x03, 0xFC, 0x00, 0x3F, 0xC0, 0x03, 0xFE, 0x00, 0x3F,
  0xC0, 0x01, 0xF8, 0x00, 0x1F, 0x00, 0x03, 0xC0, 0x00, 0xF0, 0x00, 0x1C,
  0x00, 0x0F, 0xC0, 0x03, 0xFE, 0x03, 0xEF, 0xFF, 0xF3, 0xFF, 0xF8, 0x1F,
  0xF8, 0x00, 0x06, 0x00, 0x1C, 0x00, 0x38, 0x00, 0x70, 0x00, 0xE0, 0x03,
  0xC0, 0x1F, 0xFF, 0xFF, 0xFF, 0xFF, 0xFE, 0x3C, 0x00, 0x78, 0x00, 0xF0,
  0x01, 0xE0, 0x03, 0xC0, 0x07, 0x80, 0x0F, 0x00, 0x1E, 0x00, 0x3C, 0x00,
  0x78, 0x00, 0xF0, 0x01, 0xE0, 0x03, 0xC0, 0x07, 0x80, 0x0F, 0x00, 0x1E,
  0x00, 0x3C, 0x00, 0x3C, 0x00, 0x7C, 0x10, 0x7F, 0xE0, 0x7F, 0xC0, 0x7F,
  0x00, 0xF0, 0x00, 0x7F, 0x80, 0x03, 0xFC, 0x00, 0x1F, 0xE0, 0x00, 0xFF,
  0x00, 0x07, 0xF8, 0x00, 0x3F, 0xC0, 0x01, 0xFE, 0x00, 0x0F, 0xF0, 0x00,
  0x7F, 0x80, 0x03, 0xFC, 0x00, 0x1F, 0xE0, 0x00, 0xFF, 0x00, 0x07, 0xF8,
  0x00, 0x3F, 0xC0, 0x01, 0xFE, 0x00, 0x0F, 0xF0, 0x00, 0x7F, 0x80, 0x07,
  0xFC, 0x00, 0x3F, 0xE0, 0x03, 0xFF, 0x80, 0x3F, 0xBF, 0x07, 0xFC, 0xFF,
  0xFD, 0xE3, 0xFF, 0xCF, 0x07, 0xF0, 0x38, 0xF0, 0x00, 0x1E, 0xF0, 0x00,
  0x3D, 0xE0, 0x00, 0xFB, 0xC0, 0x01, 0xE3, 0xC0, 0x03, 0xC7, 0x80, 0x0F,
  0x0F, 0x00, 0x1E, 0x0F, 0x00, 0x3C, 0x1E, 0x00, 0xF0, 0x1E, 0x01, 0xE0,
  0x3C, 0x03, 0x80, 0x78, 0x0F, 0x00, 0x78, 0x1E, 0x00, 0xF0, 0x78, 0x00,
  0xE0, 0xF0, 0x01, 0xE1, 0xE0, 0x03, 0xC7, 0x80, 0x03, 0x8F, 0x00, 0x07,
  0x9C, 0x00, 0x0F, 0x78, 0x00, 0x0E, 0xF0, 0x00, 0x1F, 0xC0, 0x00, 0x1F,
  0x80, 0x00, 0x3E, 0x00, 0x00, 0x7C, 0x00, 0xF0, 0x01, 0xF0, 0x01, 0xFE,
  0x00, 0x3E, 0x00, 0x3B, 0xC0, 0x0F, 0xC0, 0x0F, 0x38, 0x01, 0xF8, 0x01,
  0xE7, 0x80, 0x3F, 0x80, 0x3C, 0xF0, 0x0F, 0x70, 0x07, 0x1E, 0x01, 0xEE,
  0x01, 0xE1, 0xC0, 0x39, 0xE0, 0x3C, 0x3C, 0x07, 0x3C, 0x07, 0x87, 0x81,
  0xE3, 0x81, 0xE0, 0xF0, 0x38, 0x78, 0x3C, 0x0F, 0x07, 0x0F, 0x07, 0x81,
  0xE1, 0xE0, 0xE0, 0xE0, 0x3C, 0x3C, 0x1E, 0x3C, 0x03, 0x87, 0x03, 0xC7,
  0x80, 0x79, 0xE0, 0x38, 0xF0, 0x0F, 0x3C, 0x07, 0x1C, 0x01, 0xE7, 0x00,
  0xF7, 0x80, 0x1C, 0xE0, 0x1E, 0xF0, 0x03, 0xBC, 0x01, 0xDC, 0x00, 0x7F,
  0x00, 0x3B, 0x80, 0x07, 0xE0, 0x07, 0xF0, 0x00, 0xFC, 0x00, 0x7E, 0x00,
  0x1F, 0x00, 0x0F, 0x80, 0x03, 0xE0, 0x01, 0xF0, 0x00, 0x78, 0x00, 0x3D,
  0xF0, 0x01, 0xE3, 0xC0, 0x0F, 0x07, 0x80, 0x7C, 0x0F, 0x01, 0xE0, 0x3C,
  0x0F, 0x00, 0x78, 0x7C, 0x00, 0xF1, 0xE0, 0x03, 0xEF, 0x00, 0x07, 0xF8,
  0x00, 0x0F, 0xE0, 0x00, 0x3F, 0x00, 0x00, 0x7C, 0x00, 0x03, 0xF0, 0x00,
  0x1F, 0xE0, 0x00, 0x7B, 0xC0, 0x03, 0xCF, 0x80, 0x1E, 0x1E, 0x00, 0x78,
  0x3C, 0x03, 0xC0, 0x78, 0x1E, 0x01, 0xE0, 0xF8, 0x03, 0xC3, 0xC0, 0x07,
  0x9E, 0x00, 0x1F, 0xF8, 0x00, 0x3C, 0xF0, 0x00, 0x1E, 0xF0, 0x00, 0x3D,
  0xE0, 0x00, 0x7B, 0xC0, 0x01, 0xE3, 0xC0, 0x03, 0xC7, 0x80, 0x0F, 0x07,
  0x80, 0x1E, 0x0F, 0x00, 0x3C, 0x1E, 0x00, 0xF0, 0x1E, 0x01, 0xE0, 0x3C,
  0x03, 0xC0, 0x3C, 0x0F, 0x00, 0x78, 0x1E, 0x00, 0x70, 0x78, 0x00, 0xF0,
  0xF0, 0x01, 0xE1, 0xE0, 0x01, 0xC7, 0x80, 0x03, 0xCF, 0x00, 0x03, 0x9C,
  0x00, 0x07, 0x78, 0x00, 0x0F, 0xF0, 0x00, 0x0F, 0xC0, 0x00, 0x1F, 0x80,
  0x00, 0x1F, 0x00, 0x00, 0x3C, 0x00, 0x00, 0x78, 0x00, 0x01, 0xE0, 0x00,
  0x03, 0xC0, 0x00, 0x07, 0x80, 0x00, 0x1E, 0x00, 0x00, 0x3C, 0x00, 0x00,
  0xF0, 0x00, 0x07, 0xE0, 0x01, 0xFF, 0x80, 0x03, 0xFE, 0x00, 0x07, 0xF0,
  0x00, 0x00, 0x7F, 0xFF, 0xDF, 0xFF, 0xF7, 0xFF, 0xFC, 0x00, 0x1E, 0x00,
  0x07, 0x80, 0x03, 0xC0, 0x01, 0xE0, 0x00, 0xF8, 0x00, 0x3C, 0x00, 0x1E,
  0x00, 0x0F, 0x00, 0x03, 0xC0, 0x01, 0xE0, 0x00, 0xF0, 0x00, 0x7C, 0x00,
  0x1E, 0x00, 0x0F, 0x00, 0x07, 0xC0, 0x01, 0xE0, 0x00, 0xF0, 0x00, 0x78,
  0x00, 0x1E, 0x00, 0x0F, 0xFF, 0xFF, 0xFF, 0xFF, 0xFF, 0xFF, 0xC0, 0x00,
  0x1E, 0x00, 0xFC, 0x03, 0xF8, 0x0F, 0xC0, 0x3E, 0x00, 0x78, 0x00, 0xF0,
  0x01, 0xE0, 0x03, 0xC0, 0x07, 0x80, 0x0F, 0x00, 0x1E, 0x00, 0x3C, 0x00,
  0x78, 0x00, 0xF0, 0x01, 0xE0, 0x03, 0x80, 0x0F, 0x00, 0x7C, 0x07, 0xF0,
  0x0F, 0x80, 0x1F, 0xC0, 0x07, 0xE0, 0x03, 0xC0, 0x03, 0xC0, 0x07, 0x80,
  0x0F, 0x00, 0x1E, 0x00, 0x3C, 0x00, 0x78, 0x00, 0xF0, 0x01, 0xE0, 0x03,
  0xC0, 0x07, 0x80, 0x0F, 0x00, 0x1E, 0x00, 0x3E, 0x00, 0x3F, 0x00, 0x3F,
  0x80, 0x3F, 0x00, 0x1E, 0xFF, 0xFF, 0xFF, 0xFF, 0xFF, 0xFF, 0xFF, 0xFF,
  0xFF, 0xFF, 0xFF, 0xFF, 0xFF, 0xFF, 0xFF, 0xFF, 0xFF, 0xF8, 0xE0, 0x03,
  0xF0, 0x0F, 0xE0, 0x0F, 0xC0, 0x0F, 0x00, 0x3C, 0x00, 0x78, 0x01, 0xE0,
  0x07, 0x80, 0x1E, 0x00, 0x78, 0x01, 0xE0, 0x07, 0x80, 0x1E, 0x00, 0x78,
  0x01, 0xE0, 0x07, 0x80, 0x1F, 0x00, 0x3F, 0x00, 0x7F, 0x00, 0x3C, 0x07,
  0xF0, 0x3E, 0x01, 0xF0, 0x07, 0x80, 0x1E, 0x00, 0x78, 0x01, 0xE0, 0x07,
  0x80, 0x1E, 0x00, 0x78, 0x01, 0xE0, 0x07, 0x80, 0x1E, 0x00, 0x78, 0x03,
  0xC0, 0x0F, 0x00, 0xFC, 0x0F, 0xE0, 0x3F, 0x00, 0xE0, 0x00, 0x1F, 0x80,
  0x00, 0xFF, 0xC0, 0x1F, 0xFF, 0xE1, 0xFC, 0x3F, 0xFF, 0xC0, 0x1F, 0xFA,
  0x00, 0x1F, 0x80
};

const GFXglyph OpenSansRegular24pt7bGlyphs[] PROGMEM = {
  {     0,   0,   0,  12,    0,    0 },  // 0x20 ' '
  {     0,   6,  34,  12,    3,  -33 },  // 0x21 '!'
  {    26,  13,  12,  19,    3,  -33 },  // 0x22 '"'
  {    46,  28,  34,  30,    1,  -33 },  // 0x23 '#'
  {   165,  21,  39,  27,    3,  -35 },  // 0x24 '$'
  {   268,  35,  34,  39,    2,  -33 },  // 0x25 '%'
  {   417,  31,  34,  34,    3,  -33 },  // 0x26 '&'
  {   549,   4,  12,  10,    3,  -33 },  // 0x27 '\''
  {   555,  10,  41,  14,    2,  -33 },  // 0x28 '('
  {   607,  10,  41,  14,    2,  -33 },  // 0x29 ')'
  {   659,  22,  21,  26,    2,  -35 },  // 0x2A '*'
  {   717,  22,  23,  27,    2,  -27 },  // 0x2B '+'
  {   781,   7,  12,  12,    2,   -4 },  // 0x2C ','
  {   792,  11,   3,  15,    2,  -14 },  // 0x2D '-'
  {   797,   6,   6,  12,    3,   -5 },  // 0x2E '.'
  {   802,  16,  34,  17,    1,  -33 },  // 0x2F '/'
  {   870,  22,  34,  27,    2,  -33 },  // 0x30 '0'
  {   964,  13,  34,  27,    4,  -33 },  // 0x31 '1'
  {  1020,  22,  34,  27,    2,  -33 },  // 0x32 '2'
  {  1114,  22,  34,  27,    2,  -33 },  // 0x33 '3'
  {  1208,  25,  34,  27,    1,  -33 },  // 0x34 '4'
  {  1315,  21,  34,  27,    3,  -33 },  // 0x35 '5'
  {  1405,  22,  34,  27,    3,  -33 },  // 0x36 '6'
  {  1499,  23,  34,  27,    2,  -33 },  // 0x37 '7'
  {  1597,  22,  34,  27,    2,  -33 },  // 0x38 '8'
  {  1691,  22,  34,  27,    2,  -33 },  // 0x39 '9'
  {  1785,   6,  25,  12,    3,  -24 },  // 0x3A ':'
  {  1804,   7,  32,  12,    2,  -24 },  // 0x3B ';'
  {  1832,  22,  23,  27,    2,  -28 },  // 0x3C '<'
  {  1896,  21,  12,  27,    3,  -22 },  // 0x3D '='
  {  1928,  22,  23,  27,    2,  -28 },  // 0x3E '>'
  {  1992,  18,  34,  20,    1,  -33 },  // 0x3F '?'
  {  2069,  36,  38,  42,    3,  -33 },  // 0x40 '@'
  {  2240,  29,  34,  30,    0,  -33 },  // 0x41 'A'
  {  2364,  23,  34,  30,    5,  -33 },  // 0x42 'B'
  {  2462,  25,  34,  30,    3,  -33 },  // 0x43 'C'
  {  2569,  26,  34,  34,    5,  -33 },  // 0x44 'D'
  {  2680,  18,  34,  26,    5,  -33 },  // 0x45 'E'
  {  2757,  18,  34,  24,    5,  -33 },  // 0x46 'F'
  {  2834,  28,  34,  34,    3,  -33 },  // 0x47 'G'
  {  2953,  25,  34,  35,    5,  -33 },  // 0x48 'H'
  {  3060,   3,  34,  13,    5,  -33 },  // 0x49 'I'
  {  3073,  12,  43,  13,   -4,  -33 },  // 0x4A 'J'
  {  3138,  23,  34,  29,    5,  -33 },  // 0x4B 'K'
  {  3236,  18,  34,  25,    5,  -33 },  // 0x4C 'L'
  {  3313,  33,  34,  42,    5,  -33 },  // 0x4D 'M'
  {  3454,  26,  34,  35,    5,  -33 },  // 0x4E 'N'
  {  3565,  31,  34,  37,    3,  -33 },  // 0x4F 'O'
  {  3697,  21,  34,  28,    5,  -33 },  // 0x50 'P'
  {  3787,  31,  42,  37,    3,  -33 },  // 0x51 'Q'
  {  3950,  23,  34,  29,    5,  -33 },  // 0x52 'R'
  {  4048,  22,  34,  26,    2,  -33 },  // 0x53 'S'
  {  4142,  25,  34,  26,    0,  -33 },  // 0x54 'T'
  {  4249,  26,  34,  34,    4,  -33 },  // 0x55 'U'
  {  4360,  28,  34,  28,    0,  -33 },  // 0x56 'V'
  {  4479,  42,  34,  43,    1,  -33 },  // 0x57 'W'
  {  4658,  27,  34,  27,    0,  -33 },  // 0x58 'X'
  {  4773,  26,  34,  26,    0,  -33 },  // 0x59 'Y'
  {  4884,  23,  34,  27,    2,  -33 },  // 0x5A 'Z'
  {  4982,  10,  41,  15,    4,  -33 },  // 0x5B '['
  {  5034,  16,  34,  17,    1,  -33 },  // 0x5C '\\'
  {  5102,  11,  41,  15,    1,  -33 },  // 0x5D ']'
  {  5159,  23,  21,  27,    2,  -33 },  // 0x5E '^'
  {  5220,  21,   3,  21,   -1,    5 },  // 0x5F '_'
  {  5228,   9,   8,  13,    2,  -35 },  // 0x60 '`'
  {  5237,  20,  25,  26,    2,  -24 },  // 0x61 'a'
  {  5300,  22,  36,  29,    4,  -35 },  // 0x62 'b'
  {  5399,  18,  25,  23,    3,  -24 },  // 0x63 'c'
  {  5456,  22,  36,  29,    3,  -35 },  // 0x64 'd'
  {  5555,  21,  25,  26,    3,  -24 },  // 0x65 'e'
  {  5621,  17,  36,  16,    1,  -35 },  // 0x66 'f'
  {  5698,  24,  36,  26,    1,  -24 },  // 0x67 'g'
  {  5806,  21,  36,  29,    4,  -35 },  // 0x68 'h'
  {  5901,   4,  34,  12,    4,  -33 },  // 0x69 'i'
  {  5918,  11,  45,  12,   -3,  -33 },  // 0x6A 'j'
  {  5980,  20,  36,  25,    4,  -35 },  // 0x6B 'k'
  {  6070,   4,  36,  12,    4,  -35 },  // 0x6C 'l'
  {  6088,  36,  25,  44,    4,  -24 },  // 0x6D 'm'
  {  6201,  21,  25,  29,    4,  -24 },  // 0x6E 'n'
  {  6267,  23,  25,  28,    3,  -24 },  // 0x6F 'o'
  {  6339,  22,  36,  29,    4,  -24 },  // 0x70 'p'
  {  6438,  22,  36,  29,    3,  -24 },  // 0x71 'q'
  {  6537,  14,  25,  19,    4,  -24 },  // 0x72 'r'
  {  6581,  18,  25,  22,    2,  -24 },  // 0x73 's'
  {  6638,  15,  31,  17,    1,  -30 },  // 0x74 't'
  {  6697,  21,  25,  29,    4,  -24 },  // 0x75 'u'
  {  6763,  23,  25,  23,    0,  -24 },  // 0x76 'v'
  {  6835,  35,  25,  36,    1,  -24 },  // 0x77 'w'
  {  6945,  22,  25,  25,    1,  -24 },  // 0x78 'x'
  {  7014,  23,  36,  24,    0,  -24 },  // 0x79 'y'
  {  7118,  18,  25,  22,    2,  -24 },  // 0x7A 'z'
  {  7175,  15,  41,  18,    1,  -33 },  // 0x7B '{'
  {  7252,   3,  47,  26,   11,  -35 },  // 0x7C '|'
  {  7270,  14,  41,  18,    2,  -33 },  // 0x7D '}'
  {  7342,  22,   6,  27,    2,  -19 },  // 0x7E '~'
};

const GFXfont OpenSansRegular24pt7b PROGMEM = {
  (uint8_t *)OpenSansRegular24pt7bBitmaps,
  (GFXglyph *)OpenSansRegular24pt7bGlyphs,
  0x20, 0x7E, 65
};

const uint8_t OpenSansBold9pt7bBitmaps[] PROGMEM = {
  0xFF, 0xFF, 0xFF, 0x03, 0xFE, 0xEF, 0xBC, 0xF3, 0xCC, 0x0C, 0xC1, 0x98,
  0x32, 0x06, 0xC7, 0xFE, 0xFF, 0xC6, 0x60, 0xC8, 0xFF, 0xFF, 0xFC, 0xCC,
  0x19, 0x83, 0x20, 0x08, 0x1F, 0xBF, 0xDD, 0x2E, 0x87, 0xC1, 0xF8, 0x1E,
  0x0B, 0xC5, 0xFF, 0xDF, 0xC0, 0x80, 0x40, 0x70, 0x61, 0xF0, 0xC3, 0x73,
  0x06, 0xE6, 0x0D, 0xD8, 0x1B, 0xB7, 0x3E, 0xDF, 0x3B, 0xB7, 0x06, 0x6E,
  0x18, 0xDC, 0x31, 0xB8, 0xC3, 0xE1, 0x83, 0x80, 0x3E, 0x07, 0xF0, 0x63,
  0x06, 0x30, 0x77, 0x03, 0xE0, 0x7C, 0x7E, 0xE6, 0xE7, 0xEE, 0x3C, 0xE3,
  0xCF, 0xFE, 0x3E, 0x70, 0xFF, 0x6C, 0x37, 0x6E, 0xCC, 0xCC, 0xCC, 0xCC,
  0xE6, 0x73, 0xCE, 0x67, 0x33, 0x33, 0x33, 0x33, 0x76, 0xEC, 0x18, 0x18,
  0x99, 0xFF, 0x38, 0x3C, 0x6E, 0x24, 0x18, 0x0C, 0x06, 0x1F, 0xFF, 0xF8,
  0xC0, 0x60, 0x30, 0xFF, 0x60, 0xFF, 0xFF, 0x80, 0x06, 0x1C, 0x30, 0x61,
  0xC3, 0x06, 0x1C, 0x30, 0xE1, 0x83, 0x0E, 0x00, 0x3C, 0x3F, 0x39, 0xDC,
  0x6C, 0x3E, 0x1F, 0x0F, 0x87, 0xC3, 0xF1, 0xB9, 0xCF, 0xC3, 0xC0, 0x0C,
  0xF7, 0xFB, 0x4C, 0x30, 0xC3, 0x0C, 0x30, 0xC3, 0x0C, 0x3E, 0x7F, 0xB9,
  0xC0, 0x60, 0x30, 0x38, 0x38, 0x38, 0x38, 0x38, 0x38, 0x1F, 0xFF, 0xF8,
  0x7E, 0x7F, 0x91, 0xC0, 0x60, 0x71, 0xE0, 0xF8, 0x0E, 0x03, 0x81, 0xE1,
  0xDF, 0xEF, 0xC0, 0x03, 0x01, 0xC0, 0xF0, 0x3C, 0x1B, 0x0C, 0xC7, 0x31,
  0x8C, 0xFF, 0xFF, 0xF0, 0x30, 0x0C, 0x03, 0x00, 0x7F, 0x7F, 0xE0, 0xE0,
  0xE0, 0xFE, 0xFF, 0x07, 0x03, 0x03, 0x87, 0xFF, 0xFC, 0x1F, 0x1F, 0x9C,
  0x1C, 0x0C, 0x06, 0xF3, 0xFD, 0xC7, 0xC3, 0xE1, 0xF9, 0xCF, 0xE3, 0xE0,
  0xFF, 0xFF, 0xF0, 0x18, 0x0E, 0x03, 0x81, 0xC0, 0x70, 0x38, 0x0E, 0x03,
  0x01, 0xC0, 0x60, 0x38, 0x00, 0x3E, 0x7F, 0xB9, 0xDC, 0x6E, 0x73, 0xF0,
  0xF9, 0xFE, 0xC3, 0x61, 0xF8, 0xFF, 0xE7, 0xE0, 0x3C, 0x7F, 0x39, 0xD8,
  0x6C, 0x3F, 0x3F, 0xFE, 0xF7, 0x03, 0x03, 0x83, 0xDF, 0xCF, 0x80, 0xFF,
  0x80, 0x07, 0xFC, 0xFF, 0x80, 0x00, 0xFF, 0x60, 0x01, 0x83, 0xC7, 0xCF,
  0x0E, 0x07, 0xC0, 0x78, 0x0F, 0x01, 0x80, 0xFF, 0xFF, 0xC0, 0x00, 0x0F,
  0xFF, 0xFC, 0x80, 0x70, 0x1E, 0x03, 0xC0, 0x78, 0x79, 0xF1, 0xC0, 0x80,
  0x00, 0x7E, 0xFF, 0x47, 0x03, 0x07, 0x1E, 0x18, 0x38, 0x00, 0x00, 0x38,
  0x38, 0x38, 0x07, 0xC0, 0x7F, 0xC3, 0x03, 0x99, 0xFF, 0x6F, 0xEF, 0x31,
  0xBD, 0x86, 0xF6, 0x33, 0xD8, 0xCF, 0x63, 0x3C, 0xFF, 0x99, 0xCE, 0x70,
  0x00, 0xFF, 0x80, 0xFC, 0x00, 0x0F, 0x00, 0xF0, 0x0F, 0x81, 0xD8, 0x1D,
  0x81, 0x9C, 0x38, 0xC3, 0x8C, 0x3F, 0xE7, 0xFE, 0x70, 0x76, 0x07, 0xE0,
  0x70, 0xFE, 0x7F, 0xB1, 0xF8, 0x7C, 0x3F, 0xFB, 0xFD, 0x87, 0xC3, 0xE1,
  0xF1, 0xFF, 0xEF, 0xE0, 0x1F, 0x8F, 0xF7, 0x99, 0xC0, 0xE0, 0x38, 0x0E,
  0x03, 0x80, 0xE0, 0x1C, 0x07, 0x88, 0xFE, 0x1F, 0x80, 0xFE, 0x3F, 0xCC,
  0x7B, 0x07, 0xC1, 0xF0, 0x7C, 0x1F, 0x07, 0xC1, 0xF0, 0x7C, 0x7B, 0xFC,
  0xFC, 0x00, 0xFF, 0xFF, 0x06, 0x0C, 0x1F, 0xFF, 0xE0, 0xC1, 0x83, 0x07,
  0xFF, 0xE0, 0xFF, 0xFF, 0x06, 0x0C, 0x18, 0x3F, 0xFF, 0xC1, 0x83, 0x06,
  0x0C, 0x00, 0x0F, 0xC7, 0xF9, 0xE3, 0x38, 0x0E, 0x01, 0xC0, 0x39, 0xFF,
  0x3F, 0xE0, 0xEE, 0x1D, 0xE3, 0x9F, 0xF1, 0xFC, 0xC1, 0xF0, 0x7C, 0x1F,
  0x07, 0xC1, 0xFF, 0xFF, 0xFF, 0x07, 0xC1, 0xF0, 0x7C, 0x1F, 0x07, 0xC1,
  0xC0, 0xFF, 0xFF, 0xFF, 0xC0, 0x18, 0xC6, 0x31, 0x8C, 0x63, 0x18, 0xC6,
  0x31, 0x8C, 0xFF, 0xE0, 0xC3, 0xF0, 0xEC, 0x73, 0x38, 0xDC, 0x37, 0x0F,
  0xC3, 0xF8, 0xCE, 0x31, 0xCC, 0x73, 0x0E, 0xC1, 0xC0, 0xC0, 0xC0, 0xC0,
  0xC0, 0xC0, 0xC0, 0xC0, 0xC0, 0xC0, 0xC0, 0xC0, 0xFF, 0xFF, 0xE0, 0x7F,
  0x83, 0xFC, 0x1F, 0xE0, 0xFF, 0x8D, 0xEC, 0x6F, 0x63, 0x7B, 0xB3, 0xCD,
  0x9E, 0x6C, 0xF3, 0xC7, 0x8E, 0x3C, 0x71, 0x80, 0xE0, 0x7E, 0x0F, 0xC1,
  0xFC, 0x3D, 0xC7, 0xB8, 0xF3, 0x9E, 0x73, 0xC7, 0x78, 0x7F, 0x0F, 0xE0,
  0xFC, 0x1E, 0x1F, 0x83, 0xFE, 0x78, 0xE7, 0x07, 0xE0, 0x7E, 0x07, 0xE0,
  0x7E, 0x07, 0xE0, 0x77, 0x07, 0x79, 0xE3, 0xFE, 0x1F, 0x80, 0xFE, 0xFF,
  0xC7, 0xC3, 0xC3, 0xC7, 0xFF, 0xFC, 0xC0, 0xC0, 0xC0, 0xC0, 0xC0, 0x1F,
  0x83, 0xFE, 0x78, 0xE7, 0x07, 0xE0, 0x7E, 0x07, 0xE0, 0x7E, 0x07, 0xE0,
  0x77, 0x07, 0x79, 0xE3, 0xFE, 0x1F, 0x80, 0x1C, 0x00, 0xE0, 0x0F, 0xFC,
  0x3F, 0xCC, 0x73, 0x0C, 0xC3, 0x31, 0xCF, 0xE3, 0xF0, 0xCE, 0x31, 0xCC,
  0x73, 0x0E, 0xC1, 0xC0, 0x3E, 0x7F, 0xE2, 0xE0, 0xE0, 0x78, 0x3E, 0x1F,
  0x07, 0x03, 0xC7, 0xFE, 0xFC, 0xFF, 0xFF, 0xF0, 0xE0, 0x38, 0x0E, 0x03,
  0x80, 0xE0, 0x38, 0x0E, 0x03, 0x80, 0xE0, 0x38, 0x0E, 0x00, 0xC1, 0xF0,
  0x7C, 0x1F, 0x07, 0xC1, 0xF0, 0x7C, 0x1F, 0x07, 0xC1, 0xF8, 0x7F, 0x3D,
  0xFE, 0x3E, 0x00, 0xE0, 0x76, 0x0E, 0x70, 0xE7, 0x0E, 0x30, 0xC3, 0x1C,
  0x39, 0xC1, 0x98, 0x1B, 0x81, 0xF8, 0x0F, 0x00, 0xF0, 0x0E, 0x00, 0xE1,
  0xC1, 0xF0, 0xE1, 0xD8, 0x78, 0xEC, 0x3C, 0x77, 0x36, 0x33, 0x9B, 0x38,
  0xCD, 0xDC, 0x6E, 0x6E, 0x3F, 0x36, 0x1F, 0x1B, 0x07, 0x8F, 0x83, 0xC3,
  0xC1, 0xE1, 0xC0, 0x70, 0xE7, 0x0E, 0x39, 0xC3, 0x9C, 0x1F, 0x80, 0xF0,
  0x0F, 0x01, 0xF0, 0x1F, 0x83, 0x9C, 0x31, 0xC7, 0x0E, 0xE0, 0x70, 0xE0,
  0xEE, 0x19, 0xC7, 0x1C, 0xC3, 0xB8, 0x3E, 0x07, 0xC0, 0x70, 0x0E, 0x01,
  0xC0, 0x38, 0x07, 0x00, 0xE0, 0x7F, 0xDF, 0xF0, 0x38, 0x0E, 0x07, 0x03,
  0x80, 0xE0, 0x70, 0x38, 0x0E, 0x07, 0x03, 0xFF, 0xFF, 0xC0, 0xFF, 0xF9,
  0xCE, 0x73, 0x9C, 0xE7, 0x39, 0xCE, 0x73, 0xFF, 0xE0, 0xC1, 0x83, 0x83,
  0x07, 0x0E, 0x0C, 0x1C, 0x18, 0x30, 0x70, 0x60, 0xFF, 0xCE, 0x73, 0x9C,
  0xE7, 0x39, 0xCE, 0x73, 0x9F, 0xFF, 0x18, 0x0C, 0x0F, 0x07, 0x86, 0x63,
  0x3B, 0x0D, 0x83, 0xFE, 0xE3, 0x8E, 0x3E, 0x3F, 0x90, 0xC0, 0x73, 0xFF,
  0xFF, 0x8F, 0xCF, 0xFF, 0xBD, 0xC0, 0xE0, 0x38, 0x0E, 0x03, 0x80, 0xEF,
  0x3F, 0xEF, 0x3B, 0x86, 0xE1, 0xF8, 0x7E, 0x1B, 0xCE, 0xFF, 0xBB, 0xC0,
  0x3E, 0xFF, 0x8F, 0x0E, 0x1C, 0x38, 0x71, 0x7E, 0x7C, 0x03, 0x81, 0xC0,
  0xE0, 0x73, 0xBB, 0xFF, 0x8F, 0xC7, 0xE3, 0xF1, 0xF8, 0xFC, 0x77, 0xF9,
  0xCC, 0x3E, 0x3F, 0xB8, 0xDC, 0x7F, 0xFF, 0xFF, 0x81, 0xC0, 0x7F, 0x1F,
  0x80, 0x1F, 0x3E, 0x38, 0x38, 0x7E, 0xFE, 0x38, 0x38, 0x38, 0x38, 0x38,
  0x38, 0x38, 0x38, 0x3F, 0xDF, 0xF7, 0x39, 0x8E, 0x73, 0x9F, 0xC3, 0xE1,
  0x80, 0x7F, 0x8F, 0xFE, 0x1F, 0x07, 0xFF, 0x9F, 0xC0, 0xE0, 0x70, 0x38,
  0x1C, 0x0E, 0xF7, 0xFF, 0xCF, 0xC3, 0xE1, 0xF0, 0xF8, 0x7C, 0x3E, 0x1F,
  0x0C, 0x5D, 0x8F, 0xFF, 0xFF, 0xFF, 0xC0, 0x11, 0xC6, 0x03, 0x9C, 0xE7,
  0x39, 0xCE, 0x73, 0x9C, 0xE7, 0xFF, 0x80, 0xE0, 0x38, 0x0E, 0x03, 0x80,
  0xE3, 0xB8, 0xEE, 0x73, 0xB8, 0xFC, 0x3F, 0x8F, 0x73, 0x9C, 0xE3, 0xB8,
  0x70, 0xFF, 0xFF, 0xFF, 0xFF, 0xFF, 0xC0, 0xEF, 0x3D, 0xFF, 0xFF, 0xCF,
  0x3F, 0x1C, 0x3E, 0x18, 0x7C, 0x30, 0xF8, 0x61, 0xF0, 0xC3, 0xE1, 0x87,
  0xC3, 0x0C, 0xEF, 0x7F, 0xFC, 0xFC, 0x3E, 0x1F, 0x0F, 0x87, 0xC3, 0xE1,
  0xF0, 0xC0, 0x3E, 0x3F, 0xB8, 0xFC, 0x7E, 0x1F, 0x0F, 0x8F, 0xC7, 0x7F,
  0x1F, 0x00, 0xEF, 0x3F, 0xEF, 0x3B, 0x86, 0xE1, 0xF8, 0x7E, 0x1B, 0xCE,
  0xFF, 0xBB, 0xCE, 0x03, 0x80, 0xE0, 0x38, 0x00, 0x39, 0xBF, 0xF8, 0xFC,
  0x7E, 0x3F, 0x1F, 0x8F, 0xC7, 0x7F, 0x9D, 0xC0, 0xE0, 0x70, 0x38, 0x1C,
  0xEF, 0xFF, 0xFF, 0x8E, 0x1C, 0x38, 0x70, 0xE1, 0xC0, 0x7F, 0xFF, 0x07,
  0x0F, 0xC7, 0xC3, 0xC3, 0xFF, 0xF8, 0x30, 0x61, 0xFF, 0xF3, 0x06, 0x0C,
  0x18, 0x30, 0x70, 0xF8, 0xF0, 0xE1, 0xF0, 0xF8, 0x7C, 0x3E, 0x1F, 0x0F,
  0x87, 0xE7, 0x7F, 0x9E, 0xC0, 0xE1, 0xD8, 0x77, 0x19, 0xCE, 0x33, 0x8E,
  0xC3, 0xF0, 0x78, 0x1E, 0x03, 0x80, 0xE3, 0x8E, 0xC7, 0x9D, 0x8F, 0x3B,
  0xB6, 0x67, 0x6D, 0xC6, 0xCF, 0x8D, 0x9E, 0x1A, 0x3C, 0x1C, 0x78, 0x38,
  0xF0, 0x71, 0xDC, 0xE3, 0xB8, 0x7C, 0x1E, 0x07, 0x83, 0xF0, 0xEE, 0x73,
  0xB8, 0x70, 0xE1, 0xD8, 0x77, 0x19, 0xCE, 0x33, 0x8E, 0xC1, 0xF0, 0x78,
  0x1E, 0x03, 0x80, 0xC0, 0x70, 0x78, 0x1C, 0x00, 0x7F, 0x7F, 0x07, 0x0E,
  0x1C, 0x18, 0x38, 0x70, 0xFF, 0xFF, 0x1C, 0x71, 0x86, 0x18, 0x63, 0xBC,
  0xF0, 0xE1, 0x86, 0x18, 0x61, 0xC7, 0xFF, 0xFF, 0xFF, 0xFF, 0xF0, 0xE3,
  0x87, 0x1C, 0x71, 0xC7, 0x0F, 0x3D, 0xC7, 0x1C, 0x71, 0xCE, 0x38, 0xF0,
  0xFF, 0xE3, 0xC0
};

const GFXglyph OpenSansBold9pt7bGlyphs[] PROGMEM = {
  {     0,   0,   0,   5,    0,    0 },  // 0x20 ' '
  {     0,   3,  13,   5,    1,  -12 },  // 0x21 '!'
  {     5,   6,   5,   9,    1,  -12 },  // 0x22 '"'
  {     9,  11,  13,  12,    0,  -12 },  // 0x23 '#'
  {    27,   9,  14,  10,    1,  -12 },  // 0x24 '$'
  {    43,  15,  13,  16,    1,  -12 },  // 0x25 '%'
  {    68,  12,  13,  14,    1,  -12 },  // 0x26 '&'
  {    88,   3,   5,   5,    1,  -12 },  // 0x27 '\''
  {    90,   4,  16,   6,    1,  -12 },  // 0x28 '('
  {    98,   4,  16,   6,    1,  -12 },  // 0x29 ')'
  {   106,   8,   8,  10,    1,  -13 },  // 0x2A '*'
  {   114,   9,   8,  10,    1,  -10 },  // 0x2B '+'
  {   123,   3,   4,   5,    1,   -1 },  // 0x2C ','
  {   125,   4,   2,   6,    1,   -6 },  // 0x2D '-'
  {   126,   3,   3,   5,    1,   -2 },  // 0x2E '.'
  {   128,   7,  13,   7,    0,  -12 },  // 0x2F '/'
  {   140,   9,  13,  10,    1,  -12 },  // 0x30 '0'
  {   155,   6,  13,  10,    1,  -12 },  // 0x31 '1'
  {   165,   9,  13,  10,    1,  -12 },  // 0x32 '2'
  {   180,   9,  13,  10,    1,  -12 },  // 0x33 '3'
  {   195,  10,  13,  10,    0,  -12 },  // 0x34 '4'
  {   212,   8,  13,  10,    1,  -12 },  // 0x35 '5'
  {   225,   9,  13,  10,    1,  -12 },  // 0x36 '6'
  {   240,  10,  13,  10,    0,  -12 },  // 0x37 '7'
  {   257,   9,  13,  10,    1,  -12 },  // 0x38 '8'
  {   272,   9,  13,  10,    1,  -12 },  // 0x39 '9'
  {   287,   3,  10,   5,    1,   -9 },  // 0x3A ':'
  {   291,   3,  12,   5,    1,   -9 },  // 0x3B ';'
  {   296,   9,   9,  10,    1,  -10 },  // 0x3C '<'
  {   307,   9,   6,  10,    1,   -9 },  // 0x3D '='
  {   314,   9,   9,  10,    1,  -10 },  // 0x3E '>'
  {   325,   8,  13,   9,    0,  -12 },  // 0x3F '?'
  {   338,  14,  15,  16,    1,  -12 },  // 0x40 '@'
  {   365,  12,  13,  12,    0,  -12 },  // 0x41 'A'
  {   385,   9,  13,  12,    2,  -12 },  // 0x42 'B'
  {   400,  10,  13,  11,    1,  -12 },  // 0x43 'C'
  {   417,  10,  13,  13,    2,  -12 },  // 0x44 'D'
  {   434,   7,  13,  10,    2,  -12 },  // 0x45 'E'
  {   446,   7,  13,  10,    2,  -12 },  // 0x46 'F'
  {   458,  11,  13,  13,    1,  -12 },  // 0x47 'G'
  {   476,  10,  13,  14,    2,  -12 },  // 0x48 'H'
  {   493,   2,  13,   6,    2,  -12 },  // 0x49 'I'
  {   497,   5,  17,   6,   -2,  -12 },  // 0x4A 'J'
  {   508,  10,  13,  12,    2,  -12 },  // 0x4B 'K'
  {   525,   8,  13,  10,    2,  -12 },  // 0x4C 'L'
  {   538,  13,  13,  17,    2,  -12 },  // 0x4D 'M'
  {   560,  11,  13,  15,    2,  -12 },  // 0x4E 'N'
  {   578,  12,  13,  14,    1,  -12 },  // 0x4F 'O'
  {   598,   8,  13,  11,    2,  -12 },  // 0x50 'P'
  {   611,  12,  16,  14,    1,  -12 },  // 0x51 'Q'
  {   635,  10,  13,  12,    2,  -12 },  // 0x52 'R'
  {   652,   8,  13,  10,    1,  -12 },  // 0x53 'S'
  {   665,  10,  13,  10,    0,  -12 },  // 0x54 'T'
  {   682,  10,  13,  14,    2,  -12 },  // 0x55 'U'
  {   699,  12,  13,  12,    0,  -12 },  // 0x56 'V'
  {   719,  17,  13,  17,    0,  -12 },  // 0x57 'W'
  {   747,  12,  13,  12,    0,  -12 },  // 0x58 'X'
  {   767,  11,  13,  11,    0,  -12 },  // 0x59 'Y'
  {   785,  10,  13,  10,    0,  -12 },  // 0x5A 'Z'
  {   802,   5,  16,   6,    1,  -12 },  // 0x5B '['
  {   812,   7,  13,   7,    0,  -12 },  // 0x5C '\\'
  {   824,   5,  16,   6,    0,  -12 },  // 0x5D ']'
  {   834,   9,   8,  10,    1,  -12 },  // 0x5E '^'
  {   843,   7,   1,   7,   -1,    3 },  // 0x5F '_'
  {   844,   5,   3,   7,    1,  -13 },  // 0x60 '`'
  {   846,   9,  10,  11,    1,   -9 },  // 0x61 'a'
  {   858,  10,  14,  11,    1,  -13 },  // 0x62 'b'
  {   876,   7,  10,   9,    1,   -9 },  // 0x63 'c'
  {   885,   9,  14,  11,    1,  -13 },  // 0x64 'd'
  {   901,   9,  10,  11,    1,   -9 },  // 0x65 'e'
  {   913,   8,  14,   7,    0,  -13 },  // 0x66 'f'
  {   927,  10,  14,  10,    0,   -9 },  // 0x67 'g'
  {   945,   9,  14,  12,    1,  -13 },  // 0x68 'h'
  {   961,   3,  14,   6,    1,  -13 },  // 0x69 'i'
  {   967,   5,  18,   6,   -2,  -13 },  // 0x6A 'j'
  {   979,  10,  14,  11,    1,  -13 },  // 0x6B 'k'
  {   997,   3,  14,   6,    1,  -13 },  // 0x6C 'l'
  {  1003,  15,  10,  18,    1,   -9 },  // 0x6D 'm'
  {  1022,   9,  10,  12,    1,   -9 },  // 0x6E 'n'
  {  1034,   9,  10,  11,    1,   -9 },  // 0x6F 'o'
  {  1046,  10,  14,  11,    1,   -9 },  // 0x70 'p'
  {  1064,   9,  14,  11,    1,   -9 },  // 0x71 'q'
  {  1080,   7,  10,   8,    1,   -9 },  // 0x72 'r'
  {  1089,   7,  10,   9,    1,   -9 },  // 0x73 's'
  {  1098,   7,  12,   8,    0,  -11 },  // 0x74 't'
  {  1109,   9,  10,  12,    1,   -9 },  // 0x75 'u'
  {  1121,  10,  10,  10,    0,   -9 },  // 0x76 'v'
  {  1134,  15,  10,  15,    0,   -9 },  // 0x77 'w'
  {  1153,  10,  10,  10,    0,   -9 },  // 0x78 'x'
  {  1166,  10,  14,  10,    0,   -9 },  // 0x79 'y'
  {  1184,   8,  10,   9,    0,   -9 },  // 0x7A 'z'
  {  1194,   6,  16,   7,    0,  -12 },  // 0x7B '{'
  {  1206,   2,  18,  10,    4,  -13 },  // 0x7C '|'
  {  1211,   6,  16,   7,    1,  -12 },  // 0x7D '}'
  {  1223,   9,   3,  10,    1,   -7 },  // 0x7E '~'
};

const GFXfont OpenSansBold9pt7b PROGMEM = {
  (uint8_t *)OpenSansBold9pt7bBitmaps,
  (GFXglyph *)OpenSansBold9pt7bGlyphs,
  0x20, 0x7E, 26
};

const uint8_t OpenSansBold12pt7bBitmaps[] PROGMEM = {
  0xF7, 0x77, 0x77, 0x77, 0x77, 0x70, 0x07, 0xFF, 0x70, 0xE7, 0xE7, 0xE7,
  0xE7, 0xC6, 0xC6, 0x06, 0x70, 0x39, 0xC0, 0xE7, 0x03, 0x98, 0x0C, 0x63,
  0xFF, 0xFF, 0xFF, 0xC7, 0x38, 0x1C, 0xC0, 0x63, 0x0F, 0xFF, 0xBF, 0xFE,
  0x39, 0xC0, 0xE7, 0x03, 0x18, 0x0C, 0x60, 0x33, 0x80, 0x06, 0x00, 0x60,
  0x1F, 0xC7, 0xFE, 0xFF, 0xEF, 0x62, 0xF6, 0x0F, 0xE0, 0x7F, 0x03, 0xFC,
  0x0F, 0xE0, 0x7F, 0x06, 0xFC, 0x6F, 0xFF, 0xEF, 0xFE, 0x7F, 0x80, 0x60,
  0x06, 0x00, 0x3C, 0x07, 0x07, 0xE0, 0xE0, 0xFE, 0x0E, 0x0E, 0x71, 0xC0,
  0xE7, 0x18, 0x0E, 0x73, 0x80, 0xE7, 0x73, 0xCE, 0x77, 0x7E, 0xFE, 0xEF,
  0xE7, 0xEE, 0xE7, 0x3D, 0xCE, 0x70, 0x1C, 0xE7, 0x03, 0x8E, 0x70, 0x30,
  0xE7, 0x07, 0x0F, 0xE0, 0xE0, 0x7E, 0x0E, 0x03, 0xC0, 0x0F, 0x80, 0x1F,
  0xE0, 0x0F, 0xF8, 0x0F, 0x1C, 0x07, 0x8E, 0x01, 0xCF, 0x00, 0xFF, 0x00,
  0x3F, 0x00, 0x3F, 0x0F, 0x3F, 0xC7, 0xBC, 0xF3, 0x9E, 0x3F, 0xCF, 0x0F,
  0xC7, 0xC3, 0xC3, 0xFF, 0xF0, 0xFF, 0xFE, 0x1F, 0x8F, 0x80, 0xFF, 0xFD,
  0x80, 0x1C, 0xE3, 0x9C, 0x71, 0xCF, 0x38, 0xE3, 0x8E, 0x38, 0xE3, 0x8F,
  0x1C, 0x71, 0xC3, 0x8E, 0x1C, 0xE1, 0xC7, 0x0E, 0x38, 0xE1, 0xC7, 0x1C,
  0x71, 0xC7, 0x1C, 0x71, 0xCF, 0x38, 0xE7, 0x1C, 0xE0, 0x0E, 0x01, 0xC0,
  0x38, 0x67, 0x3F, 0xFF, 0xFF, 0xC7, 0xC0, 0xD8, 0x3B, 0x8F, 0x38, 0x44,
  0x00, 0x06, 0x00, 0x60, 0x06, 0x00, 0x60, 0xFF, 0xFF, 0xFF, 0xFF, 0xF0,
  0x60, 0x06, 0x00, 0x60, 0x06, 0x00, 0x60, 0x77, 0xFE, 0xEE, 0xFF, 0xFF,
  0xC0, 0x7F, 0xF7, 0x03, 0xC0, 0xE0, 0x38, 0x1C, 0x07, 0x03, 0xC0, 0xE0,
  0x38, 0x1E, 0x07, 0x01, 0xC0, 0xE0, 0x38, 0x1E, 0x07, 0x01, 0xC0, 0xF0,
  0x00, 0x1F, 0x03, 0xFC, 0x7F, 0xE7, 0x9E, 0xF0, 0xEF, 0x0F, 0xF0, 0xFE,
  0x0F, 0xE0, 0xFE, 0x0F, 0xF0, 0xFF, 0x0F, 0xF0, 0xE7, 0x1E, 0x7F, 0xE3,
  0xFC, 0x1F, 0x80, 0x0F, 0x1F, 0x3F, 0x7F, 0xFF, 0xEF, 0x4F, 0x0F, 0x0F,
  0x0F, 0x0F, 0x0F, 0x0F, 0x0F, 0x0F, 0x0F, 0x0F, 0x1F, 0x87, 0xFC, 0xFF,
  0xE7, 0x1E, 0x00, 0xE0, 0x0E, 0x00, 0xE0, 0x1E, 0x03, 0xC0, 0x78, 0x0F,
  0x01, 0xE0, 0x3C, 0x07, 0x80, 0xFF, 0xFF, 0xFF, 0xFF, 0xF0, 0x3F, 0x8F,
  0xFC, 0xFF, 0xE6, 0x1E, 0x00, 0xE0, 0x0E, 0x01, 0xE1, 0xFC, 0x1F, 0x01,
  0xFE, 0x01, 0xE0, 0x0F, 0x00, 0xF8, 0x1F, 0xFF, 0xEF, 0xFC, 0x7F, 0x80,
  0x00, 0xE0, 0x0F, 0x00, 0xF8, 0x0F, 0xC0, 0x7E, 0x07, 0x70, 0x73, 0x83,
  0x9C, 0x38, 0xE3, 0x87, 0x3F, 0xFF, 0xFF, 0xFF, 0xFF, 0x80, 0x70, 0x03,
  0x80, 0x1C, 0x00, 0xE0, 0x7F, 0xC7, 0xFC, 0x7F, 0xC7, 0x00, 0x70, 0x07,
  0x00, 0x7F, 0x87, 0xFC, 0x7F, 0xE0, 0x1E, 0x00, 0xF0, 0x0F, 0x00, 0xEC,
  0x1E, 0xFF, 0xEF, 0xFC, 0x7F, 0x00, 0x07, 0xE1, 0xFE, 0x3F, 0xE7, 0x80,
  0x70, 0x0F, 0x00, 0xE7, 0x8E, 0xFE, 0xFF, 0xEF, 0x0F, 0xF0, 0xFE, 0x0F,
  0xF0, 0xF7, 0x0F, 0x7F, 0xE3, 0xFC, 0x1F, 0x80, 0xFF, 0xFF, 0xFF, 0xFF,
  0xF0, 0x0E, 0x01, 0xE0, 0x1E, 0x03, 0xC0, 0x3C, 0x03, 0x80, 0x78, 0x07,
  0x00, 0xF0, 0x0E, 0x01, 0xE0, 0x1E, 0x03, 0xC0, 0x3C, 0x00, 0x1F, 0x87,
  0xFC, 0x7F, 0xEF, 0x0E, 0xF0, 0xE7, 0x1E, 0x7F, 0xC3, 0xF8, 0x3F, 0x87,
  0xFC, 0xF1, 0xEE, 0x0F, 0xE0, 0xFF, 0x0F, 0xFF, 0xE7, 0xFC, 0x1F, 0x80,
  0x1F, 0x07, 0xFC, 0x7F, 0xEF, 0x1E, 0xE0, 0xFE, 0x0F, 0xE0, 0xFF, 0x0F,
  0xFF, 0xF7, 0xFF, 0x3E, 0xF0, 0x0E, 0x01, 0xE0, 0x3E, 0x7F, 0xC7, 0xF8,
  0x7E, 0x00, 0x7F, 0xF7, 0x00, 0x00, 0x07, 0xFF, 0x70, 0x7F, 0xF7, 0x00,
  0x00, 0x00, 0x77, 0xFE, 0xEE, 0x00, 0x10, 0x07, 0x01, 0xF0, 0x7C, 0x1F,
  0x07, 0xC0, 0xF0, 0x0F, 0x80, 0x3F, 0x00, 0xFC, 0x03, 0xF0, 0x0F, 0x00,
  0x10, 0xFF, 0xFF, 0xFF, 0xFF, 0xF0, 0x00, 0x00, 0x0F, 0xFF, 0xFF, 0xFF,
  0xFF, 0x80, 0x0E, 0x00, 0xF8, 0x07, 0xE0, 0x1F, 0x80, 0x3E, 0x00, 0xF0,
  0x3F, 0x0F, 0xC3, 0xF0, 0xFC, 0x0E, 0x00, 0x80, 0x00, 0x3F, 0x1F, 0xF9,
  0xFF, 0xB0, 0xF0, 0x1E, 0x03, 0xC0, 0xF0, 0x3C, 0x0F, 0x03, 0xC0, 0x70,
  0x00, 0x00, 0x00, 0x38, 0x07, 0x80, 0xF0, 0x1C, 0x00, 0x01, 0xFC, 0x00,
  0xFF, 0xE0, 0x7C, 0x1E, 0x1E, 0x00, 0xE3, 0x8F, 0xCE, 0xE7, 0xF9, 0xD9,
  0xE3, 0x1B, 0x38, 0x63, 0xE6, 0x0C, 0x7C, 0xC1, 0x8F, 0x98, 0x73, 0xF3,
  0x8E, 0x7E, 0x3F, 0xFC, 0xC3, 0xCF, 0x1C, 0x00, 0x01, 0xC0, 0x00, 0x3E,
  0x0E, 0x01, 0xFF, 0xC0, 0x0F, 0xE0, 0x00, 0x03, 0xE0, 0x07, 0xE0, 0x07,
  0xE0, 0x07, 0x70, 0x0F, 0x70, 0x0E, 0x70, 0x0E, 0x78, 0x1E, 0x38, 0x1E,
  0x3C, 0x1C, 0x3C, 0x3F, 0xFC, 0x3F, 0xFE, 0x3F, 0xFE, 0x78, 0x0E, 0x78,
  0x0F, 0x70, 0x0F, 0xF0, 0x0F, 0xFF, 0x87, 0xFF, 0x3F, 0xFD, 0xE1, 0xEF,
  0x07, 0x78, 0x3B, 0xC3, 0xDF, 0xFC, 0xFF, 0xC7, 0xFF, 0xBC, 0x3F, 0xE0,
  0xFF, 0x07, 0xF8, 0x7F, 0xFF, 0xDF, 0xFE, 0xFF, 0xC0, 0x07, 0xF0, 0xFF,
  0xCF, 0xFE, 0x78, 0x37, 0x80, 0x3C, 0x01, 0xC0, 0x1E, 0x00, 0xF0, 0x07,
  0x80, 0x3C, 0x00, 0xF0, 0x07, 0x80, 0x3E, 0x0C, 0xFF, 0xE3, 0xFF, 0x07,
  0xF0, 0xFF, 0x83, 0xFF, 0x8F, 0xFF, 0x3C, 0x3E, 0xF0, 0x7F, 0xC0, 0xFF,
  0x03, 0xFC, 0x07, 0xF0, 0x1F, 0xC0, 0x7F, 0x03, 0xFC, 0x0F, 0xF0, 0x7F,
  0xC3, 0xEF, 0xFF, 0x3F, 0xF8, 0xFF, 0x80, 0xFF, 0xFF, 0xFF, 0xFF, 0xC0,
  0xF0, 0x3C, 0x0F, 0x03, 0xFF, 0xFF, 0xFF, 0xFF, 0x03, 0xC0, 0xF0, 0x3C,
  0x0F, 0xFF, 0xFF, 0xFF, 0xC0, 0xFF, 0xFF, 0xFF, 0xFF, 0xC0, 0xF0, 0x3C,
  0x0F, 0x03, 0xFF, 0xFF, 0xFF, 0xFF, 0x03, 0xC0, 0xF0, 0x3C, 0x0F, 0x03,
  0xC0, 0xF0, 0x00, 0x03, 0xF8, 0x3F, 0xF3, 0xFF, 0xCF, 0x82, 0x7C, 0x01,
  0xE0, 0x07, 0x00, 0x3C, 0x3F, 0xF0, 0xFF, 0xC3, 0xFF, 0x01, 0xDE, 0x07,
  0x78, 0x1D, 0xF0, 0x73, 0xFF, 0xC7, 0xFF, 0x07, 0xF8, 0xF0, 0x1F, 0xC0,
  0x7F, 0x01, 0xFC, 0x07, 0xF0, 0x1F, 0xC0, 0x7F, 0x01, 0xFF, 0xFF, 0xFF,
  0xFF, 0xFF, 0xFF, 0x01, 0xFC, 0x07, 0xF0, 0x1F, 0xC0, 0x7F, 0x01, 0xFC,
  0x07, 0xF0, 0x1C, 0xFF, 0xFF, 0xFF, 0xFF, 0xFF, 0xFF, 0xFF, 0xFF, 0xF0,
  0x0F, 0x0F, 0x0F, 0x0F, 0x0F, 0x0F, 0x0F, 0x0F, 0x0F, 0x0F, 0x0F, 0x0F,
  0x0F, 0x0F, 0x0F, 0x0F, 0x0F, 0x0F, 0x1E, 0xFE, 0xFC, 0xF8, 0xF0, 0x7F,
  0xC1, 0xEF, 0x0F, 0x3C, 0x78, 0xF3, 0xC3, 0xDF, 0x0F, 0x78, 0x3F, 0xC0,
  0xFF, 0x83, 0xFE, 0x0F, 0x3C, 0x3C, 0xF0, 0xF1, 0xE3, 0xC3, 0xCF, 0x0F,
  0x3C, 0x1E, 0xF0, 0x7C, 0xF0, 0x1E, 0x03, 0xC0, 0x78, 0x0F, 0x01, 0xE0,
  0x3C, 0x07, 0x80, 0xF0, 0x1E, 0x03, 0xC0, 0x78, 0x0F, 0x01, 0xE0, 0x3F,
  0xFF, 0xFF, 0xFF, 0xE0, 0xF8, 0x07, 0xFF, 0x01, 0xFF, 0xC0, 0x7F, 0xF0,
  0x3F, 0xEE, 0x0F, 0xFB, 0x83, 0xFE, 0xE1, 0xDF, 0xB8, 0x77, 0xE7, 0x1D,
  0xF9, 0xCE, 0x7E, 0x73, 0x9F, 0x8E, 0xE7, 0xE3, 0xF1, 0xF8, 0xFC, 0x7E,
  0x1F, 0x1F, 0x87, 0x87, 0xE1, 0xE1, 0xC0, 0xF8, 0x0F, 0xF8, 0x1F, 0xF0,
  0x3F, 0xF0, 0x7F, 0xE0, 0xFD, 0xE1, 0xF9, 0xE3, 0xF3, 0xC7, 0xE3, 0xCF,
  0xC7, 0x9F, 0x87, 0xBF, 0x07, 0x7E, 0x0F, 0xFC, 0x0F, 0xF8, 0x1F, 0xF0,
  0x1F, 0xE0, 0x3E, 0x07, 0xF0, 0x0F, 0xFE, 0x0F, 0xFF, 0x87, 0x83, 0xE7,
  0x80, 0xF3, 0xC0, 0x79, 0xC0, 0x1F, 0xE0, 0x0F, 0xF0, 0x07, 0xF8, 0x03,
  0xDC, 0x01, 0xEF, 0x01, 0xE7, 0x80, 0xF1, 0xE0, 0xF8, 0xFF, 0xF8, 0x3F,
  0xF8, 0x07, 0xF0, 0x00, 0xFF, 0x8F, 0xFE, 0xFF, 0xEF, 0x1F, 0xF0, 0xFF,
  0x0F, 0xF0, 0xFF, 0x1F, 0xFF, 0xEF, 0xFC, 0xFF, 0x8F, 0x00, 0xF0, 0x0F,
  0x00, 0xF0, 0x0F, 0x00, 0xF0, 0x00, 0x07, 0xF0, 0x0F, 0xFE, 0x0F, 0xFF,
  0x87, 0x83, 0xE7, 0x80, 0xF3, 0xC0, 0x79, 0xC0, 0x1F, 0xE0, 0x0F, 0xF0,
  0x07, 0xF8, 0x03, 0xDC, 0x01, 0xEF, 0x01, 0xE7, 0x80, 0xF1, 0xE0, 0xF8,
  0xFF, 0xF8, 0x3F, 0xF8, 0x07, 0xF8, 0x00, 0x3E, 0x00, 0x0F, 0x00, 0x03,
  0xC0, 0x00, 0xF0, 0xFF, 0x83, 0xFF, 0x8F, 0xFE, 0x3C, 0x3C, 0xF0, 0xF3,
  0xC3, 0xCF, 0x0F, 0x3F, 0xF8, 0xFF, 0xC3, 0xFE, 0x0F, 0x3C, 0x3C, 0x70,
  0xF1, 0xE3, 0xC3, 0xCF, 0x0F, 0x3C, 0x1E, 0xF0, 0x3C, 0x1F, 0x87, 0xFD,
  0xFF, 0xF8, 0x2F, 0x01, 0xE0, 0x1F, 0x03, 0xF8, 0x3F, 0x81, 0xF8, 0x0F,
  0x80, 0xF0, 0x0F, 0x83, 0xFF, 0xFF, 0xFE, 0x7F, 0x00, 0xFF, 0xFF, 0xFF,
  0xFF, 0xFE, 0x0F, 0x00, 0x78, 0x03, 0xC0, 0x1E, 0x00, 0xF0, 0x07, 0x80,
  0x3C, 0x01, 0xE0, 0x0F, 0x00, 0x78, 0x03, 0xC0, 0x1E, 0x00, 0xF0, 0x07,
  0x80, 0xF0, 0x3F, 0xC0, 0xFF, 0x03, 0xFC, 0x0F, 0xF0, 0x3F, 0xC0, 0xFF,
  0x03, 0xFC, 0x0F, 0xF0, 0x3F, 0xC0, 0xFF, 0x03, 0xFC, 0x0F, 0xF0, 0x3D,
  0xE1, 0xF7, 0xFF, 0x8F, 0xFC, 0x0F, 0xC0, 0xF0, 0x0E, 0xE0, 0x3D, 0xC0,
  0x7B, 0xC0, 0xE3, 0x83, 0xC7, 0x07, 0x8F, 0x0E, 0x0E, 0x1C, 0x1C, 0x78,
  0x3C, 0xE0, 0x39, 0xC0, 0x77, 0x80, 0xFE, 0x00, 0xFC, 0x01, 0xF8, 0x03,
  0xE0, 0x03, 0xC0, 0xF0, 0x38, 0x1F, 0xE0, 0xF8, 0x3D, 0xC1, 0xF0, 0x7B,
  0x83, 0xE0, 0xE7, 0x87, 0xE1, 0xCF, 0x1D, 0xC7, 0x8E, 0x3B, 0x8F, 0x1C,
  0x77, 0x1C, 0x3C, 0xEF, 0x38, 0x7B, 0x8E, 0xF0, 0x77, 0x1D, 0xE0, 0xEE,
  0x3B, 0x81, 0xDC, 0x37, 0x03, 0xF0, 0x7E, 0x03, 0xE0, 0xFC, 0x07, 0xC1,
  0xF0, 0x0F, 0x81, 0xE0, 0x78, 0x1E, 0x78, 0x1E, 0x3C, 0x3C, 0x1C, 0x38,
  0x1E, 0x78, 0x0F, 0xF0, 0x07, 0xE0, 0x07, 0xE0, 0x07, 0xC0, 0x07, 0xE0,
  0x0F, 0xF0, 0x0E, 0xF0, 0x1E, 0x78, 0x3C, 0x3C, 0x38, 0x3C, 0x78, 0x1E,
  0xF0, 0x0F, 0xF0, 0x1E, 0xF0, 0x79, 0xE0, 0xF1, 0xE3, 0xC3, 0xC7, 0x83,
  0xDE, 0x03, 0xB8, 0x07, 0xF0, 0x07, 0xC0, 0x0F, 0x80, 0x0E, 0x00, 0x1C,
  0x00, 0x38, 0x00, 0x70, 0x00, 0xE0, 0x01, 0xC0, 0x03, 0x80, 0xFF, 0xFF,
  0xFF, 0xFF, 0xF0, 0x1E, 0x01, 0xE0, 0x3C, 0x07, 0x80, 0x70, 0x0F, 0x01,
  0xE0, 0x3C, 0x03, 0xC0, 0x78, 0x0F, 0x00, 0xFF, 0xFF, 0xFF, 0xFF, 0xF0,
  0xFF, 0xF9, 0xCE, 0x73, 0x9C, 0xE7, 0x39, 0xCE, 0x73, 0x9C, 0xE7, 0x39,
  0xFF, 0x80, 0xF0, 0x1C, 0x07, 0x01, 0xE0, 0x38, 0x0E, 0x01, 0xC0, 0x70,
  0x1E, 0x03, 0x80, 0xE0, 0x3C, 0x07, 0x01, 0xC0, 0x38, 0x0E, 0x03, 0xC0,
  0xFF, 0xCE, 0x73, 0x9C, 0xE7, 0x39, 0xCE, 0x73, 0x9C, 0xE7, 0x39, 0xCF,
  0xFF, 0x80, 0x0E, 0x00, 0xE0, 0x0F, 0x01, 0xF0, 0x1B, 0x83, 0x98, 0x31,
  0xC7, 0x0C, 0x60, 0xEE, 0x06, 0xE0, 0x70, 0xFF, 0xFF, 0xF0, 0xF0, 0xF0,
  0xF0, 0x70, 0x1F, 0x87, 0xFE, 0x3F, 0xE2, 0x0F, 0x00, 0xF1, 0xFF, 0x7F,
  0xFF, 0x8F, 0xF0, 0xFF, 0x0F, 0xFF, 0xF7, 0xF7, 0x3E, 0x70, 0xE0, 0x0E,
  0x00, 0xE0, 0x0E, 0x00, 0xE0, 0x0E, 0x78, 0xEF, 0xEF, 0xFE, 0xF0, 0xFF,
  0x0F, 0xE0, 0xFE, 0x0F, 0xF0, 0xFF, 0x0F, 0xF0, 0xFF, 0xFE, 0xEF, 0xEE,
  0x78, 0x0F, 0xCF, 0xF7, 0xFD, 0xE1, 0xF0, 0x3C, 0x0F, 0x03, 0xC0, 0xF0,
  0x3E, 0x17, 0xFC, 0xFF, 0x1F, 0x80, 0x00, 0x70, 0x07, 0x00, 0x70, 0x07,
  0x00, 0x71, 0xE7, 0x3F, 0xF7, 0xFF, 0xF8, 0xFF, 0x07, 0xF0, 0x7F, 0x07,
  0xF0, 0x7F, 0x07, 0xF8, 0xF7, 0xFF, 0x3F, 0x71, 0xE7, 0x0F, 0x83, 0xFE,
  0x7F, 0xE7, 0x0F, 0xF0, 0x7F, 0xFF, 0xFF, 0xFF, 0x00, 0xF0, 0x07, 0x80,
  0x7F, 0xE3, 0xFE, 0x0F, 0xC0, 0x0F, 0xC7, 0xF1, 0xFC, 0xF0, 0x3C, 0x1F,
  0xEF, 0xFB, 0xFE, 0x3C, 0x0F, 0x03, 0xC0, 0xF0, 0x3C, 0x0F, 0x03, 0xC0,
  0xF0, 0x3C, 0x0F, 0x00, 0x0F, 0xF9, 0xFF, 0xDE, 0x3C, 0xF1, 0xE7, 0x0F,
  0x3C, 0x79, 0xE3, 0x87, 0xFC, 0x1F, 0x81, 0xC0, 0x0E, 0x00, 0x7F, 0xC1,
  0xFF, 0xBF, 0xFF, 0xC0, 0xFC, 0x07, 0xF0, 0xFB, 0xFF, 0x8F, 0xF0, 0xE0,
  0x0E, 0x00, 0xE0, 0x0E, 0x00, 0xE0, 0x0E, 0x7C, 0xEF, 0xEF, 0xFF, 0xF0,
  0xFF, 0x0F, 0xF0, 0xFE, 0x0F, 0xE0, 0xFE, 0x0F, 0xE0, 0xFE, 0x0F, 0xE0,
  0xFE, 0x0F, 0x4F, 0xFE, 0x00, 0xEE, 0xEE, 0xEE, 0xEE, 0xEE, 0xEE, 0xE0,
  0x04, 0x0F, 0x0F, 0x0E, 0x00, 0x00, 0x0E, 0x0E, 0x0E, 0x0E, 0x0E, 0x0E,
  0x0E, 0x0E, 0x0E, 0x0E, 0x0E, 0x0E, 0x0E, 0x0E, 0x0E, 0x0E, 0xFE, 0xFE,
  0xF8, 0xE0, 0x07, 0x00, 0x38, 0x01, 0xC0, 0x0E, 0x00, 0x70, 0x7B, 0x87,
  0x9C, 0x78, 0xE7, 0x87, 0x78, 0x3B, 0xC1, 0xFE, 0x0F, 0xF8, 0x79, 0xE3,
  0x8F, 0x1C, 0x3C, 0xE0, 0xF7, 0x07, 0xC0, 0xFF, 0xFF, 0xFF, 0xFF, 0xFF,
  0xFF, 0xFC, 0xE7, 0xC7, 0xCE, 0xFE, 0xFE, 0xFF, 0xFF, 0xEF, 0x1F, 0x8F,
  0xF0, 0xF0, 0xFF, 0x0F, 0x0F, 0xE0, 0xF0, 0xFE, 0x0F, 0x0F, 0xE0, 0xF0,
  0xFE, 0x0F, 0x0F, 0xE0, 0xF0, 0xFE, 0x0F, 0x0F, 0xE0, 0xF0, 0xF0, 0xE7,
  0xCE, 0xFE, 0xFF, 0xFF, 0x0F, 0xF0, 0xFF, 0x0F, 0xE0, 0xFE, 0x0F, 0xE0,
  0xFE, 0x0F, 0xE0, 0xFE, 0x0F, 0xE0, 0xF0, 0x0F, 0x81, 0xFF, 0x1F, 0xFC,
  0xF1, 0xEF, 0x07, 0xF8, 0x3F, 0xC1, 0xFE, 0x0F, 0xF0, 0x7B, 0xC7, 0x9F,
  0xFC, 0x7F, 0xC0, 0xF8, 0x00, 0xE7, 0x8E, 0xFE, 0xFF, 0xEF, 0x0F, 0xF0,
  0xFE, 0x0F, 0xE0, 0xFF, 0x0F, 0xF0, 0xFF, 0x0F, 0xFF, 0xEE, 0xFE, 0xE7,
  0x8E, 0x00, 0xE0, 0x0E, 0x00, 0xE0, 0x0E, 0x00, 0xE0, 0x00, 0x1E, 0x73,
  0xFF, 0x7F, 0xFF, 0x8F, 0xF0, 0x7F, 0x07, 0xF0, 0x7F, 0x07, 0xF0, 0x7F,
  0x8F, 0x7F, 0xF3, 0xF7, 0x1E, 0x70, 0x07, 0x00, 0x70, 0x07, 0x00, 0x70,
  0x07, 0x00, 0x70, 0xE7, 0xEF, 0xFF, 0xFC, 0xF0, 0xF0, 0xE0, 0xE0, 0xE0,
  0xE0, 0xE0, 0xE0, 0xE0, 0x3F, 0x9F, 0xFF, 0xFB, 0xC2, 0xF8, 0x1F, 0x83,
  0xF8, 0x3F, 0x03, 0xE0, 0xFF, 0xFF, 0xFE, 0x7F, 0x00, 0x38, 0x1C, 0x0E,
  0x0F, 0xFF, 0xFF, 0xFD, 0xE0, 0xF0, 0x78, 0x3C, 0x1E, 0x0F, 0x07, 0x83,
  0xFC, 0xFE, 0x3E, 0xE0, 0xFE, 0x0F, 0xE0, 0xFE, 0x0F, 0xE0, 0xFE, 0x0F,
  0xE0, 0xFE, 0x0F, 0xE0, 0xFF, 0x1F, 0xFF, 0xF7, 0xF7, 0x3E, 0x70, 0xF0,
  0x3B, 0x83, 0xDE, 0x1E, 0xF0, 0xE3, 0x8F, 0x1E, 0x78, 0xF3, 0x83, 0xBC,
  0x1F, 0xC0, 0x7E, 0x03, 0xF0, 0x1F, 0x00, 0x78, 0x00, 0xF0, 0xF0, 0x77,
  0x0F, 0x8F, 0x70, 0xF8, 0xF7, 0x9F, 0x8E, 0x39, 0xD8, 0xE3, 0x9D, 0xDE,
  0x39, 0x9D, 0xC3, 0xF9, 0xDC, 0x1F, 0x8D, 0xC1, 0xF8, 0xDC, 0x1F, 0x0F,
  0x80, 0xF0, 0xF8, 0x0F, 0x07, 0x80, 0x78, 0x7B, 0xC3, 0xCF, 0x3C, 0x3F,
  0xC1, 0xFE, 0x07, 0xE0, 0x3E, 0x01, 0xF8, 0x1F, 0xE1, 0xE7, 0x0F, 0x3C,
  0xF0, 0xFF, 0x07, 0x80, 0xF0, 0x3B, 0x83, 0xDE, 0x1E, 0xF0, 0xE3, 0x8F,
  0x1E, 0x78, 0x73, 0x83, 0xBC, 0x1F, 0xE0, 0x7E, 0x03, 0xF0, 0x0F, 0x00,
  0x78, 0x03, 0xC0, 0x1C, 0x01, 0xE0, 0x7E, 0x03, 0xF0, 0x1E, 0x00, 0xFF,
  0xFF, 0xFF, 0xFC, 0x1E, 0x0F, 0x03, 0x81, 0xE0, 0xF0, 0x78, 0x1C, 0x0F,
  0xFF, 0xFF, 0xFF, 0xC0, 0x07, 0x87, 0xC7, 0xE3, 0xC1, 0xC0, 0xE0, 0x70,
  0x38, 0x1C, 0x7E, 0x3C, 0x1F, 0x81, 0xC0, 0xE0, 0x70, 0x38, 0x1C, 0x0F,
  0x07, 0xE1, 0xF0, 0x78, 0xFF, 0xFF, 0xFF, 0xFF, 0xFF, 0xFF, 0xFF, 0xFF,
  0xF8, 0xF0, 0xF8, 0xF8, 0x38, 0x38, 0x38, 0x38, 0x38, 0x3C, 0x1F, 0x0F,
  0x1F, 0x3C, 0x38, 0x38, 0x38, 0x38, 0x38, 0xF8, 0xF8, 0xF0, 0x7C, 0x1F,
  0xFF, 0xFF, 0xF8, 0x3E
};

const GFXglyph OpenSansBold12pt7bGlyphs[] PROGMEM = {
  {     0,   0,   0,   6,    0,    0 },  // 0x20 ' '
  {     0,   4,  17,   7,    1,  -16 },  // 0x21 '!'
  {     9,   8,   6,  11,    2,  -16 },  // 0x22 '"'
  {    15,  14,  17,  16,    1,  -16 },  // 0x23 '#'
  {    45,  12,  19,  14,    1,  -17 },  // 0x24 '$'
  {    74,  20,  17,  22,    1,  -16 },  // 0x25 '%'
  {   117,  17,  17,  18,    1,  -16 },  // 0x26 '&'
  {   154,   3,   6,   6,    2,  -16 },  // 0x27 '\''
  {   157,   6,  21,   8,    1,  -16 },  // 0x28 '('
  {   173,   6,  21,   8,    1,  -16 },  // 0x29 ')'
  {   189,  11,  11,  13,    1,  -17 },  // 0x2A '*'
  {   205,  12,  12,  14,    1,  -14 },  // 0x2B '+'
  {   223,   4,   6,   7,    1,   -2 },  // 0x2C ','
  {   226,   6,   3,   8,    1,   -7 },  // 0x2D '-'
  {   229,   4,   4,   7,    1,   -3 },  // 0x2E '.'
  {   231,  10,  17,  10,    0,  -16 },  // 0x2F '/'
  {   253,  12,  17,  14,    1,  -16 },  // 0x30 '0'
  {   279,   8,  17,  14,    2,  -16 },  // 0x31 '1'
  {   296,  12,  17,  14,    1,  -16 },  // 0x32 '2'
  {   322,  12,  17,  14,    1,  -16 },  // 0x33 '3'
  {   348,  13,  17,  14,    0,  -16 },  // 0x34 '4'
  {   376,  12,  17,  14,    1,  -16 },  // 0x35 '5'
  {   402,  12,  17,  14,    1,  -16 },  // 0x36 '6'
  {   428,  12,  17,  14,    1,  -16 },  // 0x37 '7'
  {   454,  12,  17,  14,    1,  -16 },  // 0x38 '8'
  {   480,  12,  17,  14,    1,  -16 },  // 0x39 '9'
  {   506,   4,  13,   7,    1,  -12 },  // 0x3A ':'
  {   513,   4,  16,   7,    1,  -12 },  // 0x3B ';'
  {   521,  12,  13,  14,    1,  -14 },  // 0x3C '<'
  {   541,  12,   8,  14,    1,  -11 },  // 0x3D '='
  {   553,  12,  13,  14,    1,  -14 },  // 0x3E '>'
  {   573,  11,  17,  11,    0,  -16 },  // 0x3F '?'
  {   597,  19,  19,  22,    1,  -16 },  // 0x40 '@'
  {   643,  16,  17,  17,    0,  -16 },  // 0x41 'A'
  {   677,  13,  17,  16,    2,  -16 },  // 0x42 'B'
  {   705,  13,  17,  15,    1,  -16 },  // 0x43 'C'
  {   733,  14,  17,  18,    2,  -16 },  // 0x44 'D'
  {   763,  10,  17,  13,    2,  -16 },  // 0x45 'E'
  {   785,  10,  17,  13,    2,  -16 },  // 0x46 'F'
  {   807,  14,  17,  17,    1,  -16 },  // 0x47 'G'
  {   837,  14,  17,  18,    2,  -16 },  // 0x48 'H'
  {   867,   4,  17,   8,    2,  -16 },  // 0x49 'I'
  {   876,   8,  22,   8,   -2,  -16 },  // 0x4A 'J'
  {   898,  14,  17,  16,    2,  -16 },  // 0x4B 'K'
  {   928,  11,  17,  14,    2,  -16 },  // 0x4C 'L'
  {   952,  18,  17,  23,    2,  -16 },  // 0x4D 'M'
  {   991,  15,  17,  20,    2,  -16 },  // 0x4E 'N'
  {  1023,  17,  17,  19,    1,  -16 },  // 0x4F 'O'
  {  1060,  12,  17,  15,    2,  -16 },  // 0x50 'P'
  {  1086,  17,  21,  19,    1,  -16 },  // 0x51 'Q'
  {  1131,  14,  17,  16,    2,  -16 },  // 0x52 'R'
  {  1161,  11,  17,  13,    1,  -16 },  // 0x53 'S'
  {  1185,  13,  17,  14,    0,  -16 },  // 0x54 'T'
  {  1213,  14,  17,  18,    2,  -16 },  // 0x55 'U'
  {  1243,  15,  17,  16,    0,  -16 },  // 0x56 'V'
  {  1275,  23,  17,  23,    0,  -16 },  // 0x57 'W'
  {  1324,  16,  17,  16,    0,  -16 },  // 0x58 'X'
  {  1358,  15,  17,  15,    0,  -16 },  // 0x59 'Y'
  {  1390,  12,  17,  14,    1,  -16 },  // 0x5A 'Z'
  {  1416,   5,  21,   8,    2,  -16 },  // 0x5B '['
  {  1430,  10,  17,  10,    0,  -16 },  // 0x5C '\\'
  {  1452,   5,  21,   8,    1,  -16 },  // 0x5D ']'
  {  1466,  12,  11,  14,    1,  -16 },  // 0x5E '^'
  {  1483,  10,   2,  10,   -1,    3 },  // 0x5F '_'
  {  1486,   7,   4,   9,    1,  -18 },  // 0x60 '`'
  {  1490,  12,  13,  15,    1,  -12 },  // 0x61 'a'
  {  1510,  12,  18,  15,    2,  -17 },  // 0x62 'b'
  {  1537,  10,  13,  12,    1,  -12 },  // 0x63 'c'
  {  1554,  12,  18,  15,    1,  -17 },  // 0x64 'd'
  {  1581,  12,  13,  14,    1,  -12 },  // 0x65 'e'
  {  1601,  10,  18,   9,    0,  -17 },  // 0x66 'f'
  {  1624,  13,  19,  14,    0,  -12 },  // 0x67 'g'
  {  1655,  12,  18,  16,    2,  -17 },  // 0x68 'h'
  {  1682,   4,  19,   7,    2,  -18 },  // 0x69 'i'
  {  1692,   8,  25,   7,   -2,  -18 },  // 0x6A 'j'
  {  1717,  13,  18,  15,    2,  -17 },  // 0x6B 'k'
  {  1747,   3,  18,   7,    2,  -17 },  // 0x6C 'l'
  {  1754,  20,  13,  24,    2,  -12 },  // 0x6D 'm'
  {  1787,  12,  13,  16,    2,  -12 },  // 0x6E 'n'
  {  1807,  13,  13,  15,    1,  -12 },  // 0x6F 'o'
  {  1829,  12,  19,  15,    2,  -12 },  // 0x70 'p'
  {  1858,  12,  19,  15,    1,  -12 },  // 0x71 'q'
  {  1887,   8,  13,  11,    2,  -12 },  // 0x72 'r'
  {  1900,  10,  13,  12,    1,  -12 },  // 0x73 's'
  {  1917,   9,  16,  10,    1,  -15 },  // 0x74 't'
  {  1935,  12,  13,  16,    2,  -12 },  // 0x75 'u'
  {  1955,  13,  13,  14,    0,  -12 },  // 0x76 'v'
  {  1977,  20,  13,  21,    0,  -12 },  // 0x77 'w'
  {  2010,  13,  13,  14,    0,  -12 },  // 0x78 'x'
  {  2032,  13,  19,  14,    0,  -12 },  // 0x79 'y'
  {  2063,  10,  13,  12,    1,  -12 },  // 0x7A 'z'
  {  2080,   9,  21,   9,    0,  -16 },  // 0x7B '{'
  {  2104,   3,  23,  13,    5,  -17 },  // 0x7C '|'
  {  2113,   8,  21,   9,    1,  -16 },  // 0x7D '}'
  {  2134,  12,   4,  14,    1,   -9 },  // 0x7E '~'
};

const GFXfont OpenSansBold12pt7b PROGMEM = {
  (uint8_t *)OpenSansBold12pt7bBitmaps,
  (GFXglyph *)OpenSansBold12pt7bGlyphs,
  0x20, 0x7E, 34
};

const uint8_t OpenSansBold18pt7bBitmaps[] PROGMEM = {
  0xFF, 0xFF, 0xFF, 0xFF, 0xFF, 0xFF, 0x7D, 0xE7, 0x9E, 0x79, 0xE7, 0x9E,
  0x00, 0x00, 0x1E, 0xFF, 0xFF, 0xFF, 0x78, 0xF8, 0xFF, 0x8F, 0xF8, 0xF7,
  0x8F, 0x78, 0xF7, 0x8F, 0x78, 0xF7, 0x0F, 0x70, 0xF0, 0x01, 0xE3, 0xC0,
  0x0F, 0x1E, 0x00, 0x78, 0xF0, 0x03, 0x87, 0x00, 0x3C, 0x38, 0x01, 0xE3,
  0xC0, 0x0F, 0x1E, 0x0F, 0xFF, 0xFF, 0x7F, 0xFF, 0xFB, 0xFF, 0xFF, 0xDF,
  0xFF, 0xFE, 0x0F, 0x1E, 0x00, 0x78, 0xF0, 0x03, 0xC7, 0x80, 0x1C, 0x38,
  0x1F, 0xFF, 0xFE, 0xFF, 0xFF, 0xF7, 0xFF, 0xFF, 0xBF, 0xFF, 0xFC, 0x1C,
  0x38, 0x01, 0xE3, 0xC0, 0x0F, 0x1E, 0x00, 0x78, 0xF0, 0x03, 0xC7, 0x80,
  0x1C, 0x38, 0x00, 0x00, 0xC0, 0x00, 0x30, 0x00, 0x0C, 0x00, 0x1F, 0xF0,
  0x1F, 0xFF, 0x8F, 0xFF, 0xE7, 0xFF, 0xF1, 0xFB, 0x3C, 0x7C, 0xC0, 0x3F,
  0x30, 0x07, 0xCC, 0x01, 0xFF, 0x00, 0x7F, 0xC0, 0x0F, 0xFE, 0x00, 0xFF,
  0xE0, 0x0F, 0xFC, 0x00, 0xFF, 0x80, 0x3F, 0xE0, 0x0C, 0xFC, 0x03, 0x3F,
  0x40, 0xCF, 0xDE, 0x37, 0xE7, 0xFF, 0xF9, 0xFF, 0xFC, 0x7F, 0xFE, 0x07,
  0xFE, 0x00, 0x0C, 0x00, 0x03, 0x00, 0x00, 0xC0, 0x00, 0x1F, 0x80, 0x1E,
  0x01, 0xFE, 0x00, 0xF0, 0x1F, 0xF8, 0x0F, 0x00, 0xFF, 0xC0, 0x78, 0x0F,
  0x9F, 0x07, 0x80, 0x7C, 0xF8, 0x3C, 0x03, 0xC3, 0xC3, 0xC0, 0x1E, 0x1E,
  0x3E, 0x00, 0xF0, 0xF1, 0xE0, 0x07, 0x87, 0x9E, 0x3E, 0x3E, 0x7C, 0xF7,
  0xF9, 0xF3, 0xEF, 0x3F, 0xE7, 0xFE, 0x7B, 0xFF, 0xBF, 0xF7, 0x9E, 0x3C,
  0xFF, 0x3C, 0xF1, 0xE3, 0xF3, 0xC7, 0x8F, 0x00, 0x3E, 0x3C, 0x78, 0x01,
  0xE1, 0xE3, 0xC0, 0x1E, 0x0F, 0x1E, 0x00, 0xF0, 0x78, 0xF0, 0x0F, 0x03,
  0xC7, 0x80, 0x78, 0x1F, 0xFC, 0x07, 0x80, 0x7F, 0xC0, 0x3C, 0x01, 0xFC,
  0x03, 0xC0, 0x07, 0xC0, 0x01, 0xF8, 0x00, 0x03, 0xFF, 0x00, 0x03, 0xFF,
  0xC0, 0x03, 0xFF, 0xF0, 0x01, 0xF1, 0xF8, 0x00, 0xF0, 0x7C, 0x00, 0x78,
  0x3E, 0x00, 0x3E, 0x1F, 0x00, 0x1F, 0x1F, 0x00, 0x0F, 0xFF, 0x00, 0x03,
  0xFF, 0x80, 0x00, 0xFF, 0x00, 0x01, 0xFF, 0x01, 0xF1, 0xFF, 0xC1, 0xF9,
  0xFF, 0xF0, 0xF8, 0xFC, 0xFC, 0xFC, 0x7C, 0x3F, 0x7C, 0x7E, 0x0F, 0xFE,
  0x3F, 0x03, 0xFE, 0x1F, 0xC0, 0xFE, 0x07, 0xF8, 0xFF, 0x83, 0xFF, 0xFF,
  0xE0, 0xFF, 0xFF, 0xF8, 0x3F, 0xFE, 0xFE, 0x03, 0xF8, 0x3F, 0x80, 0xFF,
  0xFE, 0xF7, 0xBD, 0xEE, 0x70, 0x07, 0x87, 0xC3, 0xC3, 0xE1, 0xE1, 0xF0,
  0xF0, 0x78, 0x7C, 0x3E, 0x1E, 0x0F, 0x07, 0x87, 0xC3, 0xE1, 0xF0, 0xF8,
  0x7C, 0x1E, 0x0F, 0x07, 0x83, 0xE1, 0xF0, 0xF8, 0x3C, 0x1F, 0x07, 0x83,
  0xE0, 0xF0, 0x7C, 0x1E, 0xF8, 0x3C, 0x0F, 0x07, 0xC1, 0xE0, 0xF8, 0x7C,
  0x1E, 0x0F, 0x87, 0xC3, 0xE0, 0xF0, 0x78, 0x3C, 0x1E, 0x0F, 0x07, 0x83,
  0xC1, 0xE0, 0xF0, 0xF8, 0x7C, 0x3E, 0x1E, 0x1F, 0x0F, 0x87, 0x87, 0xC3,
  0xC3, 0xC3, 0xE0, 0x03, 0xE0, 0x01, 0xF0, 0x00, 0x70, 0x00, 0x38, 0x00,
  0x1C, 0x03, 0xCE, 0x7F, 0xFF, 0xFF, 0xFF, 0xFF, 0xFF, 0xFF, 0x83, 0xF8,
  0x01, 0xFC, 0x01, 0xEF, 0x01, 0xF7, 0xC1, 0xF1, 0xF0, 0x78, 0xF0, 0x08,
  0x20, 0x01, 0xE0, 0x00, 0xF0, 0x00, 0x78, 0x00, 0x3C, 0x00, 0x1E, 0x00,
  0x0F, 0x03, 0xFF, 0xFF, 0xFF, 0xFF, 0xFF, 0xFF, 0xFF, 0xFF, 0xC0, 0x78,
  0x00, 0x3C, 0x00, 0x1E, 0x00, 0x0F, 0x00, 0x07, 0x80, 0x03, 0xC0, 0x01,
  0xE0, 0x00, 0x3E, 0x7D, 0xF3, 0xE7, 0xCF, 0x1E, 0x78, 0xF0, 0xFF, 0xFF,
  0xFF, 0xFF, 0xF0, 0x7B, 0xFF, 0xFF, 0xFD, 0xE0, 0x00, 0x7C, 0x01, 0xF0,
  0x07, 0x80, 0x3E, 0x00, 0xF8, 0x07, 0xC0, 0x1F, 0x00, 0x7C, 0x03, 0xE0,
  0x0F, 0x80, 0x3C, 0x01, 0xF0, 0x07, 0xC0, 0x1E, 0x00, 0xF8, 0x03, 0xE0,
  0x1F, 0x00, 0x7C, 0x01, 0xE0, 0x0F, 0x80, 0x3E, 0x00, 0xF0, 0x07, 0xC0,
  0x1F, 0x00, 0xF8, 0x00, 0x03, 0xF0, 0x03, 0xFF, 0x01, 0xFF, 0xE0, 0xFF,
  0xFC, 0x3F, 0x3F, 0x1F, 0x87, 0xE7, 0xC0, 0xF9, 0xF0, 0x3E, 0x7C, 0x0F,
  0xBF, 0x03, 0xFF, 0xC0, 0xFF, 0xF0, 0x3F, 0xFC, 0x0F, 0xFF, 0x03, 0xFF,
  0xC0, 0xFF, 0xF0, 0x3F, 0x7C, 0x0F, 0xDF, 0x03, 0xE7, 0xC0, 0xF9, 0xF8,
  0x7E, 0x3F, 0x3F, 0x0F, 0xFF, 0xC1, 0xFF, 0xE0, 0x3F, 0xF0, 0x03, 0xF0,
  0x00, 0x00, 0xF0, 0x3F, 0x07, 0xF0, 0xFF, 0x1F, 0xF3, 0xFF, 0xFD, 0xF7,
  0x9F, 0x71, 0xF2, 0x1F, 0x01, 0xF0, 0x1F, 0x01, 0xF0, 0x1F, 0x01, 0xF0,
  0x1F, 0x01, 0xF0, 0x1F, 0x01, 0xF0, 0x1F, 0x01, 0xF0, 0x1F, 0x01, 0xF0,
  0x1F, 0x01, 0xF0, 0x07, 0xF8, 0x07, 0xFF, 0x83, 0xFF, 0xF3, 0xFF, 0xFC,
  0x7F, 0x3F, 0x8E, 0x07, 0xE1, 0x00, 0xF8, 0x00, 0x3E, 0x00, 0x0F, 0x80,
  0x07, 0xE0, 0x01, 0xF0, 0x00, 0xFC, 0x00, 0x7E, 0x00, 0x3F, 0x00, 0x1F,
  0x80, 0x0F, 0xC0, 0x07, 0xE0, 0x03, 0xF0, 0x01, 0xF8, 0x00, 0xFC, 0x00,
  0x7E, 0x00, 0x3F, 0xFF, 0xFF, 0xFF, 0xFF, 0xFF, 0xFF, 0xFF, 0xFF, 0xC0,
  0x0F, 0xF8, 0x0F, 0xFF, 0x8F, 0xFF, 0xF1, 0xFF, 0xFC, 0x3C, 0x3F, 0x8C,
  0x07, 0xE0, 0x00, 0xF8, 0x00, 0x3E, 0x00, 0x1F, 0x00, 0x0F, 0xC0, 0xFF,
  0xC0, 0x3F, 0xC0, 0x0F, 0xFC, 0x03, 0xFF, 0xC0, 0x03, 0xF8, 0x00, 0x3E,
  0x00, 0x0F, 0xC0, 0x03, 0xF0, 0x00, 0xFE, 0x00, 0x7E, 0xF0, 0x3F, 0xBF,
  0xFF, 0xCF, 0xFF, 0xF3, 0xFF, 0xF0, 0x1F, 0xF0, 0x00, 0x00, 0x3E, 0x00,
  0x0F, 0x80, 0x07, 0xE0, 0x03, 0xF8, 0x00, 0xFE, 0x00, 0x7F, 0x80, 0x3F,
  0xE0, 0x1F, 0xF8, 0x07, 0xBE, 0x03, 0xCF, 0x81, 0xF3, 0xE0, 0x78, 0xF8,
  0x3C, 0x3E, 0x1F, 0x0F, 0x87, 0x83, 0xE3, 0xE0, 0xF8, 0xFF, 0xFF, 0xFF,
  0xFF, 0xFF, 0xFF, 0xFF, 0xFF, 0xFF, 0x00, 0x3E, 0x00, 0x0F, 0x80, 0x03,
  0xE0, 0x00, 0xF8, 0x00, 0x3E, 0x00, 0x7F, 0xFE, 0x7F, 0xFE, 0x7F, 0xFE,
  0x7F, 0xFE, 0x7C, 0x00, 0x7C, 0x00, 0x7C, 0x00, 0x7C, 0x00, 0xF8, 0x00,
  0xFF, 0xF0, 0xFF, 0xFC, 0xFF, 0xFE, 0xFF, 0xFE, 0x30, 0xFF, 0x00, 0x3F,
  0x00, 0x1F, 0x00, 0x1F, 0x00, 0x1F, 0x00, 0x1F, 0x80, 0x3F, 0xF0, 0xFF,
  0xFF, 0xFE, 0xFF, 0xFC, 0xFF, 0xF8, 0x3F, 0xC0, 0x00, 0xFF, 0x00, 0xFF,
  0xC0, 0xFF, 0xF0, 0x7F, 0xFC, 0x1F, 0xC0, 0x0F, 0xC0, 0x03, 0xE0, 0x01,
  0xF0, 0x00, 0x7C, 0x00, 0x1E, 0x3F, 0x0F, 0xBF, 0xE3, 0xEF, 0xFC, 0xFF,
  0xFF, 0xBF, 0x87, 0xEF, 0xC0, 0xFF, 0xF0, 0x1F, 0xF8, 0x07, 0xFF, 0x01,
  0xF7, 0xC0, 0x7D, 0xF8, 0x3E, 0x7F, 0x1F, 0x8F, 0xFF, 0xE1, 0xFF, 0xF0,
  0x3F, 0xF8, 0x03, 0xF8, 0x00, 0xFF, 0xFF, 0xFF, 0xFF, 0xFF, 0xFF, 0xFF,
  0xFF, 0xFF, 0x00, 0x0F, 0x80, 0x03, 0xE0, 0x01, 0xF8, 0x00, 0x7C, 0x00,
  0x3F, 0x00, 0x0F, 0x80, 0x07, 0xE0, 0x01, 0xF0, 0x00, 0x7C, 0x00, 0x3E,
  0x00, 0x0F, 0x80, 0x07, 0xE0, 0x01, 0xF0, 0x00, 0xFC, 0x00, 0x3E, 0x00,
  0x1F, 0x80, 0x07, 0xC0, 0x03, 0xF0, 0x00, 0xFC, 0x00, 0x3E, 0x00, 0x1F,
  0x80, 0x00, 0x03, 0xF8, 0x07, 0xFF, 0x83, 0xFF, 0xF0, 0xFF, 0xFC, 0x7E,
  0x1F, 0x9F, 0x03, 0xE7, 0xC0, 0xF9, 0xF0, 0x3E, 0x3E, 0x1F, 0x0F, 0xFF,
  0xC1, 0xFF, 0xE0, 0x3F, 0xE0, 0x0F, 0xFC, 0x07, 0xFF, 0x83, 0xF3, 0xF1,
  0xF0, 0x7E, 0xFC, 0x0F, 0xBE, 0x01, 0xFF, 0x80, 0x7F, 0xE0, 0x1F, 0x7C,
  0x0F, 0x9F, 0xFF, 0xE3, 0xFF, 0xF0, 0x7F, 0xF8, 0x07, 0xF8, 0x00, 0x07,
  0xF0, 0x07, 0xFF, 0x03, 0xFF, 0xE1, 0xFF, 0xFC, 0x7E, 0x3F, 0x3F, 0x07,
  0xEF, 0x80, 0xFB, 0xE0, 0x3E, 0xF8, 0x0F, 0xFE, 0x03, 0xFF, 0xC0, 0xFD,
  0xF8, 0x7F, 0x7F, 0xFF, 0xCF, 0xFD, 0xF1, 0xFF, 0x78, 0x3F, 0x1E, 0x00,
  0x0F, 0x80, 0x03, 0xE0, 0x01, 0xF0, 0x00, 0xFC, 0x00, 0xFE, 0x0F, 0xFF,
  0x83, 0xFF, 0xC0, 0xFF, 0xC0, 0x3F, 0xC0, 0x00, 0x7B, 0xFF, 0xFF, 0xFD,
  0xC0, 0x00, 0x00, 0x00, 0x00, 0x01, 0xEF, 0xFF, 0xFF, 0xF7, 0x80, 0x3C,
  0xFD, 0xFB, 0xF7, 0xE7, 0x00, 0x00, 0x00, 0x00, 0x00, 0x00, 0x00, 0x00,
  0x1F, 0x3E, 0xF9, 0xF3, 0xE7, 0x8F, 0x3C, 0x78, 0x00, 0x00, 0x80, 0x01,
  0xC0, 0x03, 0xE0, 0x07, 0xF0, 0x0F, 0xF8, 0x1F, 0xE0, 0x3F, 0xC0, 0x7F,
  0x80, 0xFF, 0x00, 0x7E, 0x00, 0x3F, 0xE0, 0x07, 0xFC, 0x00, 0x7F, 0xC0,
  0x0F, 0xF8, 0x01, 0xFE, 0x00, 0x1F, 0x00, 0x03, 0x80, 0x00, 0x40, 0xFF,
  0xFF, 0xFF, 0xFF, 0xFF, 0xFF, 0xFF, 0xFF, 0xF0, 0x00, 0x00, 0x00, 0x00,
  0x00, 0x01, 0xFF, 0xFF, 0xFF, 0xFF, 0xFF, 0xFF, 0xFF, 0xFF, 0xE0, 0xC0,
  0x00, 0x78, 0x00, 0x3F, 0x00, 0x1F, 0xE0, 0x07, 0xFC, 0x00, 0x7F, 0x80,
  0x0F, 0xF0, 0x01, 0xFE, 0x00, 0x3F, 0x80, 0x07, 0xC0, 0x1F, 0xE0, 0x3F,
  0xE0, 0xFF, 0x81, 0xFF, 0x03, 0xFE, 0x01, 0xF8, 0x00, 0xF0, 0x00, 0x60,
  0x00, 0x00, 0x0F, 0xF0, 0x7F, 0xFC, 0xFF, 0xFE, 0x7F, 0xFE, 0x78, 0x3F,
  0x20, 0x1F, 0x00, 0x1F, 0x00, 0x1F, 0x00, 0x3E, 0x00, 0xFC, 0x01, 0xF8,
  0x03, 0xF0, 0x07, 0xE0, 0x07, 0xC0, 0x07, 0x80, 0x07, 0x80, 0x00, 0x00,
  0x00, 0x00, 0x00, 0x00, 0x03, 0x80, 0x07, 0xC0, 0x0F, 0xC0, 0x0F, 0xC0,
  0x0F, 0xC0, 0x07, 0x80, 0x00, 0x1F, 0xE0, 0x00, 0x0F, 0xFF, 0x80, 0x03,
  0xFF, 0xFE, 0x00, 0x7F, 0x07, 0xF0, 0x0F, 0x80, 0x0F, 0x81, 0xF0, 0x00,
  0x7C, 0x3C, 0x00, 0x03, 0xC3, 0xC1, 0xFE, 0x1E, 0x78, 0x7F, 0xF9, 0xE7,
  0x8F, 0xFF, 0x8E, 0xF1, 0xF0, 0x70, 0xFF, 0x1E, 0x07, 0x0F, 0xF3, 0xE0,
  0xF0, 0xFF, 0x3C, 0x0F, 0x0F, 0xF3, 0xC0, 0xF0, 0xEF, 0x3C, 0x0F, 0x0E,
  0xF3, 0xE0, 0xF1, 0xEF, 0x1E, 0x1F, 0xBC, 0xF1, 0xFF, 0xFF, 0xCF, 0x0F,
  0xFB, 0xF8, 0x78, 0x3E, 0x1F, 0x07, 0x80, 0x00, 0x00, 0x3C, 0x00, 0x00,
  0x03, 0xF0, 0x00, 0x40, 0x1F, 0xE0, 0xFC, 0x00, 0xFF, 0xFF, 0xC0, 0x03,
  0xFF, 0xF8, 0x00, 0x07, 0xFC, 0x00, 0x00, 0x7E, 0x00, 0x00, 0xFF, 0x00,
  0x00, 0xFF, 0x00, 0x00, 0xFF, 0x80, 0x01, 0xFF, 0x80, 0x01, 0xF7, 0x80,
  0x01, 0xE7, 0xC0, 0x03, 0xE7, 0xC0, 0x03, 0xE7, 0xC0, 0x07, 0xC3, 0xE0,
  0x07, 0xC3, 0xE0, 0x07, 0xC3, 0xE0, 0x0F, 0xC1, 0xF0, 0x0F, 0x81, 0xF0,
  0x0F, 0x81, 0xF0, 0x1F, 0xFF, 0xF8, 0x1F, 0xFF, 0xF8, 0x1F, 0xFF, 0xF8,
  0x3F, 0xFF, 0xFC, 0x3E, 0x00, 0x7C, 0x3E, 0x00, 0x7E, 0x7E, 0x00, 0x7E,
  0x7C, 0x00, 0x3E, 0x7C, 0x00, 0x3F, 0xFC, 0x00, 0x3F, 0xFF, 0xF8, 0x1F,
  0xFF, 0xE3, 0xFF, 0xFE, 0x7F, 0xFF, 0xEF, 0x83, 0xFD, 0xF0, 0x1F, 0xBE,
  0x01, 0xF7, 0xC0, 0x3E, 0xF8, 0x0F, 0xDF, 0x03, 0xF3, 0xFF, 0xFC, 0x7F,
  0xFF, 0x0F, 0xFF, 0xF1, 0xFF, 0xFF, 0x3E, 0x03, 0xF7, 0xC0, 0x3E, 0xF8,
  0x07, 0xFF, 0x00, 0xFF, 0xE0, 0x1F, 0xFC, 0x07, 0xEF, 0x83, 0xFD, 0xFF,
  0xFF, 0xBF, 0xFF, 0xE7, 0xFF, 0xF8, 0xFF, 0xF8, 0x00, 0x00, 0xFF, 0x00,
  0x7F, 0xFC, 0x3F, 0xFF, 0x8F, 0xFF, 0xE3, 0xFE, 0x7C, 0x7E, 0x01, 0x9F,
  0x80, 0x03, 0xF0, 0x00, 0xFC, 0x00, 0x1F, 0x80, 0x03, 0xF0, 0x00, 0x7E,
  0x00, 0x0F, 0x80, 0x01, 0xF8, 0x00, 0x3F, 0x00, 0x07, 0xE0, 0x00, 0xFC,
  0x00, 0x0F, 0x80, 0x01, 0xF8, 0x00, 0x3F, 0x80, 0x23, 0xFE, 0x7C, 0x3F,
  0xFF, 0x83, 0xFF, 0xF0, 0x3F, 0xFE, 0x01, 0xFF, 0x00, 0xFF, 0xF0, 0x07,
  0xFF, 0xF0, 0x3F, 0xFF, 0xE1, 0xFF, 0xFF, 0x8F, 0x83, 0xFE, 0x7C, 0x03,
  0xF3, 0xE0, 0x0F, 0xDF, 0x00, 0x7E, 0xF8, 0x01, 0xF7, 0xC0, 0x0F, 0xFE,
  0x00, 0x7F, 0xF0, 0x03, 0xFF, 0x80, 0x1F, 0xFC, 0x00, 0xFF, 0xE0, 0x07,
  0xFF, 0x00, 0x3F, 0xF8, 0x01, 0xF7, 0xC0, 0x1F, 0xBE, 0x00, 0xFD, 0xF0,
  0x1F, 0xCF, 0x87, 0xFC, 0x7F, 0xFF, 0xE3, 0xFF, 0xFC, 0x1F, 0xFF, 0xC0,
  0xFF, 0xF0, 0x00, 0xFF, 0xFF, 0xFF, 0xFF, 0xFF, 0xFF, 0xFF, 0xFF, 0x80,
  0x1F, 0x00, 0x3E, 0x00, 0x7C, 0x00, 0xF8, 0x01, 0xF0, 0x03, 0xFF, 0xF7,
  0xFF, 0xEF, 0xFF, 0xDF, 0xFF, 0xBE, 0x00, 0x7C, 0x00, 0xF8, 0x01, 0xF0,
  0x03, 0xE0, 0x07, 0xC0, 0x0F, 0x80, 0x1F, 0xFF, 0xFF, 0xFF, 0xFF, 0xFF,
  0xFF, 0xFE, 0xFF, 0xFF, 0xFF, 0xFF, 0xFF, 0xFF, 0xFF, 0xF8, 0x03, 0xE0,
  0x0F, 0x80, 0x3E, 0x00, 0xF8, 0x03, 0xE0, 0x0F, 0x80, 0x3F, 0xFF, 0xFF,
  0xFF, 0xFF, 0xFF, 0xFF, 0xFE, 0x00, 0xF8, 0x03, 0xE0, 0x0F, 0x80, 0x3E,
  0x00, 0xF8, 0x03, 0xE0, 0x0F, 0x80, 0x3E, 0x00, 0xF8, 0x00, 0x00, 0x7F,
  0x80, 0x1F, 0xFF, 0x83, 0xFF, 0xFC, 0x3F, 0xFF, 0xE3, 0xFF, 0x3E, 0x1F,
  0xC0, 0x11, 0xFC, 0x00, 0x0F, 0xC0, 0x00, 0x7C, 0x00, 0x07, 0xE0, 0x00,
  0x3F, 0x00, 0x01, 0xF8, 0x3F, 0xFF, 0x81, 0xFF, 0xFE, 0x0F, 0xFF, 0xF0,
  0x7F, 0xFF, 0x80, 0x3F, 0xFC, 0x01, 0xFB, 0xE0, 0x0F, 0xDF, 0x80, 0x7E,
  0xFE, 0x03, 0xF3, 0xFE, 0x3F, 0x8F, 0xFF, 0xFC, 0x3F, 0xFF, 0xE0, 0xFF,
  0xFF, 0x00, 0xFF, 0x80, 0xF8, 0x01, 0xFF, 0xC0, 0x0F, 0xFE, 0x00, 0x7F,
  0xF0, 0x03, 0xFF, 0x80, 0x1F, 0xFC, 0x00, 0xFF, 0xE0, 0x07, 0xFF, 0x00,
  0x3F, 0xF8, 0x01, 0xFF, 0xC0, 0x0F, 0xFF, 0xFF, 0xFF, 0xFF, 0xFF, 0xFF,
  0xFF, 0xFF, 0xFF, 0xFF, 0xFF, 0xE0, 0x07, 0xFF, 0x00, 0x3F, 0xF8, 0x01,
  0xFF, 0xC0, 0x0F, 0xFE, 0x00, 0x7F, 0xF0, 0x03, 0xFF, 0x80, 0x1F, 0xFC,
  0x00, 0xFF, 0xE0, 0x07, 0xFF, 0x00, 0x3F, 0xF8, 0x01, 0xF8, 0xFF, 0xFF,
  0xFF, 0xFF, 0xFF, 0xFF, 0xFF, 0xFF, 0xFF, 0xFF, 0xFF, 0xFF, 0xFF, 0xFF,
  0xFF, 0xF8, 0x03, 0xE0, 0x7C, 0x0F, 0x81, 0xF0, 0x3E, 0x07, 0xC0, 0xF8,
  0x1F, 0x03, 0xE0, 0x7C, 0x0F, 0x81, 0xF0, 0x3E, 0x07, 0xC0, 0xF8, 0x1F,
  0x03, 0xE0, 0x7C, 0x0F, 0x81, 0xF0, 0x3E, 0x07, 0xC0, 0xF8, 0x1F, 0x03,
  0xE0, 0x7C, 0x1F, 0xE7, 0xFF, 0xFD, 0xFF, 0xBF, 0xE7, 0xF0, 0xF8, 0x03,
  0xFF, 0x80, 0x7E, 0xF8, 0x0F, 0xCF, 0x81, 0xF8, 0xF8, 0x1F, 0x8F, 0x83,
  0xF0, 0xF8, 0x7E, 0x0F, 0x8F, 0xC0, 0xF8, 0xF8, 0x0F, 0x9F, 0x80, 0xFB,
  0xF0, 0x0F, 0xFF, 0x00, 0xFF, 0xF0, 0x0F, 0xFF, 0x80, 0xFF, 0xFC, 0x0F,
  0xCF, 0xC0, 0xF8, 0x7E, 0x0F, 0x83, 0xF0, 0xF8, 0x3F, 0x0F, 0x81, 0xF8,
  0xF8, 0x1F, 0x8F, 0x80, 0xFC, 0xF8, 0x07, 0xEF, 0x80, 0x7E, 0xF8, 0x03,
  0xF0, 0xF8, 0x00, 0xF8, 0x00, 0xF8, 0x00, 0xF8, 0x00, 0xF8, 0x00, 0xF8,
  0x00, 0xF8, 0x00, 0xF8, 0x00, 0xF8, 0x00, 0xF8, 0x00, 0xF8, 0x00, 0xF8,
  0x00, 0xF8, 0x00, 0xF8, 0x00, 0xF8, 0x00, 0xF8, 0x00, 0xF8, 0x00, 0xF8,
  0x00, 0xF8, 0x00, 0xF8, 0x00, 0xF8, 0x00, 0xFF, 0xFF, 0xFF, 0xFF, 0xFF,
  0xFF, 0xFF, 0xFF, 0xFF, 0x00, 0x1F, 0xFF, 0xE0, 0x03, 0xFF, 0xFC, 0x00,
  0x7F, 0xFF, 0x80, 0x1F, 0xFF, 0xF8, 0x03, 0xFF, 0xFF, 0x00, 0x7F, 0xFF,
  0xE0, 0x1F, 0xFF, 0xFE, 0x03, 0xDF, 0xFB, 0xC0, 0x7B, 0xFF, 0x78, 0x0F,
  0x7F, 0xEF, 0x83, 0xCF, 0xFC, 0xF0, 0x79, 0xFF, 0x9E, 0x0F, 0x3F, 0xF3,
  0xE3, 0xC7, 0xFE, 0x7C, 0x78, 0xFF, 0xC7, 0x8F, 0x1F, 0xF8, 0xF3, 0xC3,
  0xFF, 0x1F, 0x78, 0x7F, 0xE1, 0xEF, 0x0F, 0xFC, 0x3F, 0xC1, 0xFF, 0x87,
  0xF8, 0x3F, 0xF0, 0x7F, 0x07, 0xFE, 0x0F, 0xC0, 0xFF, 0xC1, 0xF8, 0x1F,
  0xF8, 0x1F, 0x03, 0xE0, 0xFE, 0x00, 0x3F, 0xFC, 0x00, 0xFF, 0xF0, 0x03,
  0xFF, 0xE0, 0x0F, 0xFF, 0x80, 0x3F, 0xFF, 0x00, 0xFF, 0xFE, 0x03, 0xFE,
  0xF8, 0x0F, 0xFB, 0xF0, 0x3F, 0xE7, 0xC0, 0xFF, 0x9F, 0x83, 0xFE, 0x3E,
  0x0F, 0xF8, 0xFC, 0x3F, 0xE1, 0xF8, 0xFF, 0x83, 0xE3, 0xFE, 0x0F, 0xCF,
  0xF8, 0x1F, 0x3F, 0xE0, 0x7E, 0xFF, 0x80, 0xFF, 0xFE, 0x03, 0xFF, 0xF8,
  0x07, 0xFF, 0xE0, 0x0F, 0xFF, 0x80, 0x3F, 0xFE, 0x00, 0x7F, 0xF8, 0x01,
  0xFC, 0x00, 0xFF, 0x00, 0x07, 0xFF, 0xE0, 0x0F, 0xFF, 0xF0, 0x1F, 0xFF,
  0xF8, 0x3F, 0xE7, 0xFC, 0x7F, 0x00, 0xFC, 0x7E, 0x00, 0x7E, 0x7E, 0x00,
  0x7E, 0xFC, 0x00, 0x3E, 0xFC, 0x00, 0x3F, 0xFC, 0x00, 0x3F, 0xFC, 0x00,
  0x3F, 0xFC, 0x00, 0x3F, 0xFC, 0x00, 0x3F, 0xFC, 0x00, 0x3F, 0xFC, 0x00,
  0x3F, 0xFC, 0x00, 0x3E, 0x7E, 0x00, 0x7E, 0x7E, 0x00, 0x7E, 0x7F, 0x00,
  0xFC, 0x3F, 0xE7, 0xFC, 0x1F, 0xFF, 0xF8, 0x0F, 0xFF, 0xF0, 0x07, 0xFF,
  0xC0, 0x00, 0xFF, 0x00, 0xFF, 0xF0, 0x7F, 0xFE, 0x3F, 0xFF, 0xDF, 0xFF,
  0xEF, 0x87, 0xFF, 0xC0, 0xFF, 0xE0, 0x3F, 0xF0, 0x1F, 0xF8, 0x0F, 0xFC,
  0x07, 0xFE, 0x07, 0xFF, 0x0F, 0xFF, 0xFF, 0xF7, 0xFF, 0xF3, 0xFF, 0xF1,
  0xFF, 0xE0, 0xF8, 0x00, 0x7C, 0x00, 0x3E, 0x00, 0x1F, 0x00, 0x0F, 0x80,
  0x07, 0xC0, 0x03, 0xE0, 0x01, 0xF0, 0x00, 0xF8, 0x00, 0x00, 0x00, 0xFF,
  0x00, 0x07, 0xFF, 0xE0, 0x0F, 0xFF, 0xF0, 0x1F, 0xFF, 0xF8, 0x3F, 0xE7,
  0xFC, 0x7F, 0x00, 0xFC, 0x7E, 0x00, 0x7E, 0x7E, 0x00, 0x7E, 0xFC, 0x00,
  0x3E, 0xFC, 0x00, 0x3F, 0xFC, 0x00, 0x3F, 0xFC, 0x00, 0x3F, 0xFC, 0x00,
  0x3F, 0xFC, 0x00, 0x3F, 0xFC, 0x00, 0x3F, 0xFC, 0x00, 0x3F, 0xFC, 0x00,
  0x3E, 0x7E, 0x00, 0x7E, 0x7E, 0x00, 0x7E, 0x7F, 0x00, 0xFC, 0x3F, 0xE7,
  0xFC, 0x1F, 0xFF, 0xF8, 0x0F, 0xFF, 0xF0, 0x07, 0xFF, 0xE0, 0x00, 0xFF,
  0xC0, 0x00, 0x07, 0xE0, 0x00, 0x07, 0xF0, 0x00, 0x03, 0xF8, 0x00, 0x01,
  0xFC, 0x00, 0x00, 0xFC, 0x00, 0x00, 0x7E, 0xFF, 0xF0, 0x0F, 0xFF, 0xE0,
  0xFF, 0xFF, 0x0F, 0xFF, 0xF8, 0xF8, 0x7F, 0x8F, 0x81, 0xF8, 0xF8, 0x0F,
  0x8F, 0x80, 0xF8, 0xF8, 0x0F, 0x8F, 0x81, 0xF8, 0xF8, 0x7F, 0x8F, 0xFF,
  0xF0, 0xFF, 0xFE, 0x0F, 0xFF, 0x80, 0xFF, 0xF8, 0x0F, 0x87, 0xC0, 0xF8,
  0x7E, 0x0F, 0x83, 0xE0, 0xF8, 0x3F, 0x0F, 0x81, 0xF8, 0xF8, 0x0F, 0x8F,
  0x80, 0xFC, 0xF8, 0x07, 0xCF, 0x80, 0x7E, 0xF8, 0x03, 0xF0, 0x07, 0xF0,
  0x1F, 0xFE, 0x7F, 0xFE, 0x7F, 0xFE, 0xFE, 0x7E, 0xF8, 0x04, 0xF8, 0x00,
  0xF8, 0x00, 0xFC, 0x00, 0xFE, 0x00, 0x7F, 0xC0, 0x3F, 0xF0, 0x1F, 0xF8,
  0x0F, 0xFC, 0x01, 0xFE, 0x00, 0xFF, 0x00, 0x3F, 0x00, 0x1F, 0x00, 0x1F,
  0xC0, 0x3F, 0xF8, 0xFE, 0xFF, 0xFE, 0xFF, 0xFC, 0xFF, 0xF8, 0x3F, 0xE0,
  0xFF, 0xFF, 0xFF, 0xFF, 0xFF, 0xFF, 0xFF, 0xFF, 0xFF, 0xF0, 0x3F, 0x00,
  0x07, 0xE0, 0x00, 0xFC, 0x00, 0x1F, 0x80, 0x03, 0xF0, 0x00, 0x7E, 0x00,
  0x0F, 0xC0, 0x01, 0xF8, 0x00, 0x3F, 0x00, 0x07, 0xE0, 0x00, 0xFC, 0x00,
  0x1F, 0x80, 0x03, 0xF0, 0x00, 0x7E, 0x00, 0x0F, 0xC0, 0x01, 0xF8, 0x00,
  0x3F, 0x00, 0x07, 0xE0, 0x00, 0xFC, 0x00, 0x1F, 0x80, 0x03, 0xF0, 0x00,
  0xF8, 0x01, 0xFF, 0x80, 0x1F, 0xF8, 0x01, 0xFF, 0x80, 0x1F, 0xF8, 0x01,
  0xFF, 0x80, 0x1F, 0xF8, 0x01, 0xFF, 0x80, 0x1F, 0xF8, 0x01, 0xFF, 0x80,
  0x1F, 0xF8, 0x01, 0xFF, 0x80, 0x1F, 0xF8, 0x01, 0xFF, 0x80, 0x1F, 0xF8,
  0x01, 0xFF, 0x80, 0x1F, 0xF8, 0x01, 0xFF, 0xC0, 0x1F, 0xFC, 0x01, 0xF7,
  0xE0, 0x3F, 0x7F, 0xDF, 0xE3, 0xFF, 0xFE, 0x1F, 0xFF, 0xC0, 0xFF, 0xF8,
  0x03, 0xFC, 0x00, 0xFC, 0x00, 0x7E, 0xF8, 0x00, 0xF9, 0xF0, 0x01, 0xF3,
  0xE0, 0x07, 0xE3, 0xE0, 0x0F, 0x87, 0xC0, 0x1F, 0x0F, 0x80, 0x7E, 0x0F,
  0x80, 0xF8, 0x1F, 0x01, 0xF0, 0x3E, 0x07, 0xE0, 0x3E, 0x0F, 0x80, 0x7C,
  0x1F, 0x00, 0xF8, 0x7E, 0x00, 0xF8, 0xF8, 0x01, 0xF1, 0xF0, 0x03, 0xE7,
  0xC0, 0x03, 0xEF, 0x80, 0x07, 0xDF, 0x00, 0x0F, 0xBC, 0x00, 0x0F, 0x78,
  0x00, 0x1F, 0xF0, 0x00, 0x3F, 0xC0, 0x00, 0x3F, 0x80, 0x00, 0x7F, 0x00,
  0x00, 0xFC, 0x00, 0xF8, 0x03, 0xF0, 0x0F, 0xFF, 0x00, 0xFC, 0x03, 0xE7,
  0xC0, 0x3F, 0x00, 0xF9, 0xF0, 0x1F, 0xC0, 0x3E, 0x7C, 0x07, 0xF8, 0x0F,
  0x9F, 0x81, 0xFE, 0x07, 0xC3, 0xE0, 0x7F, 0x81, 0xF0, 0xF8, 0x3F, 0xE0,
  0x7C, 0x3E, 0x0F, 0x7C, 0x1F, 0x0F, 0x83, 0xCF, 0x0F, 0x81, 0xF0, 0xF3,
  0xC3, 0xE0, 0x7C, 0x7C, 0xF0, 0xF8, 0x1F, 0x1F, 0x3E, 0x3E, 0x07, 0xC7,
  0x8F, 0x9F, 0x00, 0xF9, 0xE1, 0xE7, 0xC0, 0x3E, 0xF8, 0x79, 0xF0, 0x0F,
  0xBE, 0x1F, 0x7C, 0x03, 0xEF, 0x03, 0xDE, 0x00, 0x7B, 0xC0, 0xFF, 0x80,
  0x1F, 0xF0, 0x3F, 0xE0, 0x07, 0xFC, 0x0F, 0xF8, 0x01, 0xFE, 0x01, 0xFC,
  0x00, 0x3F, 0x80, 0x7F, 0x00, 0x0F, 0xE0, 0x1F, 0xC0, 0x03, 0xF8, 0x07,
  0xF0, 0x00, 0x7E, 0x00, 0x7C, 0xFC, 0x01, 0xF8, 0xFC, 0x03, 0xE0, 0xF8,
  0x0F, 0xC1, 0xF8, 0x3F, 0x01, 0xF8, 0x7C, 0x01, 0xF1, 0xF8, 0x03, 0xF3,
  0xE0, 0x03, 0xEF, 0x80, 0x03, 0xFF, 0x00, 0x07, 0xFC, 0x00, 0x07, 0xF0,
  0x00, 0x0F, 0xE0, 0x00, 0x3F, 0xE0, 0x00, 0x7F, 0xC0, 0x01, 0xFF, 0xC0,
  0x07, 0xEF, 0xC0, 0x0F, 0x8F, 0x80, 0x3F, 0x1F, 0x80, 0x7C, 0x1F, 0x81,
  0xF0, 0x1F, 0x07, 0xE0, 0x3F, 0x0F, 0x80, 0x3F, 0x3F, 0x00, 0x7E, 0xFC,
  0x00, 0x7E, 0xFC, 0x00, 0xFD, 0xF8, 0x07, 0xE7, 0xE0, 0x1F, 0x8F, 0xC0,
  0xFC, 0x3F, 0x03, 0xE0, 0x7E, 0x1F, 0x81, 0xF8, 0x7C, 0x03, 0xF3, 0xF0,
  0x07, 0xCF, 0x80, 0x1F, 0xFE, 0x00, 0x3F, 0xF0, 0x00, 0xFF, 0xC0, 0x01,
  0xFE, 0x00, 0x07, 0xF8, 0x00, 0x0F, 0xC0, 0x00, 0x3F, 0x00, 0x00, 0xFC,
  0x00, 0x03, 0xF0, 0x00, 0x0F, 0xC0, 0x00, 0x3F, 0x00, 0x00, 0xFC, 0x00,
  0x03, 0xF0, 0x00, 0x0F, 0xC0, 0x00, 0x3F, 0x00, 0x00, 0xFC, 0x00, 0xFF,
  0xFF, 0xFF, 0xFF, 0xFF, 0xFF, 0xFF, 0xFF, 0xFF, 0x00, 0x0F, 0x80, 0x07,
  0xE0, 0x03, 0xF0, 0x00, 0xF8, 0x00, 0x7E, 0x00, 0x3F, 0x00, 0x0F, 0x80,
  0x07, 0xE0, 0x03, 0xF0, 0x01, 0xF8, 0x00, 0x7C, 0x00, 0x3F, 0x00, 0x1F,
  0x80, 0x07, 0xC0, 0x03, 0xF0, 0x01, 0xF8, 0x00, 0x7C, 0x00, 0x3F, 0xFF,
  0xFF, 0xFF, 0xFF, 0xFF, 0xFF, 0xFF, 0xFF, 0xC0, 0xFF, 0xFF, 0xFF, 0xFF,
  0xFF, 0x87, 0xC3, 0xE1, 0xF0, 0xF8, 0x7C, 0x3E, 0x1F, 0x0F, 0x87, 0xC3,
  0xE1, 0xF0, 0xF8, 0x7C, 0x3E, 0x1F, 0x0F, 0x87, 0xC3, 0xE1, 0xF0, 0xF8,
  0x7C, 0x3E, 0x1F, 0xFF, 0xFF, 0xFF, 0xFE, 0xF8, 0x01, 0xF0, 0x07, 0xC0,
  0x0F, 0x00, 0x3E, 0x00, 0xF8, 0x01, 0xE0, 0x07, 0xC0, 0x1F, 0x00, 0x3C,
  0x00, 0xF8, 0x03, 0xE0, 0x07, 0xC0, 0x1F, 0x00, 0x3C, 0x00, 0xF8, 0x03,
  0xE0, 0x07, 0x80, 0x1F, 0x00, 0x7C, 0x00, 0xF8, 0x03, 0xE0, 0x07, 0x80,
  0x1F, 0x00, 0x7C, 0xFF, 0xFF, 0xFF, 0xFF, 0x0F, 0x0F, 0x0F, 0x0F, 0x0F,
  0x0F, 0x0F, 0x0F, 0x0F, 0x0F, 0x0F, 0x0F, 0x0F, 0x0F, 0x0F, 0x0F, 0x0F,
  0x0F, 0x0F, 0x0F, 0x0F, 0x0F, 0x0F, 0xFF, 0xFF, 0xFF, 0xFF, 0x01, 0xC0,
  0x00, 0x78, 0x00, 0x3E, 0x00, 0x0F, 0xC0, 0x07, 0xF0, 0x01, 0xDE, 0x00,
  0xF7, 0x80, 0x3C, 0xF0, 0x1E, 0x3C, 0x07, 0x87, 0x83, 0xC1, 0xE0, 0xF0,
  0x3C, 0x78, 0x0F, 0x1E, 0x01, 0xEF, 0x80, 0x7B, 0xC0, 0x0F, 0xFF, 0xFF,
  0xFF, 0xF0, 0xFE, 0x0F, 0x81, 0xF0, 0x3E, 0x07, 0x80, 0xF0, 0x07, 0xF8,
  0x07, 0xFF, 0x81, 0xFF, 0xF0, 0x7F, 0xFE, 0x0C, 0x0F, 0x80, 0x03, 0xE0,
  0x00, 0xFC, 0x0F, 0xFF, 0x1F, 0xFF, 0xCF, 0xFF, 0xF7, 0xF0, 0xFD, 0xF0,
  0x3F, 0xFC, 0x0F, 0xFF, 0x03, 0xF7, 0xC1, 0xFD, 0xFF, 0xFF, 0x7F, 0xF7,
  0xCF, 0xF9, 0xF0, 0xFC, 0x3C, 0xF8, 0x00, 0x3E, 0x00, 0x0F, 0x80, 0x03,
  0xE0, 0x00, 0xF8, 0x00, 0x3E, 0x00, 0x0F, 0x80, 0x03, 0xE0, 0x00, 0xF8,
  0xF8, 0x3E, 0xFF, 0x8F, 0xFF, 0xF3, 0xFF, 0xFC, 0xFE, 0x3F, 0xBF, 0x07,
  0xEF, 0x80, 0xFB, 0xE0, 0x3E, 0xF8, 0x0F, 0xFE, 0x03, 0xFF, 0x80, 0xFF,
  0xE0, 0x3E, 0xF8, 0x0F, 0xBF, 0x07, 0xEF, 0xE3, 0xFB, 0xFF, 0xFC, 0xFF,
  0xFF, 0x3C, 0xFF, 0x8F, 0x1F, 0x80, 0x07, 0xF8, 0x3F, 0xFC, 0xFF, 0xF3,
  0xFF, 0xE7, 0xE1, 0xDF, 0x80, 0x3E, 0x00, 0x7C, 0x00, 0xF8, 0x01, 0xF0,
  0x03, 0xE0, 0x07, 0xC0, 0x0F, 0x80, 0x1F, 0x80, 0x3F, 0x87, 0x3F, 0xFE,
  0x3F, 0xFC, 0x3F, 0xF8, 0x1F, 0xC0, 0x00, 0x0F, 0x80, 0x07, 0xC0, 0x03,
  0xE0, 0x01, 0xF0, 0x00, 0xF8, 0x00, 0x7C, 0x00, 0x3E, 0x00, 0x1F, 0x0F,
  0xCF, 0x8F, 0xF7, 0xCF, 0xFD, 0xEF, 0xFF, 0xFF, 0xE3, 0xFF, 0xE0, 0x7F,
  0xE0, 0x3F, 0xF0, 0x1F, 0xF8, 0x0F, 0xFC, 0x03, 0xFE, 0x01, 0xFF, 0x01,
  0xFF, 0x80, 0xFF, 0xE0, 0x7F, 0xF8, 0x7E, 0xFF, 0xFF, 0x7F, 0xF7, 0x9F,
  0xF3, 0xC3, 0xF1, 0xE0, 0x07, 0xF0, 0x0F, 0xFE, 0x0F, 0xFF, 0x8F, 0xFF,
  0xE7, 0xC1, 0xF7, 0xC0, 0x7F, 0xE0, 0x3F, 0xF0, 0x1F, 0xFF, 0xFF, 0xFF,
  0xFF, 0xFF, 0xFF, 0xFF, 0x00, 0x0F, 0x80, 0x07, 0xE0, 0x01, 0xF8, 0x0C,
  0xFF, 0xFE, 0x3F, 0xFF, 0x0F, 0xFF, 0x80, 0xFF, 0x00, 0x03, 0xF8, 0x3F,
  0xF1, 0xFF, 0xC7, 0xFE, 0x1F, 0x88, 0x7C, 0x01, 0xF0, 0x07, 0xC0, 0x7F,
  0xF3, 0xFF, 0xCF, 0xFF, 0x3F, 0xFC, 0x1F, 0x00, 0x7C, 0x01, 0xF0, 0x07,
  0xC0, 0x1F, 0x00, 0x7C, 0x01, 0xF0, 0x07, 0xC0, 0x1F, 0x00, 0x7C, 0x01,
  0xF0, 0x07, 0xC0, 0x1F, 0x00, 0x7C, 0x01, 0xF0, 0x00, 0x03, 0xFF, 0xE1,
  0xFF, 0xFC, 0x7F, 0xFF, 0x9F, 0x8F, 0xC3, 0xE0, 0xF8, 0x7C, 0x1F, 0x0F,
  0x83, 0xE1, 0xF0, 0x7C, 0x3E, 0x0F, 0x87, 0xE3, 0xF0, 0x7F, 0xFC, 0x07,
  0xFF, 0x00, 0xFF, 0x80, 0x3C, 0x00, 0x0F, 0x80, 0x01, 0xFF, 0xF8, 0x1F,
  0xFF, 0xC1, 0xFF, 0xFC, 0xFF, 0xFF, 0xBE, 0x03, 0xFF, 0x80, 0x3F, 0xF0,
  0x07, 0xFE, 0x00, 0xFF, 0xF1, 0xFE, 0x7F, 0xFF, 0x87, 0xFF, 0xE0, 0x3F,
  0xE0, 0x00, 0xF8, 0x00, 0x7C, 0x00, 0x3E, 0x00, 0x1F, 0x00, 0x0F, 0x80,
  0x07, 0xC0, 0x03, 0xE0, 0x01, 0xF0, 0x00, 0xF8, 0xFC, 0x7D, 0xFF, 0x3F,
  0xFF, 0xDF, 0xFF, 0xFF, 0xE1, 0xFF, 0xE0, 0x7F, 0xE0, 0x3F, 0xF0, 0x1F,
  0xF8, 0x0F, 0xFC, 0x07, 0xFE, 0x03, 0xFF, 0x01, 0xFF, 0x80, 0xFF, 0xC0,
  0x7F, 0xE0, 0x3F, 0xF0, 0x1F, 0xF8, 0x0F, 0xFC, 0x07, 0xFE, 0x03, 0xE0,
  0xF7, 0xFF, 0xFF, 0x00, 0x1F, 0xFF, 0xFF, 0xFF, 0xFF, 0xFF, 0xFF, 0xFF,
  0xFF, 0xFF, 0xFF, 0xFF, 0xC0, 0x07, 0x81, 0xF0, 0x7C, 0x1F, 0x07, 0x80,
  0x00, 0x00, 0x1F, 0x07, 0xC1, 0xF0, 0x7C, 0x1F, 0x07, 0xC1, 0xF0, 0x7C,
  0x1F, 0x07, 0xC1, 0xF0, 0x7C, 0x1F, 0x07, 0xC1, 0xF0, 0x7C, 0x1F, 0x07,
  0xC1, 0xF0, 0x7C, 0x1F, 0x0F, 0xC3, 0xFF, 0xFB, 0xFE, 0xFF, 0x3F, 0x00,
  0xF8, 0x00, 0x3E, 0x00, 0x0F, 0x80, 0x03, 0xE0, 0x00, 0xF8, 0x00, 0x3E,
  0x00, 0x0F, 0x80, 0x03, 0xE0, 0x00, 0xF8, 0x0F, 0xFE, 0x07, 0xEF, 0x83,
  0xF3, 0xE1, 0xF8, 0xF8, 0xFC, 0x3E, 0x7E, 0x0F, 0xBF, 0x03, 0xEF, 0x80,
  0xFF, 0xE0, 0x3F, 0xFC, 0x0F, 0xFF, 0x03, 0xFF, 0xE0, 0xFC, 0xFC, 0x3E,
  0x1F, 0x8F, 0x87, 0xE3, 0xE0, 0xFC, 0xF8, 0x1F, 0xBE, 0x03, 0xFF, 0x80,
  0xFC, 0xFF, 0xFF, 0xFF, 0xFF, 0xFF, 0xFF, 0xFF, 0xFF, 0xFF, 0xFF, 0xFF,
  0xFF, 0xFF, 0xFF, 0xFF, 0xFF, 0xFE, 0xF1, 0xF8, 0x1F, 0x87, 0x9F, 0xF1,
  0xFF, 0x3D, 0xFF, 0xDF, 0xFD, 0xFF, 0xFF, 0xFF, 0xEF, 0xE3, 0xFE, 0x3F,
  0xFE, 0x0F, 0xE0, 0xFF, 0xE0, 0x7E, 0x07, 0xFF, 0x01, 0xF0, 0x3F, 0xF8,
  0x0F, 0x80, 0xFF, 0xC0, 0x7C, 0x07, 0xFE, 0x03, 0xE0, 0x3F, 0xF0, 0x1F,
  0x01, 0xFF, 0x80, 0xF8, 0x0F, 0xFC, 0x07, 0xC0, 0x7F, 0xE0, 0x3E, 0x03,
  0xFF, 0x01, 0xF0, 0x1F, 0xF8, 0x0F, 0x80, 0xFF, 0xC0, 0x7C, 0x07, 0xFE,
  0x03, 0xE0, 0x3E, 0xF0, 0xFC, 0x79, 0xFF, 0x3D, 0xFF, 0xDF, 0xFF, 0xFF,
  0xE1, 0xFF, 0xE0, 0x7F, 0xE0, 0x3F, 0xF0, 0x1F, 0xF8, 0x0F, 0xFC, 0x07,
  0xFE, 0x03, 0xFF, 0x01, 0xFF, 0x80, 0xFF, 0xC0, 0x7F, 0xE0, 0x3F, 0xF0,
  0x1F, 0xF8, 0x0F, 0xFC, 0x07, 0xFE, 0x03, 0xE0, 0x07, 0xF0, 0x07, 0xFF,
  0x03, 0xFF, 0xF1, 0xFF, 0xFC, 0x7E, 0x3F, 0xBF, 0x03, 0xEF, 0x80, 0xFF,
  0xE0, 0x1F, 0xF8, 0x07, 0xFE, 0x01, 0xFF, 0x80, 0x7F, 0xE0, 0x1F, 0xF8,
  0x0F, 0xFF, 0x03, 0xE7, 0xE1, 0xF9, 0xFF, 0xFC, 0x3F, 0xFF, 0x07, 0xFF,
  0x00, 0x7F, 0x00, 0xF0, 0xF8, 0x3C, 0xFF, 0x8F, 0xFF, 0xF3, 0xFF, 0xFC,
  0xFE, 0x3F, 0xBF, 0x07, 0xEF, 0x80, 0xFB, 0xE0, 0x3E, 0xF8, 0x0F, 0xFE,
  0x03, 0xFF, 0x80, 0xFF, 0xE0, 0x3E, 0xF8, 0x0F, 0xBF, 0x07, 0xEF, 0xE3,
  0xFB, 0xFF, 0xFC, 0xFF, 0xFF, 0x3E, 0xFF, 0x8F, 0x9F, 0x83, 0xE0, 0x00,
  0xF8, 0x00, 0x3E, 0x00, 0x0F, 0x80, 0x03, 0xE0, 0x00, 0xF8, 0x00, 0x3E,
  0x00, 0x0F, 0x80, 0x00, 0x0F, 0xC7, 0x9F, 0xF3, 0xCF, 0xFD, 0xEF, 0xFF,
  0xFF, 0xE3, 0xFF, 0xE0, 0x7F, 0xE0, 0x3F, 0xF0, 0x1F, 0xF8, 0x0F, 0xFC,
  0x03, 0xFE, 0x01, 0xFF, 0x01, 0xFF, 0x80, 0xFF, 0xE0, 0x7F, 0xF8, 0x7E,
  0xFF, 0xFF, 0x7F, 0xFF, 0x9F, 0xF7, 0xC3, 0xF3, 0xE0, 0x01, 0xF0, 0x00,
  0xF8, 0x00, 0x7C, 0x00, 0x3E, 0x00, 0x1F, 0x00, 0x0F, 0x80, 0x07, 0xC0,
  0x03, 0xE0, 0xF0, 0xFF, 0x3F, 0xF7, 0xFF, 0x7F, 0xFF, 0xFF, 0xE0, 0xFC,
  0x0F, 0x80, 0xF8, 0x0F, 0x80, 0xF8, 0x0F, 0x80, 0xF8, 0x0F, 0x80, 0xF8,
  0x0F, 0x80, 0xF8, 0x0F, 0x80, 0xF8, 0x00, 0x1F, 0xE1, 0xFF, 0xFF, 0xFF,
  0xBF, 0xFE, 0xF8, 0x3B, 0xE0, 0x0F, 0xC0, 0x3F, 0xE0, 0x7F, 0xE0, 0xFF,
  0xC0, 0xFF, 0x80, 0xFF, 0x00, 0xFC, 0x01, 0xFC, 0x07, 0xFF, 0xFF, 0xFF,
  0xFB, 0xFF, 0xC7, 0xFC, 0x00, 0x0F, 0x00, 0x78, 0x07, 0xC0, 0x3E, 0x03,
  0xFF, 0xFF, 0xFF, 0xFF, 0xFF, 0xFF, 0x3F, 0x01, 0xF8, 0x0F, 0xC0, 0x7E,
  0x03, 0xF0, 0x1F, 0x80, 0xFC, 0x07, 0xE0, 0x3F, 0x01, 0xF8, 0x0F, 0xC2,
  0x3F, 0xF1, 0xFF, 0x87, 0xFC, 0x1F, 0xC0, 0xF8, 0x0F, 0xFC, 0x07, 0xFE,
  0x03, 0xFF, 0x01, 0xFF, 0x80, 0xFF, 0xC0, 0x7F, 0xE0, 0x3F, 0xF0, 0x1F,
  0xF8, 0x0F, 0xFC, 0x07, 0xFE, 0x03, 0xFF, 0x01, 0xFF, 0x80, 0xFF, 0xC0,
  0xFF, 0xF0, 0xFF, 0xFF, 0xFF, 0x7F, 0xF7, 0x9F, 0xF3, 0xC7, 0xE1, 0xE0,
  0xFC, 0x03, 0xF7, 0xC0, 0x3E, 0x7C, 0x03, 0xE7, 0xE0, 0x7E, 0x3E, 0x07,
  0xC3, 0xE0, 0x7C, 0x3F, 0x0F, 0x81, 0xF0, 0xF8, 0x1F, 0x0F, 0x80, 0xF9,
  0xF0, 0x0F, 0x9F, 0x00, 0xF9, 0xF0, 0x07, 0xFE, 0x00, 0x7F, 0xE0, 0x03,
  0xFC, 0x00, 0x3F, 0xC0, 0x03, 0xFC, 0x00, 0x1F, 0x80, 0x01, 0xF8, 0x00,
  0xFC, 0x0F, 0xC0, 0xFB, 0xE0, 0x7E, 0x07, 0xDF, 0x07, 0xF8, 0x3E, 0xF8,
  0x3F, 0xC1, 0xF3, 0xE1, 0xFE, 0x1F, 0x1F, 0x0F, 0xF0, 0xF8, 0xF8, 0xF3,
  0x87, 0xC7, 0xC7, 0x9E, 0x7C, 0x1F, 0x3C, 0xF3, 0xE0, 0xF9, 0xE7, 0x9F,
  0x07, 0xCE, 0x1C, 0xF8, 0x1E, 0xF0, 0xF7, 0x80, 0xF7, 0x87, 0xFC, 0x07,
  0xFC, 0x3F, 0xE0, 0x3F, 0xC1, 0xFE, 0x00, 0xFE, 0x07, 0xF0, 0x07, 0xF0,
  0x3F, 0x80, 0x3F, 0x81, 0xFC, 0x00, 0xFC, 0x0F, 0xC0, 0x7E, 0x03, 0xE7,
  0xE0, 0x7E, 0x3F, 0x0F, 0xC1, 0xF8, 0xF8, 0x1F, 0x9F, 0x80, 0xFF, 0xF0,
  0x07, 0xFE, 0x00, 0x7F, 0xE0, 0x03, 0xFC, 0x00, 0x3F, 0xC0, 0x03, 0xFC,
  0x00, 0x7F, 0xE0, 0x0F, 0xFF, 0x00, 0xFD, 0xF0, 0x1F, 0x9F, 0x83, 0xF0,
  0xFC, 0x3F, 0x07, 0xC7, 0xE0, 0x7E, 0xFC, 0x03, 0xF0, 0xFC, 0x03, 0xF7,
  0xC0, 0x3E, 0x7E, 0x07, 0xE7, 0xE0, 0x7E, 0x3E, 0x07, 0xC3, 0xF0, 0xFC,
  0x1F, 0x0F, 0x81, 0xF0, 0xF8, 0x1F, 0x9F, 0x80, 0xF9, 0xF0, 0x0F, 0x9F,
  0x00, 0x7F, 0xF0, 0x07, 0xFE, 0x00, 0x3F, 0xE0, 0x03, 0xFC, 0x00, 0x3F,
  0xC0, 0x01, 0xFC, 0x00, 0x1F, 0x80, 0x00, 0xF8, 0x00, 0x1F, 0x00, 0x01,
  0xF0, 0x00, 0x3F, 0x00, 0x07, 0xE0, 0x07, 0xFE, 0x00, 0x7F, 0xC0, 0x07,
  0xF8, 0x00, 0x7E, 0x00, 0x00, 0xFF, 0xFF, 0xFF, 0xFF, 0xFF, 0xFF, 0xFF,
  0xF0, 0x0F, 0xC0, 0x1F, 0x00, 0x7C, 0x01, 0xF8, 0x07, 0xE0, 0x0F, 0x80,
  0x3E, 0x00, 0xFC, 0x03, 0xF0, 0x07, 0xC0, 0x1F, 0x80, 0x7F, 0xFF, 0xFF,
  0xFF, 0xFF, 0xFF, 0xFF, 0xF8, 0x01, 0xE0, 0xFC, 0x3F, 0x87, 0xF0, 0xF8,
  0x1E, 0x03, 0xC0, 0x78, 0x0F, 0x01, 0xE0, 0x3C, 0x07, 0x81, 0xF0, 0x7E,
  0x3F, 0x87, 0xE0, 0xFC, 0x1F, 0xE0, 0xFC, 0x07, 0x80, 0xF0, 0x1E, 0x03,
  0xC0, 0x78, 0x0F, 0x01, 0xE0, 0x3E, 0x07, 0xF0, 0xFE, 0x0F, 0xC0, 0x78,
  0xFF, 0xFF, 0xFF, 0xFF, 0xFF, 0xFF, 0xFF, 0xFF, 0xFF, 0xFF, 0xFF, 0xFF,
  0xFF, 0xFF, 0xFF, 0xFF, 0xFF, 0xF8, 0x0F, 0xE0, 0xFE, 0x0F, 0xF0, 0x1F,
  0x01, 0xF0, 0x1F, 0x01, 0xF0, 0x1F, 0x01, 0xF0, 0x1F, 0x01, 0xF0, 0x1F,
  0x00, 0xFC, 0x0F, 0xF0, 0x3F, 0x03, 0xF0, 0xFF, 0x0F, 0x81, 0xF0, 0x1F,
  0x01, 0xF0, 0x1F, 0x01, 0xF0, 0x1F, 0x01, 0xF0, 0x1F, 0x0F, 0xF0, 0xFE,
  0x0F, 0xE0, 0xF8, 0x00, 0x3F, 0x00, 0x3F, 0xE0, 0x7F, 0xFF, 0xFF, 0xFF,
  0xFC, 0x0F, 0xFC, 0x01, 0xF0
};

const GFXglyph OpenSansBold18pt7bGlyphs[] PROGMEM = {
  {     0,   0,   0,   9,    0,    0 },  // 0x20 ' '
  {     0,   6,  25,  10,    2,  -24 },  // 0x21 '!'
  {    19,  12,   9,  17,    2,  -24 },  // 0x22 '"'
  {    33,  21,  25,  23,    1,  -24 },  // 0x23 '#'
  {    99,  18,  29,  20,    1,  -26 },  // 0x24 '$'
  {   165,  29,  25,  32,    1,  -24 },  // 0x25 '%'
  {   256,  25,  25,  26,    1,  -24 },  // 0x26 '&'
  {   335,   5,   9,   9,    2,  -24 },  // 0x27 '\''
  {   341,   9,  31,  12,    1,  -24 },  // 0x28 '('
  {   376,   9,  31,  12,    1,  -24 },  // 0x29 ')'
  {   411,  17,  16,  19,    1,  -26 },  // 0x2A '*'
  {   445,  17,  17,  20,    1,  -20 },  // 0x2B '+'
  {   482,   7,   9,  10,    1,   -3 },  // 0x2C ','
  {   490,   9,   4,  11,    1,  -11 },  // 0x2D '-'
  {   495,   6,   6,  10,    2,   -5 },  // 0x2E '.'
  {   500,  14,  25,  14,    0,  -24 },  // 0x2F '/'
  {   544,  18,  25,  20,    1,  -24 },  // 0x30 '0'
  {   601,  12,  25,  20,    2,  -24 },  // 0x31 '1'
  {   639,  18,  25,  20,    1,  -24 },  // 0x32 '2'
  {   696,  18,  25,  20,    1,  -24 },  // 0x33 '3'
  {   753,  18,  25,  20,    1,  -24 },  // 0x34 '4'
  {   810,  16,  25,  20,    2,  -24 },  // 0x35 '5'
  {   860,  18,  25,  20,    1,  -24 },  // 0x36 '6'
  {   917,  18,  25,  20,    1,  -24 },  // 0x37 '7'
  {   974,  18,  25,  20,    1,  -24 },  // 0x38 '8'
  {  1031,  18,  25,  20,    1,  -24 },  // 0x39 '9'
  {  1088,   6,  19,  10,    2,  -18 },  // 0x3A ':'
  {  1103,   7,  24,  10,    1,  -18 },  // 0x3B ';'
  {  1124,  17,  18,  20,    1,  -20 },  // 0x3C '<'
  {  1163,  17,  11,  20,    1,  -17 },  // 0x3D '='
  {  1187,  17,  18,  20,    1,  -20 },  // 0x3E '>'
  {  1226,  16,  25,  17,    0,  -24 },  // 0x3F '?'
  {  1276,  28,  28,  31,    2,  -24 },  // 0x40 '@'
  {  1374,  24,  25,  24,    0,  -24 },  // 0x41 'A'
  {  1449,  19,  25,  24,    3,  -24 },  // 0x42 'B'
  {  1509,  19,  25,  22,    2,  -24 },  // 0x43 'C'
  {  1569,  21,  25,  26,    3,  -24 },  // 0x44 'D'
  {  1635,  15,  25,  20,    3,  -24 },  // 0x45 'E'
  {  1682,  14,  25,  19,    3,  -24 },  // 0x46 'F'
  {  1726,  21,  25,  25,    2,  -24 },  // 0x47 'G'
  {  1792,  21,  25,  27,    3,  -24 },  // 0x48 'H'
  {  1858,   5,  25,  12,    3,  -24 },  // 0x49 'I'
  {  1874,  11,  32,  12,   -3,  -24 },  // 0x4A 'J'
  {  1918,  20,  25,  23,    3,  -24 },  // 0x4B 'K'
  {  1981,  16,  25,  20,    3,  -24 },  // 0x4C 'L'
  {  2031,  27,  25,  33,    3,  -24 },  // 0x4D 'M'
  {  2116,  22,  25,  28,    3,  -24 },  // 0x4E 'N'
  {  2185,  24,  25,  28,    2,  -24 },  // 0x4F 'O'
  {  2260,  17,  25,  22,    3,  -24 },  // 0x50 'P'
  {  2314,  24,  31,  28,    2,  -24 },  // 0x51 'Q'
  {  2407,  20,  25,  23,    3,  -24 },  // 0x52 'R'
  {  2470,  16,  25,  19,    2,  -24 },  // 0x53 'S'
  {  2520,  19,  25,  20,    1,  -24 },  // 0x54 'T'
  {  2580,  20,  25,  26,    3,  -24 },  // 0x55 'U'
  {  2643,  23,  25,  23,    0,  -24 },  // 0x56 'V'
  {  2715,  34,  25,  34,    0,  -24 },  // 0x57 'W'
  {  2822,  23,  25,  23,    0,  -24 },  // 0x58 'X'
  {  2894,  22,  25,  22,    0,  -24 },  // 0x59 'Y'
  {  2963,  18,  25,  20,    1,  -24 },  // 0x5A 'Z'
  {  3020,   9,  31,  12,    2,  -24 },  // 0x5B '['
  {  3055,  14,  25,  14,    0,  -24 },  // 0x5C '\\'
  {  3099,   8,  31,  12,    1,  -24 },  // 0x5D ']'
  {  3130,  18,  16,  20,    1,  -24 },  // 0x5E '^'
  {  3166,  14,   2,  14,   -1,    4 },  // 0x5F '_'
  {  3170,  10,   6,  13,    1,  -26 },  // 0x60 '`'
  {  3178,  18,  19,  21,    1,  -18 },  // 0x61 'a'
  {  3221,  18,  27,  22,    3,  -26 },  // 0x62 'b'
  {  3282,  15,  19,  18,    2,  -18 },  // 0x63 'c'
  {  3318,  17,  27,  22,    2,  -26 },  // 0x64 'd'
  {  3376,  17,  19,  21,    2,  -18 },  // 0x65 'e'
  {  3417,  14,  27,  14,    1,  -26 },  // 0x66 'f'
  {  3465,  19,  27,  20,    0,  -18 },  // 0x67 'g'
  {  3530,  17,  27,  23,    3,  -26 },  // 0x68 'h'
  {  3588,   5,  26,  11,    3,  -26 },  // 0x69 'i'
  {  3605,  10,  34,  11,   -3,  -26 },  // 0x6A 'j'
  {  3648,  18,  27,  22,    3,  -26 },  // 0x6B 'k'
  {  3709,   5,  27,  11,    3,  -26 },  // 0x6C 'l'
  {  3726,  29,  19,  34,    3,  -18 },  // 0x6D 'm'
  {  3795,  17,  19,  23,    3,  -18 },  // 0x6E 'n'
  {  3836,  18,  19,  22,    2,  -18 },  // 0x6F 'o'
  {  3879,  18,  27,  22,    3,  -18 },  // 0x70 'p'
  {  3940,  17,  27,  22,    2,  -18 },  // 0x71 'q'
  {  3998,  12,  19,  16,    3,  -18 },  // 0x72 'r'
  {  4027,  14,  19,  17,    2,  -18 },  // 0x73 's'
  {  4061,  13,  23,  15,    1,  -22 },  // 0x74 't'
  {  4099,  17,  19,  23,    3,  -18 },  // 0x75 'u'
  {  4140,  20,  19,  20,    0,  -18 },  // 0x76 'v'
  {  4188,  29,  19,  30,    0,  -18 },  // 0x77 'w'
  {  4257,  20,  19,  20,    0,  -18 },  // 0x78 'x'
  {  4305,  20,  27,  20,    0,  -18 },  // 0x79 'y'
  {  4373,  15,  19,  17,    1,  -18 },  // 0x7A 'z'
  {  4409,  11,  31,  14,    1,  -24 },  // 0x7B '{'
  {  4452,   4,  34,  19,    8,  -25 },  // 0x7C '|'
  {  4469,  12,  31,  14,    1,  -24 },  // 0x7D '}'
  {  4516,  17,   6,  20,    1,  -14 },  // 0x7E '~'
};

const GFXfont OpenSansBold18pt7b PROGMEM = {
  (uint8_t *)OpenSansBold18pt7bBitmaps,
  (GFXglyph *)OpenSansBold18pt7bGlyphs,
  0x20, 0x7E, 49
};

const uint8_t OpenSansBold24pt7bBitmaps[] PROGMEM = {
  0xFF, 0xFF, 0xFF, 0xFF, 0xFE, 0xFE, 0xFE, 0xFE, 0xFE, 0xFE, 0xFE, 0xFE,
  0xFE, 0xFE, 0x7E, 0x7E, 0x7E, 0x7E, 0x7E, 0x7E, 0x7E, 0x7E, 0x00, 0x00,
  0x00, 0x00, 0x3C, 0xFE, 0xFF, 0xFF, 0xFF, 0xFF, 0xFE, 0x7C, 0xFC, 0x3F,
  0xFC, 0x3F, 0xFC, 0x3F, 0xFC, 0x3F, 0xFC, 0x3F, 0xFC, 0x3F, 0x7C, 0x3F,
  0x7C, 0x3F, 0x7C, 0x3E, 0x7C, 0x3E, 0x7C, 0x1E, 0x7C, 0x1E, 0x00, 0x3E,
  0x0F, 0x80, 0x03, 0xE1, 0xF0, 0x00, 0x3E, 0x1F, 0x00, 0x07, 0xE1, 0xF0,
  0x00, 0x7C, 0x1F, 0x00, 0x07, 0xC1, 0xF0, 0x00, 0x7C, 0x1E, 0x00, 0x07,
  0xC3, 0xE0, 0x00, 0x7C, 0x3E, 0x00, 0x0F, 0x83, 0xE0, 0x3F, 0xFF, 0xFF,
  0xF3, 0xFF, 0xFF, 0xFF, 0x3F, 0xFF, 0xFF, 0xF3, 0xFF, 0xFF, 0xFF, 0x3F,
  0xFF, 0xFF, 0xF0, 0x1F, 0x07, 0xC0, 0x01, 0xF0, 0x7C, 0x00, 0x1F, 0x0F,
  0x80, 0x01, 0xF0, 0xF8, 0x00, 0x3E, 0x0F, 0x80, 0xFF, 0xFF, 0xFF, 0xEF,
  0xFF, 0xFF, 0xFE, 0xFF, 0xFF, 0xFF, 0xEF, 0xFF, 0xFF, 0xFE, 0xFF, 0xFF,
  0xFF, 0xE0, 0x7C, 0x1F, 0x00, 0x07, 0xC1, 0xF0, 0x00, 0x7C, 0x3E, 0x00,
  0x07, 0xC3, 0xE0, 0x00, 0x7C, 0x3E, 0x00, 0x0F, 0x83, 0xE0, 0x00, 0xF8,
  0x3E, 0x00, 0x0F, 0x87, 0xC0, 0x00, 0xF8, 0x7C, 0x00, 0x00, 0x38, 0x00,
  0x00, 0x70, 0x00, 0x00, 0xE0, 0x00, 0x01, 0xC0, 0x00, 0x1F, 0xFC, 0x01,
  0xFF, 0xFF, 0x07, 0xFF, 0xFF, 0x1F, 0xFF, 0xFE, 0x7F, 0xFF, 0xFD, 0xFF,
  0xFF, 0xF3, 0xFC, 0xE0, 0xE7, 0xF1, 0xC0, 0x0F, 0xE3, 0x80, 0x1F, 0xE7,
  0x00, 0x3F, 0xEE, 0x00, 0x3F, 0xFC, 0x00, 0x7F, 0xFC, 0x00, 0x7F, 0xFE,
  0x00, 0x7F, 0xFF, 0x00, 0x3F, 0xFF, 0x80, 0x1F, 0xFF, 0x80, 0x07, 0xFF,
  0x80, 0x0F, 0xFF, 0x00, 0x1D, 0xFF, 0x00, 0x38, 0xFE, 0x00, 0x71, 0xFE,
  0x00, 0xE3, 0xFF, 0x81, 0xCF, 0xFF, 0xFB, 0xFF, 0xDF, 0xFF, 0xFF, 0xBF,
  0xFF, 0xFE, 0x7F, 0xFF, 0xF8, 0x7F, 0xFF, 0xE0, 0x0F, 0xFE, 0x00, 0x00,
  0xE0, 0x00, 0x01, 0xC0, 0x00, 0x03, 0x80, 0x00, 0x07, 0x00, 0x00, 0x0E,
  0x00, 0x00, 0x07, 0xE0, 0x00, 0x3F, 0x00, 0x1F, 0xF8, 0x00, 0x3E, 0x00,
  0x1F, 0xFC, 0x00, 0x7E, 0x00, 0x3F, 0xFE, 0x00, 0x7C, 0x00, 0x7F, 0xFE,
  0x00, 0xFC, 0x00, 0x7E, 0x3F, 0x00, 0xF8, 0x00, 0x7E, 0x3F, 0x01, 0xF8,
  0x00, 0x7C, 0x3F, 0x01, 0xF0, 0x00, 0x7C, 0x3F, 0x03, 0xF0, 0x00, 0xFC,
  0x1F, 0x07, 0xE0, 0x00, 0xFC, 0x1F, 0x07, 0xC0, 0x00, 0xFC, 0x1F, 0x0F,
  0xC0, 0x00, 0x7C, 0x1F, 0x0F, 0x80, 0x00, 0x7C, 0x3F, 0x1F, 0x87, 0xE0,
  0x7E, 0x3F, 0x1F, 0x1F, 0xF8, 0x7E, 0x3F, 0x3F, 0x3F, 0xFC, 0x7F, 0xFE,
  0x3E, 0x7F, 0xFC, 0x3F, 0xFE, 0x7E, 0x7F, 0xFE, 0x1F, 0xFC, 0x7C, 0x7E,
  0x7E, 0x0F, 0xF8, 0xFC, 0xFC, 0x3E, 0x07, 0xE1, 0xF8, 0xFC, 0x3F, 0x00,
  0x01, 0xF0, 0xFC, 0x3F, 0x00, 0x03, 0xF0, 0xFC, 0x3F, 0x00, 0x03, 0xE0,
  0xFC, 0x3F, 0x00, 0x07, 0xE0, 0xFC, 0x3F, 0x00, 0x07, 0xC0, 0xFC, 0x3F,
  0x00, 0x0F, 0xC0, 0xFC, 0x3F, 0x00, 0x0F, 0x80, 0xFC, 0x3E, 0x00, 0x1F,
  0x80, 0x7E, 0x7E, 0x00, 0x1F, 0x00, 0x7F, 0xFE, 0x00, 0x3F, 0x00, 0x7F,
  0xFC, 0x00, 0x7E, 0x00, 0x3F, 0xFC, 0x00, 0x7C, 0x00, 0x1F, 0xF8, 0x00,
  0xFC, 0x00, 0x07, 0xE0, 0x00, 0x7F, 0x00, 0x00, 0x01, 0xFF, 0xF0, 0x00,
  0x01, 0xFF, 0xFC, 0x00, 0x01, 0xFF, 0xFF, 0x00, 0x01, 0xFF, 0xFF, 0x80,
  0x00, 0xFF, 0xBF, 0xE0, 0x00, 0x7F, 0x07, 0xF0, 0x00, 0x3F, 0x03, 0xF8,
  0x00, 0x1F, 0x81, 0xFC, 0x00, 0x0F, 0xC0, 0xFE, 0x00, 0x07, 0xF0, 0xFE,
  0x00, 0x03, 0xFC, 0xFF, 0x00, 0x00, 0xFE, 0xFF, 0x00, 0x00, 0x3F, 0xFF,
  0x00, 0x00, 0x1F, 0xFF, 0x00, 0x00, 0x07, 0xFF, 0x00, 0x00, 0x0F, 0xFE,
  0x00, 0xFF, 0x0F, 0xFF, 0x80, 0x7F, 0x0F, 0xFF, 0xE0, 0x3F, 0x8F, 0xFF,
  0xF8, 0x3F, 0xC7, 0xF9, 0xFE, 0x1F, 0xC7, 0xF8, 0x7F, 0x9F, 0xE3, 0xFC,
  0x1F, 0xFF, 0xE1, 0xFC, 0x07, 0xFF, 0xF0, 0xFE, 0x01, 0xFF, 0xF0, 0x7F,
  0x80, 0x7F, 0xF0, 0x3F, 0xC0, 0x1F, 0xF8, 0x1F, 0xF8, 0x1F, 0xFC, 0x07,
  0xFF, 0xFF, 0xFF, 0x03, 0xFF, 0xFF, 0xFF, 0xC0, 0xFF, 0xFF, 0xFF, 0xF0,
  0x3F, 0xFF, 0xF7, 0xFC, 0x07, 0xFF, 0xE1, 0xFF, 0x00, 0xFF, 0x80, 0x7F,
  0xC0, 0xFF, 0xFF, 0xFF, 0xFF, 0xF7, 0xDF, 0x7D, 0xF7, 0xDF, 0x03, 0xF0,
  0x3E, 0x07, 0xE0, 0xFC, 0x0F, 0xC1, 0xF8, 0x1F, 0x83, 0xF0, 0x3F, 0x03,
  0xF0, 0x7E, 0x07, 0xE0, 0x7E, 0x07, 0xE0, 0xFC, 0x0F, 0xC0, 0xFC, 0x0F,
  0xC0, 0xFC, 0x0F, 0xC0, 0xFC, 0x0F, 0xC0, 0xFC, 0x0F, 0xC0, 0xFC, 0x0F,
  0xC0, 0xFC, 0x0F, 0xE0, 0x7E, 0x07, 0xE0, 0x7E, 0x07, 0xF0, 0x3F, 0x03,
  0xF0, 0x1F, 0x81, 0xF8, 0x0F, 0xC0, 0xFC, 0x07, 0xE0, 0x3E, 0x03, 0xF0,
  0xFC, 0x0F, 0xC0, 0x7E, 0x03, 0xF0, 0x3F, 0x01, 0xF8, 0x1F, 0x81, 0xFC,
  0x0F, 0xC0, 0xFC, 0x0F, 0xE0, 0x7E, 0x07, 0xE0, 0x7E, 0x07, 0xF0, 0x3F,
  0x03, 0xF0, 0x3F, 0x03, 0xF0, 0x3F, 0x03, 0xF0, 0x3F, 0x03, 0xF0, 0x3F,
  0x03, 0xF0, 0x3F, 0x07, 0xF0, 0x7E, 0x07, 0xE0, 0x7E, 0x07, 0xE0, 0xFC,
  0x0F, 0xC0, 0xFC, 0x1F, 0x81, 0xF8, 0x3F, 0x03, 0xF0, 0x7E, 0x0F, 0xC0,
  0xFC, 0x00, 0x00, 0x7E, 0x00, 0x00, 0xFC, 0x00, 0x01, 0xF8, 0x00, 0x03,
  0xE0, 0x00, 0x07, 0xC0, 0x00, 0x0F, 0x80, 0x18, 0x1F, 0x01, 0x3E, 0x1E,
  0x3F, 0x7F, 0xFF, 0xFE, 0xFF, 0xFF, 0xFD, 0xFF, 0xFF, 0xFF, 0xFF, 0xFF,
  0xF0, 0x0F, 0xE0, 0x00, 0x3F, 0xE0, 0x00, 0x7F, 0xE0, 0x01, 0xF7, 0xE0,
  0x07, 0xE7, 0xC0, 0x1F, 0xCF, 0xC0, 0x3F, 0x1F, 0xC0, 0x7E, 0x1F, 0x80,
  0x38, 0x3C, 0x00, 0x10, 0x20, 0x00, 0x00, 0x7C, 0x00, 0x00, 0xF8, 0x00,
  0x01, 0xF0, 0x00, 0x03, 0xE0, 0x00, 0x07, 0xC0, 0x00, 0x0F, 0x80, 0x00,
  0x1F, 0x00, 0x00, 0x3E, 0x00, 0x00, 0x7C, 0x01, 0xFF, 0xFF, 0xFF, 0xFF,
  0xFF, 0xFF, 0xFF, 0xFF, 0xFF, 0xFF, 0xFF, 0xFF, 0xFF, 0xFF, 0xC0, 0x1F,
  0x00, 0x00, 0x3E, 0x00, 0x00, 0x7C, 0x00, 0x00, 0xF8, 0x00, 0x01, 0xF0,
  0x00, 0x03, 0xE0, 0x00, 0x07, 0xC0, 0x00, 0x0F, 0x80, 0x00, 0x1F, 0x00,
  0x00, 0x3F, 0x9F, 0x9F, 0xCF, 0xE7, 0xE3, 0xF1, 0xF9, 0xF8, 0xFC, 0x7E,
  0x3E, 0x1F, 0x00, 0xFF, 0xFF, 0xFF, 0xFF, 0xFF, 0xFF, 0xFF, 0xFF, 0xFF,
  0xFC, 0x3C, 0xFE, 0xFF, 0xFF, 0xFF, 0xFF, 0xFE, 0x7C, 0x00, 0x07, 0xE0,
  0x01, 0xFC, 0x00, 0x3F, 0x00, 0x07, 0xE0, 0x01, 0xFC, 0x00, 0x3F, 0x00,
  0x0F, 0xE0, 0x01, 0xF8, 0x00, 0x3F, 0x00, 0x0F, 0xE0, 0x01, 0xF8, 0x00,
  0x3F, 0x00, 0x0F, 0xE0, 0x01, 0xF8, 0x00, 0x7F, 0x00, 0x0F, 0xC0, 0x01,
  0xF8, 0x00, 0x7F, 0x00, 0x0F, 0xC0, 0x01, 0xF8, 0x00, 0x7F, 0x00, 0x0F,
  0xC0, 0x01, 0xF8, 0x00, 0x7F, 0x00, 0x0F, 0xC0, 0x03, 0xF8, 0x00, 0x7E,
  0x00, 0x0F, 0xC0, 0x03, 0xF8, 0x00, 0x7E, 0x00, 0x0F, 0xC0, 0x03, 0xF8,
  0x00, 0x7E, 0x00, 0x1F, 0xC0, 0x00, 0x00, 0xFE, 0x00, 0x0F, 0xFF, 0x00,
  0x3F, 0xFF, 0x80, 0xFF, 0xFF, 0x83, 0xFF, 0xFF, 0x07, 0xFF, 0xFF, 0x1F,
  0xE0, 0xFE, 0x3F, 0x80, 0xFE, 0x7F, 0x01, 0xFD, 0xFC, 0x03, 0xFB, 0xF8,
  0x03, 0xFF, 0xF0, 0x07, 0xFF, 0xE0, 0x0F, 0xFF, 0xC0, 0x1F, 0xFF, 0x80,
  0x3F, 0xFF, 0x00, 0x7F, 0xFE, 0x00, 0xFF, 0xFC, 0x01, 0xFF, 0xF8, 0x03,
  0xFF, 0xF0, 0x07, 0xFF, 0xE0, 0x0F, 0xFF, 0xC0, 0x1F, 0xFF, 0x80, 0x3F,
  0xFF, 0x00, 0x7F, 0xFE, 0x01, 0xFC, 0xFE, 0x03, 0xF9, 0xFC, 0x07, 0xF3,
  0xFC, 0x1F, 0xE3, 0xFF, 0xFF, 0x87, 0xFF, 0xFF, 0x07, 0xFF, 0xFC, 0x07,
  0xFF, 0xF0, 0x07, 0xFF, 0x80, 0x01, 0xFC, 0x00, 0x00, 0x3F, 0x00, 0x7F,
  0x01, 0xFF, 0x03, 0xFF, 0x07, 0xFF, 0x0F, 0xFF, 0x1F, 0xFF, 0x7F, 0xFF,
  0xFF, 0xFF, 0xFE, 0x7F, 0x7C, 0x7F, 0x38, 0x7F, 0x10, 0x7F, 0x00, 0x7F,
  0x00, 0x7F, 0x00, 0x7F, 0x00, 0x7F, 0x00, 0x7F, 0x00, 0x7F, 0x00, 0x7F,
  0x00, 0x7F, 0x00, 0x7F, 0x00, 0x7F, 0x00, 0x7F, 0x00, 0x7F, 0x00, 0x7F,
  0x00, 0x7F, 0x00, 0x7F, 0x00, 0x7F, 0x00, 0x7F, 0x00, 0x7F, 0x00, 0x7F,
  0x00, 0x7F, 0x00, 0x7F, 0x01, 0xFF, 0x00, 0x0F, 0xFF, 0x80, 0x7F, 0xFF,
  0x83, 0xFF, 0xFF, 0x8F, 0xFF, 0xFF, 0x9F, 0xFF, 0xFF, 0x9F, 0xC0, 0xFF,
  0x1E, 0x00, 0xFE, 0x18, 0x01, 0xFC, 0x00, 0x03, 0xF8, 0x00, 0x07, 0xF0,
  0x00, 0x0F, 0xE0, 0x00, 0x1F, 0xC0, 0x00, 0x7F, 0x80, 0x00, 0xFE, 0x00,
  0x03, 0xFC, 0x00, 0x0F, 0xF0, 0x00, 0x3F, 0xC0, 0x00, 0xFF, 0x00, 0x03,
  0xFC, 0x00, 0x0F, 0xF0, 0x00, 0x3F, 0xC0, 0x00, 0xFF, 0x00, 0x03, 0xFC,
  0x00, 0x0F, 0xF0, 0x00, 0x3F, 0xC0, 0x00, 0xFF, 0x00, 0x03, 0xFC, 0x00,
  0x0F, 0xFF, 0xFF, 0xFF, 0xFF, 0xFF, 0xFF, 0xFF, 0xFF, 0xFF, 0xFF, 0xFF,
  0xFF, 0xFF, 0xFF, 0xFF, 0xFF, 0xFC, 0x03, 0xFE, 0x00, 0x3F, 0xFF, 0x81,
  0xFF, 0xFF, 0xC7, 0xFF, 0xFF, 0xC7, 0xFF, 0xFF, 0x8F, 0xFF, 0xFF, 0x8F,
  0x00, 0xFF, 0x08, 0x00, 0xFE, 0x00, 0x01, 0xFC, 0x00, 0x03, 0xF8, 0x00,
  0x07, 0xF0, 0x00, 0x1F, 0xC0, 0x00, 0x7F, 0x80, 0x0F, 0xFE, 0x01, 0xFF,
  0xF0, 0x03, 0xFF, 0x80, 0x07, 0xFF, 0x80, 0x0F, 0xFF, 0xE0, 0x1F, 0xFF,
  0xE0, 0x00, 0x7F, 0xE0, 0x00, 0x3F, 0xC0, 0x00, 0x3F, 0xC0, 0x00, 0x7F,
  0x80, 0x00, 0x7F, 0x00, 0x01, 0xFE, 0x00, 0x03, 0xFE, 0x00, 0x07, 0xFF,
  0x00, 0x3F, 0xEF, 0xFF, 0xFF, 0xDF, 0xFF, 0xFF, 0x3F, 0xFF, 0xFC, 0x7F,
  0xFF, 0xF0, 0xFF, 0xFF, 0x80, 0x1F, 0xF8, 0x00, 0x00, 0x03, 0xF8, 0x00,
  0x03, 0xFC, 0x00, 0x01, 0xFE, 0x00, 0x01, 0xFF, 0x00, 0x01, 0xFF, 0x80,
  0x00, 0xFF, 0xC0, 0x00, 0xFF, 0xE0, 0x00, 0xFF, 0xF0, 0x00, 0x7F, 0xF8,
  0x00, 0x7F, 0xFC, 0x00, 0x7E, 0xFE, 0x00, 0x3E, 0x7F, 0x00, 0x3F, 0x3F,
  0x80, 0x3F, 0x1F, 0xC0, 0x1F, 0x8F, 0xE0, 0x1F, 0x87, 0xF0, 0x1F, 0x83,
  0xF8, 0x0F, 0xC1, 0xFC, 0x0F, 0xC0, 0xFE, 0x0F, 0xC0, 0x7F, 0x07, 0xE0,
  0x3F, 0x87, 0xFF, 0xFF, 0xFF, 0xFF, 0xFF, 0xFF, 0xFF, 0xFF, 0xFF, 0xFF,
  0xFF, 0xFF, 0xFF, 0xFF, 0xFF, 0xFF, 0xFF, 0xFF, 0xE0, 0x00, 0x7F, 0x00,
  0x00, 0x3F, 0x80, 0x00, 0x1F, 0xC0, 0x00, 0x0F, 0xE0, 0x00, 0x07, 0xF0,
  0x00, 0x03, 0xF8, 0x00, 0x01, 0xFC, 0x00, 0x3F, 0xFF, 0xF0, 0x7F, 0xFF,
  0xE0, 0xFF, 0xFF, 0xC1, 0xFF, 0xFF, 0x83, 0xFF, 0xFF, 0x07, 0xFF, 0xFE,
  0x0F, 0xC0, 0x00, 0x1F, 0x80, 0x00, 0x3F, 0x00, 0x00, 0xFE, 0x00, 0x01,
  0xFC, 0x00, 0x03, 0xF8, 0x00, 0x07, 0xFF, 0xF0, 0x0F, 0xFF, 0xF8, 0x1F,
  0xFF, 0xFC, 0x3F, 0xFF, 0xFC, 0x7F, 0xFF, 0xF8, 0x7F, 0xFF, 0xF8, 0x00,
  0x1F, 0xF0, 0x00, 0x1F, 0xE0, 0x00, 0x1F, 0xE0, 0x00, 0x3F, 0xC0, 0x00,
  0x3F, 0x80, 0x00, 0x7F, 0x00, 0x01, 0xFE, 0x00, 0x03, 0xFA, 0x00, 0x0F,
  0xF7, 0x80, 0x3F, 0xEF, 0xFF, 0xFF, 0x9F, 0xFF, 0xFF, 0x3F, 0xFF, 0xFC,
  0x7F, 0xFF, 0xF0, 0x7F, 0xFF, 0x80, 0x1F, 0xF8, 0x00, 0x00, 0x1F, 0xF8,
  0x01, 0xFF, 0xF0, 0x07, 0xFF, 0xE0, 0x3F, 0xFF, 0xC0, 0xFF, 0xFF, 0x83,
  0xFF, 0xFF, 0x07, 0xF8, 0x00, 0x1F, 0xE0, 0x00, 0x3F, 0x00, 0x00, 0xFE,
  0x00, 0x01, 0xF8, 0x00, 0x03, 0xF0, 0x00, 0x0F, 0xE3, 0xF8, 0x1F, 0x8F,
  0xFC, 0x3F, 0x7F, 0xFE, 0x7E, 0xFF, 0xFC, 0xFF, 0xFF, 0xFD, 0xFF, 0xCF,
  0xFB, 0xFE, 0x07, 0xFF, 0xF8, 0x07, 0xFF, 0xE0, 0x0F, 0xFF, 0xC0, 0x1F,
  0xFF, 0x80, 0x3F, 0xFF, 0x00, 0x7F, 0xFE, 0x00, 0xFF, 0xFE, 0x01, 0xFD,
  0xFC, 0x03, 0xFB, 0xFC, 0x0F, 0xE3, 0xFF, 0xFF, 0xC7, 0xFF, 0xFF, 0x07,
  0xFF, 0xFE, 0x07, 0xFF, 0xF8, 0x03, 0xFF, 0xC0, 0x01, 0xFE, 0x00, 0xFF,
  0xFF, 0xFF, 0xFF, 0xFF, 0xFF, 0xFF, 0xFF, 0xFF, 0xFF, 0xFF, 0xFF, 0xFF,
  0xFF, 0xFF, 0xFF, 0xFF, 0xFF, 0x00, 0x00, 0x7E, 0x00, 0x00, 0xFE, 0x00,
  0x00, 0xFE, 0x00, 0x01, 0xFC, 0x00, 0x01, 0xFC, 0x00, 0x03, 0xF8, 0x00,
  0x03, 0xF8, 0x00, 0x07, 0xF0, 0x00, 0x07, 0xF0, 0x00, 0x07, 0xF0, 0x00,
  0x0F, 0xE0, 0x00, 0x0F, 0xE0, 0x00, 0x1F, 0xC0, 0x00, 0x1F, 0xC0, 0x00,
  0x3F, 0x80, 0x00, 0x3F, 0x80, 0x00, 0x7F, 0x80, 0x00, 0x7F, 0x00, 0x00,
  0xFF, 0x00, 0x00, 0xFE, 0x00, 0x00, 0xFE, 0x00, 0x01, 0xFC, 0x00, 0x01,
  0xFC, 0x00, 0x03, 0xFC, 0x00, 0x03, 0xF8, 0x00, 0x07, 0xF8, 0x00, 0x07,
  0xF0, 0x00, 0x0F, 0xF0, 0x00, 0x01, 0xFF, 0x00, 0x0F, 0xFF, 0x80, 0x7F,
  0xFF, 0xC1, 0xFF, 0xFF, 0xC3, 0xFF, 0xFF, 0x8F, 0xF0, 0xFF, 0x9F, 0xC0,
  0x7F, 0x3F, 0x00, 0xFE, 0x7E, 0x01, 0xFC, 0xFC, 0x03, 0xF9, 0xFC, 0x07,
  0xF3, 0xFC, 0x1F, 0xC3, 0xFC, 0x7F, 0x83, 0xFF, 0xFE, 0x03, 0xFF, 0xF8,
  0x03, 0xFF, 0xC0, 0x03, 0xFF, 0x80, 0x1F, 0xFF, 0xC0, 0x7F, 0xFF, 0xC1,
  0xFE, 0x7F, 0xC7, 0xF8, 0x7F, 0xDF, 0xE0, 0x3F, 0xBF, 0x80, 0x3F, 0xFE,
  0x00, 0x7F, 0xFC, 0x00, 0x7F, 0xF8, 0x00, 0xFF, 0xF8, 0x03, 0xFF, 0xF0,
  0x0F, 0xFF, 0xF8, 0x3F, 0xCF, 0xFF, 0xFF, 0x9F, 0xFF, 0xFE, 0x0F, 0xFF,
  0xF8, 0x0F, 0xFF, 0xE0, 0x03, 0xFE, 0x00, 0x01, 0xFE, 0x00, 0x0F, 0xFF,
  0x00, 0x7F, 0xFF, 0x81, 0xFF, 0xFF, 0x87, 0xFF, 0xFF, 0x0F, 0xFF, 0xFF,
  0x3F, 0xC0, 0xFF, 0x7F, 0x00, 0xFE, 0xFE, 0x01, 0xFD, 0xFC, 0x01, 0xFF,
  0xF0, 0x03, 0xFF, 0xE0, 0x07, 0xFF, 0xC0, 0x0F, 0xFF, 0xC0, 0x1F, 0xFF,
  0x80, 0x7F, 0xFF, 0x81, 0xFF, 0xFF, 0xCF, 0xFE, 0xFF, 0xFF, 0xFD, 0xFF,
  0xFD, 0xF9, 0xFF, 0xF3, 0xF1, 0xFF, 0xCF, 0xE0, 0x7E, 0x1F, 0xC0, 0x00,
  0x3F, 0x00, 0x00, 0x7E, 0x00, 0x01, 0xFC, 0x00, 0x07, 0xF0, 0x00, 0x1F,
  0xE0, 0x00, 0x7F, 0x83, 0xFF, 0xFF, 0x07, 0xFF, 0xFC, 0x0F, 0xFF, 0xF0,
  0x1F, 0xFF, 0x80, 0x3F, 0xFC, 0x00, 0x7F, 0xC0, 0x00, 0x7C, 0xFE, 0xFF,
  0xFF, 0xFF, 0xFE, 0xFE, 0x3C, 0x00, 0x00, 0x00, 0x00, 0x00, 0x00, 0x00,
  0x00, 0x00, 0x3C, 0xFE, 0xFF, 0xFF, 0xFF, 0xFF, 0xFE, 0x7C, 0x3E, 0x3F,
  0x9F, 0xEF, 0xF7, 0xFB, 0xF9, 0xFC, 0x3C, 0x00, 0x00, 0x00, 0x00, 0x00,
  0x00, 0x00, 0x00, 0x00, 0x00, 0x00, 0x00, 0x00, 0x03, 0xF9, 0xF9, 0xFC,
  0xFE, 0x7E, 0x3F, 0x1F, 0x9F, 0x8F, 0xC7, 0xE3, 0xE1, 0xF0, 0x00, 0x00,
  0x02, 0x00, 0x00, 0x1C, 0x00, 0x00, 0xF8, 0x00, 0x07, 0xF0, 0x00, 0x3F,
  0xE0, 0x01, 0xFF, 0xC0, 0x0F, 0xFE, 0x00, 0x7F, 0xF0, 0x03, 0xFF, 0x00,
  0x1F, 0xF8, 0x00, 0xFF, 0xC0, 0x07, 0xFE, 0x00, 0x0F, 0xF0, 0x00, 0x1F,
  0xF0, 0x00, 0x3F, 0xF8, 0x00, 0x3F, 0xFC, 0x00, 0x0F, 0xFF, 0x00, 0x07,
  0xFF, 0x80, 0x03, 0xFF, 0xC0, 0x01, 0xFF, 0xF0, 0x00, 0x7F, 0xE0, 0x00,
  0x3F, 0xC0, 0x00, 0x1F, 0x80, 0x00, 0x0F, 0x00, 0x00, 0x02, 0xFF, 0xFF,
  0xFF, 0xFF, 0xFF, 0xFF, 0xFF, 0xFF, 0xFF, 0xFF, 0xFF, 0xFF, 0xFF, 0xFF,
  0xE0, 0x00, 0x00, 0x00, 0x00, 0x00, 0x00, 0x00, 0x00, 0x00, 0x00, 0x01,
  0xFF, 0xFF, 0xFF, 0xFF, 0xFF, 0xFF, 0xFF, 0xFF, 0xFF, 0xFF, 0xFF, 0xFF,
  0xFF, 0xFF, 0xC0, 0x80, 0x00, 0x01, 0xC0, 0x00, 0x03, 0xE0, 0x00, 0x07,
  0xF0, 0x00, 0x0F, 0xF8, 0x00, 0x1F, 0xFC, 0x00, 0x0F, 0xFE, 0x00, 0x07,
  0xFF, 0x00, 0x03, 0xFF, 0x80, 0x01, 0xFF, 0xC0, 0x00, 0x7F, 0xE0, 0x00,
  0x3F, 0xF0, 0x00, 0x1F, 0xE0, 0x00, 0x7F, 0xC0, 0x03, 0xFF, 0x80, 0x1F,
  0xFC, 0x01, 0xFF, 0xE0, 0x0F, 0xFF, 0x00, 0xFF, 0xF8, 0x07, 0xFF, 0x80,
  0x0F, 0xFC, 0x00, 0x1F, 0xE0, 0x00, 0x3F, 0x00, 0x00, 0x70, 0x00, 0x00,
  0x80, 0x00, 0x00, 0x03, 0xFE, 0x00, 0xFF, 0xFE, 0x1F, 0xFF, 0xF9, 0xFF,
  0xFF, 0xE7, 0xFF, 0xFF, 0x3F, 0xFF, 0xFC, 0xF0, 0x0F, 0xE6, 0x00, 0x7F,
  0x00, 0x01, 0xF8, 0x00, 0x0F, 0xC0, 0x00, 0xFE, 0x00, 0x0F, 0xF0, 0x00,
  0xFF, 0x00, 0x0F, 0xF0, 0x01, 0xFF, 0x00, 0x1F, 0xF0, 0x01, 0xFE, 0x00,
  0x0F, 0xE0, 0x00, 0x7E, 0x00, 0x07, 0xF0, 0x00, 0x3F, 0x00, 0x01, 0xF8,
  0x00, 0x00, 0x00, 0x00, 0x00, 0x00, 0x00, 0x00, 0x00, 0x00, 0x00, 0x00,
  0x38, 0x00, 0x07, 0xF0, 0x00, 0x3F, 0x80, 0x01, 0xFE, 0x00, 0x0F, 0xF0,
  0x00, 0x7F, 0x00, 0x03, 0xF8, 0x00, 0x0F, 0x80, 0x00, 0x00, 0x00, 0xFF,
  0x80, 0x00, 0x00, 0x3F, 0xFF, 0xC0, 0x00, 0x03, 0xFF, 0xFF, 0xC0, 0x00,
  0x1F, 0xFF, 0xFF, 0xC0, 0x01, 0xFF, 0xC1, 0xFF, 0x80, 0x0F, 0xF0, 0x00,
  0xFF, 0x00, 0x7F, 0x00, 0x00, 0xFE, 0x03, 0xF8, 0x00, 0x01, 0xF8, 0x0F,
  0xC0, 0x00, 0x03, 0xF0, 0x7E, 0x03, 0xFE, 0x07, 0xC1, 0xF0, 0x3F, 0xFF,
  0x1F, 0x8F, 0x81, 0xFF, 0xFC, 0x3E, 0x3E, 0x0F, 0xFF, 0xF0, 0xF9, 0xF8,
  0x7F, 0x07, 0xC3, 0xF7, 0xC3, 0xF0, 0x1F, 0x07, 0xDF, 0x0F, 0xC0, 0x7C,
  0x1F, 0x7C, 0x7E, 0x01, 0xF0, 0x7D, 0xF1, 0xF8, 0x07, 0xC1, 0xFF, 0x87,
  0xC0, 0x1F, 0x07, 0xFE, 0x1F, 0x00, 0x7C, 0x1F, 0xF8, 0x7C, 0x03, 0xF0,
  0xFB, 0xE1, 0xF0, 0x0F, 0xC3, 0xEF, 0xC7, 0xE0, 0x3F, 0x0F, 0xBF, 0x0F,
  0x81, 0xFC, 0x7E, 0x7C, 0x3F, 0x8F, 0xF9, 0xF1, 0xF0, 0xFF, 0xFF, 0xFF,
  0xC7, 0xC1, 0xFF, 0xF7, 0xFE, 0x1F, 0x83, 0xFF, 0x1F, 0xF0, 0x3E, 0x03,
  0xF8, 0x1F, 0x00, 0xFC, 0x00, 0x00, 0x00, 0x01, 0xF8, 0x00, 0x00, 0x00,
  0x03, 0xF0, 0x00, 0x00, 0x00, 0x0F, 0xF0, 0x00, 0x1C, 0x00, 0x1F, 0xFC,
  0x1F, 0xF0, 0x00, 0x1F, 0xFF, 0xFF, 0xC0, 0x00, 0x3F, 0xFF, 0xFF, 0x00,
  0x00, 0x3F, 0xFF, 0xF0, 0x00, 0x00, 0x1F, 0xFC, 0x00, 0x00, 0x00, 0x0F,
  0xF8, 0x00, 0x00, 0x1F, 0xF8, 0x00, 0x00, 0x1F, 0xF8, 0x00, 0x00, 0x1F,
  0xFC, 0x00, 0x00, 0x3F, 0xFC, 0x00, 0x00, 0x3F, 0xFC, 0x00, 0x00, 0x3F,
  0x7E, 0x00, 0x00, 0x7F, 0x7E, 0x00, 0x00, 0x7E, 0x7F, 0x00, 0x00, 0x7E,
  0x7F, 0x00, 0x00, 0xFE, 0x3F, 0x00, 0x00, 0xFC, 0x3F, 0x80, 0x01, 0xFC,
  0x3F, 0x80, 0x01, 0xFC, 0x1F, 0x80, 0x01, 0xFC, 0x1F, 0xC0, 0x03, 0xF8,
  0x1F, 0xC0, 0x03, 0xF8, 0x0F, 0xC0, 0x03, 0xF8, 0x0F, 0xE0, 0x07, 0xF0,
  0x0F, 0xE0, 0x07, 0xF0, 0x0F, 0xE0, 0x07, 0xFF, 0xFF, 0xF0, 0x0F, 0xFF,
  0xFF, 0xF0, 0x0F, 0xFF, 0xFF, 0xF0, 0x0F, 0xFF, 0xFF, 0xF8, 0x1F, 0xFF,
  0xFF, 0xF8, 0x1F, 0xFF, 0xFF, 0xF8, 0x1F, 0xC0, 0x03, 0xFC, 0x3F, 0xC0,
  0x01, 0xFC, 0x3F, 0x80, 0x01, 0xFE, 0x3F, 0x80, 0x01, 0xFE, 0x7F, 0x80,
  0x00, 0xFE, 0x7F, 0x00, 0x00, 0xFF, 0x7F, 0x00, 0x00, 0xFF, 0xFF, 0x00,
  0x00, 0x7F, 0xFF, 0xFF, 0x80, 0x7F, 0xFF, 0xF8, 0x3F, 0xFF, 0xFF, 0x1F,
  0xFF, 0xFF, 0xCF, 0xFF, 0xFF, 0xE7, 0xFF, 0xFF, 0xFB, 0xF8, 0x07, 0xFD,
  0xFC, 0x01, 0xFE, 0xFE, 0x00, 0x7F, 0x7F, 0x00, 0x3F, 0xBF, 0x80, 0x1F,
  0xDF, 0xC0, 0x1F, 0xEF, 0xE0, 0x0F, 0xE7, 0xFF, 0xFF, 0xF3, 0xFF, 0xFF,
  0xF1, 0xFF, 0xFF, 0xE0, 0xFF, 0xFF, 0xF8, 0x7F, 0xFF, 0xFE, 0x3F, 0xFF,
  0xFF, 0xDF, 0xC0, 0x3F, 0xEF, 0xE0, 0x07, 0xFF, 0xF0, 0x03, 0xFF, 0xF8,
  0x00, 0xFF, 0xFC, 0x00, 0x7F, 0xFE, 0x00, 0x3F, 0xFF, 0x00, 0x3F, 0xFF,
  0x80, 0x1F, 0xFF, 0xC0, 0x3F, 0xFF, 0xFF, 0xFF, 0xF7, 0xFF, 0xFF, 0xFB,
  0xFF, 0xFF, 0xF9, 0xFF, 0xFF, 0xF8, 0xFF, 0xFF, 0xF0, 0x7F, 0xFF, 0xC0,
  0x00, 0x00, 0x1F, 0xF0, 0x00, 0x7F, 0xFF, 0x00, 0xFF, 0xFF, 0xE0, 0xFF,
  0xFF, 0xF0, 0xFF, 0xFF, 0xF0, 0xFF, 0xFF, 0xF8, 0xFF, 0xC0, 0x7C, 0x7F,
  0xC0, 0x04, 0x7F, 0xC0, 0x00, 0x3F, 0xC0, 0x00, 0x1F, 0xC0, 0x00, 0x1F,
  0xE0, 0x00, 0x0F, 0xF0, 0x00, 0x07, 0xF0, 0x00, 0x03, 0xF8, 0x00, 0x01,
  0xFC, 0x00, 0x00, 0xFE, 0x00, 0x00, 0x7F, 0x00, 0x00, 0x3F, 0x80, 0x00,
  0x1F, 0xC0, 0x00, 0x0F, 0xE0, 0x00, 0x07, 0xF0, 0x00, 0x03, 0xFC, 0x00,
  0x01, 0xFE, 0x00, 0x00, 0x7F, 0x80, 0x00, 0x3F, 0xC0, 0x00, 0x0F, 0xF0,
  0x00, 0x47, 0xFE, 0x01, 0xE1, 0xFF, 0xFF, 0xF0, 0xFF, 0xFF, 0xF8, 0x3F,
  0xFF, 0xFC, 0x07, 0xFF, 0xFE, 0x01, 0xFF, 0xFE, 0x00, 0x1F, 0xF8, 0x00,
  0xFF, 0xFF, 0x00, 0x0F, 0xFF, 0xFE, 0x00, 0xFF, 0xFF, 0xF8, 0x0F, 0xFF,
  0xFF, 0xC0, 0xFF, 0xFF, 0xFF, 0x0F, 0xFF, 0xFF, 0xF8, 0xFE, 0x01, 0xFF,
  0x8F, 0xE0, 0x07, 0xFC, 0xFE, 0x00, 0x3F, 0xCF, 0xE0, 0x01, 0xFE, 0xFE,
  0x00, 0x1F, 0xEF, 0xE0, 0x00, 0xFE, 0xFE, 0x00, 0x0F, 0xFF, 0xE0, 0x00,
  0xFF, 0xFE, 0x00, 0x07, 0xFF, 0xE0, 0x00, 0x7F, 0xFE, 0x00, 0x07, 0xFF,
  0xE0, 0x00, 0x7F, 0xFE, 0x00, 0x07, 0xFF, 0xE0, 0x00, 0xFF, 0xFE, 0x00,
  0x0F, 0xFF, 0xE0, 0x00, 0xFF, 0xFE, 0x00, 0x0F, 0xEF, 0xE0, 0x01, 0xFE,
  0xFE, 0x00, 0x1F, 0xEF, 0xE0, 0x03, 0xFC, 0xFE, 0x00, 0x7F, 0xCF, 0xE0,
  0x1F, 0xF8, 0xFF, 0xFF, 0xFF, 0x0F, 0xFF, 0xFF, 0xE0, 0xFF, 0xFF, 0xFC,
  0x0F, 0xFF, 0xFF, 0x80, 0xFF, 0xFF, 0xE0, 0x0F, 0xFF, 0xE0, 0x00, 0xFF,
  0xFF, 0xFF, 0xFF, 0xFF, 0xFF, 0xFF, 0xFF, 0xFF, 0xFF, 0xFF, 0xFF, 0xFF,
  0xFF, 0xFF, 0xFE, 0x00, 0x0F, 0xE0, 0x00, 0xFE, 0x00, 0x0F, 0xE0, 0x00,
  0xFE, 0x00, 0x0F, 0xE0, 0x00, 0xFE, 0x00, 0x0F, 0xFF, 0xFE, 0xFF, 0xFF,
  0xEF, 0xFF, 0xFE, 0xFF, 0xFF, 0xEF, 0xFF, 0xFE, 0xFF, 0xFF, 0xEF, 0xE0,
  0x00, 0xFE, 0x00, 0x0F, 0xE0, 0x00, 0xFE, 0x00, 0x0F, 0xE0, 0x00, 0xFE,
  0x00, 0x0F, 0xE0, 0x00, 0xFE, 0x00, 0x0F, 0xE0, 0x00, 0xFF, 0xFF, 0xFF,
  0xFF, 0xFF, 0xFF, 0xFF, 0xFF, 0xFF, 0xFF, 0xFF, 0xFF, 0xFF, 0xFF, 0xFF,
  0xFF, 0xFF, 0xFF, 0xFF, 0xFF, 0xFF, 0xFF, 0xFF, 0xFF, 0xFF, 0xFF, 0xFF,
  0xFF, 0xFF, 0xFF, 0x80, 0x07, 0xF0, 0x00, 0xFE, 0x00, 0x1F, 0xC0, 0x03,
  0xF8, 0x00, 0x7F, 0x00, 0x0F, 0xE0, 0x01, 0xFC, 0x00, 0x3F, 0x80, 0x07,
  0xFF, 0xFF, 0xFF, 0xFF, 0xFF, 0xFF, 0xFF, 0xFF, 0xFF, 0xFF, 0xFF, 0xFF,
  0xFF, 0xFF, 0xFC, 0x00, 0x3F, 0x80, 0x07, 0xF0, 0x00, 0xFE, 0x00, 0x1F,
  0xC0, 0x03, 0xF8, 0x00, 0x7F, 0x00, 0x0F, 0xE0, 0x01, 0xFC, 0x00, 0x3F,
  0x80, 0x07, 0xF0, 0x00, 0xFE, 0x00, 0x1F, 0xC0, 0x00, 0x00, 0x0F, 0xFC,
  0x00, 0x0F, 0xFF, 0xF8, 0x07, 0xFF, 0xFF, 0x83, 0xFF, 0xFF, 0xF0, 0xFF,
  0xFF, 0xFC, 0x3F, 0xFF, 0xFF, 0x87, 0xFF, 0x01, 0xE1, 0xFF, 0x80, 0x04,
  0x7F, 0xC0, 0x00, 0x0F, 0xF0, 0x00, 0x01, 0xFE, 0x00, 0x00, 0x7F, 0x80,
  0x00, 0x0F, 0xF0, 0x00, 0x01, 0xFC, 0x00, 0x00, 0x3F, 0x80, 0x00, 0x07,
  0xF0, 0x1F, 0xFF, 0xFE, 0x03, 0xFF, 0xFF, 0xC0, 0x7F, 0xFF, 0xF8, 0x0F,
  0xFF, 0xFF, 0x01, 0xFF, 0xFF, 0xE0, 0x3F, 0xFF, 0xFE, 0x00, 0x1F, 0xFF,
  0xC0, 0x03, 0xFF, 0xF8, 0x00, 0x7F, 0x7F, 0x80, 0x0F, 0xEF, 0xF8, 0x01,
  0xFC, 0xFF, 0x80, 0x3F, 0x9F, 0xF8, 0x07, 0xF1, 0xFF, 0xFF, 0xFE, 0x1F,
  0xFF, 0xFF, 0xC1, 0xFF, 0xFF, 0xF8, 0x1F, 0xFF, 0xFF, 0x00, 0xFF, 0xFF,
  0xC0, 0x03, 0xFF, 0x80, 0xFE, 0x00, 0x07, 0xFF, 0xE0, 0x00, 0x7F, 0xFE,
  0x00, 0x07, 0xFF, 0xE0, 0x00, 0x7F, 0xFE, 0x00, 0x07, 0xFF, 0xE0, 0x00,
  0x7F, 0xFE, 0x00, 0x07, 0xFF, 0xE0, 0x00, 0x7F, 0xFE, 0x00, 0x07, 0xFF,
  0xE0, 0x00, 0x7F, 0xFE, 0x00, 0x07, 0xFF, 0xE0, 0x00, 0x7F, 0xFE, 0x00,
  0x07, 0xFF, 0xFF, 0xFF, 0xFF, 0xFF, 0xFF, 0xFF, 0xFF, 0xFF, 0xFF, 0xFF,
  0xFF, 0xFF, 0xFF, 0xFF, 0xFF, 0xFF, 0xFF, 0xFF, 0xFF, 0xFF, 0xFF, 0xE0,
  0x00, 0x7F, 0xFE, 0x00, 0x07, 0xFF, 0xE0, 0x00, 0x7F, 0xFE, 0x00, 0x07,
  0xFF, 0xE0, 0x00, 0x7F, 0xFE, 0x00, 0x07, 0xFF, 0xE0, 0x00, 0x7F, 0xFE,
  0x00, 0x07, 0xFF, 0xE0, 0x00, 0x7F, 0xFE, 0x00, 0x07, 0xFF, 0xE0, 0x00,
  0x7F, 0xFE, 0x00, 0x07, 0xFF, 0xE0, 0x00, 0x7F, 0xFE, 0x00, 0x07, 0xFF,
  0xE0, 0x00, 0x7F, 0xFF, 0xFF, 0xFF, 0xFF, 0xFF, 0xFF, 0xFF, 0xFF, 0xFF,
  0xFF, 0xFF, 0xFF, 0xFF, 0xFF, 0xFF, 0xFF, 0xFF, 0xFF, 0xFF, 0xFF, 0xFF,
  0xFF, 0xFF, 0xFF, 0xFF, 0xFF, 0xFF, 0xFF, 0xFF, 0xFC, 0x01, 0xFC, 0x07,
  0xF0, 0x1F, 0xC0, 0x7F, 0x01, 0xFC, 0x07, 0xF0, 0x1F, 0xC0, 0x7F, 0x01,
  0xFC, 0x07, 0xF0, 0x1F, 0xC0, 0x7F, 0x01, 0xFC, 0x07, 0xF0, 0x1F, 0xC0,
  0x7F, 0x01, 0xFC, 0x07, 0xF0, 0x1F, 0xC0, 0x7F, 0x01, 0xFC, 0x07, 0xF0,
  0x1F, 0xC0, 0x7F, 0x01, 0xFC, 0x07, 0xF0, 0x1F, 0xC0, 0x7F, 0x01, 0xFC,
  0x07, 0xF0, 0x1F, 0xC0, 0x7F, 0x01, 0xFC, 0x07, 0xF0, 0x1F, 0xC0, 0x7F,
  0x03, 0xFC, 0x1F, 0xFF, 0xFF, 0xBF, 0xFE, 0xFF, 0xF3, 0xFF, 0x8F, 0xFC,
  0x3F, 0xC0, 0xFE, 0x00, 0x1F, 0xFF, 0xC0, 0x07, 0xFB, 0xF8, 0x01, 0xFE,
  0x7F, 0x00, 0x7F, 0x8F, 0xE0, 0x0F, 0xF1, 0xFC, 0x03, 0xFC, 0x3F, 0x80,
  0xFF, 0x07, 0xF0, 0x3F, 0xC0, 0xFE, 0x07, 0xF8, 0x1F, 0xC1, 0xFE, 0x03,
  0xF8, 0x7F, 0x80, 0x7F, 0x1F, 0xE0, 0x0F, 0xE7, 0xF8, 0x01, 0xFC, 0xFF,
  0x00, 0x3F, 0xBF, 0xC0, 0x07, 0xFF, 0xF8, 0x00, 0xFF, 0xFF, 0x00, 0x1F,
  0xFF, 0xF0, 0x03, 0xFF, 0xFF, 0x00, 0x7F, 0xFF, 0xE0, 0x0F, 0xF9, 0xFE,
  0x01, 0xFE, 0x3F, 0xC0, 0x3F, 0x83, 0xFC, 0x07, 0xF0, 0x3F, 0xC0, 0xFE,
  0x07, 0xF8, 0x1F, 0xC0, 0x7F, 0x83, 0xF8, 0x07, 0xF8, 0x7F, 0x00, 0xFF,
  0x0F, 0xE0, 0x0F, 0xF1, 0xFC, 0x01, 0xFE, 0x3F, 0x80, 0x1F, 0xE7, 0xF0,
  0x01, 0xFE, 0xFE, 0x00, 0x3F, 0xDF, 0xC0, 0x03, 0xFC, 0xFE, 0x00, 0x07,
  0xF0, 0x00, 0x3F, 0x80, 0x01, 0xFC, 0x00, 0x0F, 0xE0, 0x00, 0x7F, 0x00,
  0x03, 0xF8, 0x00, 0x1F, 0xC0, 0x00, 0xFE, 0x00, 0x07, 0xF0, 0x00, 0x3F,
  0x80, 0x01, 0xFC, 0x00, 0x0F, 0xE0, 0x00, 0x7F, 0x00, 0x03, 0xF8, 0x00,
  0x1F, 0xC0, 0x00, 0xFE, 0x00, 0x07, 0xF0, 0x00, 0x3F, 0x80, 0x01, 0xFC,
  0x00, 0x0F, 0xE0, 0x00, 0x7F, 0x00, 0x03, 0xF8, 0x00, 0x1F, 0xC0, 0x00,
  0xFE, 0x00, 0x07, 0xF0, 0x00, 0x3F, 0x80, 0x01, 0xFC, 0x00, 0x0F, 0xFF,
  0xFF, 0xFF, 0xFF, 0xFF, 0xFF, 0xFF, 0xFF, 0xFF, 0xFF, 0xFF, 0xFF, 0xFF,
  0xFF, 0xFF, 0xC0, 0xFF, 0xC0, 0x00, 0x3F, 0xFF, 0xFC, 0x00, 0x03, 0xFF,
  0xFF, 0xE0, 0x00, 0x3F, 0xFF, 0xFE, 0x00, 0x07, 0xFF, 0xFF, 0xE0, 0x00,
  0x7F, 0xFF, 0xFF, 0x00, 0x07, 0xFF, 0xFF, 0xF0, 0x00, 0xFF, 0xFF, 0xFF,
  0x00, 0x0F, 0xFF, 0xFD, 0xF8, 0x00, 0xFB, 0xFF, 0xDF, 0x80, 0x1F, 0xBF,
  0xFD, 0xF8, 0x01, 0xFB, 0xFF, 0xCF, 0x80, 0x1F, 0x3F, 0xFC, 0xFC, 0x03,
  0xF3, 0xFF, 0xCF, 0xC0, 0x3F, 0x3F, 0xFC, 0x7C, 0x03, 0xE7, 0xFF, 0xE7,
  0xE0, 0x7E, 0x7F, 0xFE, 0x7E, 0x07, 0xE7, 0xFF, 0xE7, 0xE0, 0x7C, 0x7F,
  0xFE, 0x3F, 0x0F, 0xC7, 0xFF, 0xE3, 0xF0, 0xFC, 0x7F, 0xFE, 0x3F, 0x0F,
  0x87, 0xFF, 0xE1, 0xF1, 0xF8, 0x7F, 0xFE, 0x1F, 0x9F, 0x87, 0xFF, 0xE1,
  0xF9, 0xF0, 0x7F, 0xFE, 0x0F, 0xBF, 0x07, 0xFF, 0xE0, 0xFF, 0xF0, 0x7F,
  0xFE, 0x0F, 0xFE, 0x07, 0xFF, 0xE0, 0xFF, 0xE0, 0x7F, 0xFE, 0x07, 0xFE,
  0x07, 0xFF, 0xE0, 0x7F, 0xC0, 0x7F, 0xFE, 0x07, 0xFC, 0x07, 0xFF, 0xE0,
  0x3F, 0xC0, 0x7F, 0xFE, 0x03, 0xF8, 0x07, 0xFF, 0xE0, 0x3F, 0x80, 0x7F,
  0xFF, 0x80, 0x00, 0xFF, 0xFF, 0x00, 0x03, 0xFF, 0xFE, 0x00, 0x0F, 0xFF,
  0xF8, 0x00, 0x3F, 0xFF, 0xF0, 0x00, 0xFF, 0xFF, 0xC0, 0x03, 0xFF, 0xFF,
  0x80, 0x0F, 0xFF, 0xFF, 0x00, 0x3F, 0xFF, 0xFC, 0x00, 0xFF, 0xF7, 0xF8,
  0x03, 0xFF, 0xCF, 0xE0, 0x0F, 0xFF, 0x3F, 0xC0, 0x3F, 0xFC, 0x7F, 0x00,
  0xFF, 0xF1, 0xFE, 0x03, 0xFF, 0xC3, 0xFC, 0x0F, 0xFF, 0x0F, 0xF0, 0x3F,
  0xFE, 0x1F, 0xE0, 0xFF, 0xF8, 0x3F, 0x83, 0xFF, 0xE0, 0xFF, 0x0F, 0xFF,
  0x81, 0xFC, 0x3F, 0xFE, 0x07, 0xF8, 0xFF, 0xF8, 0x0F, 0xF3, 0xFF, 0xE0,
  0x3F, 0xCF, 0xFF, 0x80, 0x7F, 0xBF, 0xFE, 0x00, 0xFE, 0xFF, 0xF8, 0x03,
  0xFF, 0xFF, 0xE0, 0x07, 0xFF, 0xFF, 0x80, 0x1F, 0xFF, 0xFE, 0x00, 0x3F,
  0xFF, 0xF8, 0x00, 0xFF, 0xFF, 0xE0, 0x01, 0xFF, 0xFF, 0x80, 0x03, 0xFF,
  0xFE, 0x00, 0x0F, 0xFF, 0xF8, 0x00, 0x1F, 0xF0, 0x00, 0x1F, 0xF8, 0x00,
  0x00, 0xFF, 0xFF, 0x00, 0x03, 0xFF, 0xFF, 0x80, 0x07, 0xFF, 0xFF, 0xE0,
  0x0F, 0xFF, 0xFF, 0xF0, 0x1F, 0xFF, 0xFF, 0xF8, 0x3F, 0xF0, 0x1F, 0xF8,
  0x3F, 0xE0, 0x07, 0xFC, 0x7F, 0x80, 0x03, 0xFC, 0x7F, 0x80, 0x01, 0xFE,
  0x7F, 0x00, 0x01, 0xFE, 0xFF, 0x00, 0x01, 0xFE, 0xFF, 0x00, 0x00, 0xFE,
  0xFE, 0x00, 0x00, 0xFE, 0xFE, 0x00, 0x00, 0xFF, 0xFE, 0x00, 0x00, 0xFF,
  0xFE, 0x00, 0x00, 0xFF, 0xFE, 0x00, 0x00, 0xFF, 0xFE, 0x00, 0x00, 0xFF,
  0xFE, 0x00, 0x00, 0xFF, 0xFE, 0x00, 0x00, 0xFE, 0xFF, 0x00, 0x00, 0xFE,
  0xFF, 0x00, 0x01, 0xFE, 0x7F, 0x00, 0x01, 0xFE, 0x7F, 0x80, 0x01, 0xFE,
  0x7F, 0xC0, 0x03, 0xFC, 0x3F, 0xE0, 0x07, 0xFC, 0x3F, 0xF0, 0x1F, 0xF8,
  0x1F, 0xFF, 0xFF, 0xF0, 0x0F, 0xFF, 0xFF, 0xF0, 0x07, 0xFF, 0xFF, 0xE0,
  0x03, 0xFF, 0xFF, 0x80, 0x00, 0xFF, 0xFE, 0x00, 0x00, 0x1F, 0xF0, 0x00,
  0xFF, 0xFF, 0x01, 0xFF, 0xFF, 0xC3, 0xFF, 0xFF, 0xC7, 0xFF, 0xFF, 0xCF,
  0xFF, 0xFF, 0xDF, 0xFF, 0xFF, 0xBF, 0x80, 0xFF, 0xFF, 0x00, 0xFF, 0xFE,
  0x00, 0xFF, 0xFC, 0x01, 0xFF, 0xF8, 0x03, 0xFF, 0xF0, 0x07, 0xFF, 0xE0,
  0x0F, 0xFF, 0xC0, 0x1F, 0xFF, 0x80, 0x7F, 0xFF, 0x03, 0xFF, 0xFF, 0xFF,
  0xFD, 0xFF, 0xFF, 0xF3, 0xFF, 0xFF, 0xE7, 0xFF, 0xFF, 0x8F, 0xFF, 0xFC,
  0x1F, 0xFF, 0xC0, 0x3F, 0x80, 0x00, 0x7F, 0x00, 0x00, 0xFE, 0x00, 0x01,
  0xFC, 0x00, 0x03, 0xF8, 0x00, 0x07, 0xF0, 0x00, 0x0F, 0xE0, 0x00, 0x1F,
  0xC0, 0x00, 0x3F, 0x80, 0x00, 0x7F, 0x00, 0x00, 0xFE, 0x00, 0x01, 0xFC,
  0x00, 0x00, 0x00, 0x1F, 0xF8, 0x00, 0x00, 0xFF, 0xFF, 0x00, 0x03, 0xFF,
  0xFF, 0x80, 0x07, 0xFF, 0xFF, 0xE0, 0x0F, 0xFF, 0xFF, 0xF0, 0x1F, 0xFF,
  0xFF, 0xF8, 0x3F, 0xF0, 0x1F, 0xF8, 0x3F, 0xE0, 0x07, 0xFC, 0x7F, 0x80,
  0x03, 0xFC, 0x7F, 0x80, 0x01, 0xFE, 0x7F, 0x00, 0x01, 0xFE, 0xFF, 0x00,
  0x01, 0xFE, 0xFF, 0x00, 0x00, 0xFE, 0xFE, 0x00, 0x00, 0xFE, 0xFE, 0x00,
  0x00, 0xFF, 0xFE, 0x00, 0x00, 0xFF, 0xFE, 0x00, 0x00, 0xFF, 0xFE, 0x00,
  0x00, 0xFF, 0xFE, 0x00, 0x00, 0xFF, 0xFE, 0x00, 0x00, 0xFF, 0xFE, 0x00,
  0x00, 0xFE, 0xFF, 0x00, 0x00, 0xFE, 0xFF, 0x00, 0x01, 0xFE, 0x7F, 0x00,
  0x01, 0xFE, 0x7F, 0x80, 0x01, 0xFE, 0x7F, 0xC0, 0x03, 0xFC, 0x3F, 0xE0,
  0x07, 0xFC, 0x3F, 0xF0, 0x1F, 0xF8, 0x1F, 0xFF, 0xFF, 0xF0, 0x0F, 0xFF,
  0xFF, 0xF0, 0x07, 0xFF, 0xFF, 0xE0, 0x03, 0xFF, 0xFF, 0x80, 0x00, 0xFF,
  0xFE, 0x00, 0x00, 0x1F, 0xFF, 0x00, 0x00, 0x00, 0x7F, 0x80, 0x00, 0x00,
  0x7F, 0xC0, 0x00, 0x00, 0x3F, 0xE0, 0x00, 0x00, 0x1F, 0xF0, 0x00, 0x00,
  0x0F, 0xF8, 0x00, 0x00, 0x0F, 0xF8, 0x00, 0x00, 0x07, 0xFC, 0x00, 0x00,
  0x03, 0xFE, 0xFF, 0xFE, 0x00, 0x1F, 0xFF, 0xF8, 0x03, 0xFF, 0xFF, 0xC0,
  0x7F, 0xFF, 0xFC, 0x0F, 0xFF, 0xFF, 0xC1, 0xFF, 0xFF, 0xF8, 0x3F, 0x80,
  0xFF, 0x87, 0xF0, 0x0F, 0xF0, 0xFE, 0x00, 0xFE, 0x1F, 0xC0, 0x1F, 0xC3,
  0xF8, 0x03, 0xF8, 0x7F, 0x00, 0x7F, 0x0F, 0xE0, 0x0F, 0xE1, 0xFC, 0x03,
  0xFC, 0x3F, 0x80, 0xFF, 0x07, 0xFF, 0xFF, 0xE0, 0xFF, 0xFF, 0xF8, 0x1F,
  0xFF, 0xFE, 0x03, 0xFF, 0xFF, 0x80, 0x7F, 0xFF, 0xC0, 0x0F, 0xFF, 0xFC,
  0x01, 0xFC, 0x3F, 0xC0, 0x3F, 0x83, 0xF8, 0x07, 0xF0, 0x3F, 0x80, 0xFE,
  0x07, 0xF8, 0x1F, 0xC0, 0x7F, 0x03, 0xF8, 0x07, 0xF0, 0x7F, 0x00, 0xFF,
  0x0F, 0xE0, 0x0F, 0xE1, 0xFC, 0x01, 0xFE, 0x3F, 0x80, 0x1F, 0xE7, 0xF0,
  0x01, 0xFC, 0xFE, 0x00, 0x3F, 0xDF, 0xC0, 0x03, 0xFC, 0x00, 0xFF, 0x00,
  0x1F, 0xFF, 0xC0, 0xFF, 0xFF, 0xC7, 0xFF, 0xFE, 0x3F, 0xFF, 0xF9, 0xFF,
  0xFF, 0xE7, 0xF8, 0x0F, 0x1F, 0xC0, 0x04, 0x7F, 0x00, 0x01, 0xFC, 0x00,
  0x07, 0xF0, 0x00, 0x1F, 0xE0, 0x00, 0x7F, 0xC0, 0x01, 0xFF, 0xC0, 0x03,
  0xFF, 0xC0, 0x07, 0xFF, 0xC0, 0x0F, 0xFF, 0xC0, 0x1F, 0xFF, 0x80, 0x1F,
  0xFF, 0x00, 0x1F, 0xFE, 0x00, 0x1F, 0xF8, 0x00, 0x1F, 0xF0, 0x00, 0x3F,
  0xC0, 0x00, 0x7F, 0x00, 0x01, 0xFC, 0x00, 0x07, 0xFE, 0x00, 0x1F, 0xFF,
  0x01, 0xFF, 0xFF, 0xFF, 0xFB, 0xFF, 0xFF, 0xEF, 0xFF, 0xFF, 0x3F, 0xFF,
  0xF8, 0x7F, 0xFF, 0x80, 0x1F, 0xF0, 0x00, 0xFF, 0xFF, 0xFF, 0xFF, 0xFF,
  0xFF, 0xFF, 0xFF, 0xFF, 0xFF, 0xFF, 0xFF, 0xFF, 0xFF, 0xFF, 0xFF, 0xFF,
  0xFF, 0xFC, 0x01, 0xFC, 0x00, 0x00, 0xFE, 0x00, 0x00, 0x7F, 0x00, 0x00,
  0x3F, 0x80, 0x00, 0x1F, 0xC0, 0x00, 0x0F, 0xE0, 0x00, 0x07, 0xF0, 0x00,
  0x03, 0xF8, 0x00, 0x01, 0xFC, 0x00, 0x00, 0xFE, 0x00, 0x00, 0x7F, 0x00,
  0x00, 0x3F, 0x80, 0x00, 0x1F, 0xC0, 0x00, 0x0F, 0xE0, 0x00, 0x07, 0xF0,
  0x00, 0x03, 0xF8, 0x00, 0x01, 0xFC, 0x00, 0x00, 0xFE, 0x00, 0x00, 0x7F,
  0x00, 0x00, 0x3F, 0x80, 0x00, 0x1F, 0xC0, 0x00, 0x0F, 0xE0, 0x00, 0x07,
  0xF0, 0x00, 0x03, 0xF8, 0x00, 0x01, 0xFC, 0x00, 0x00, 0xFE, 0x00, 0x00,
  0x7F, 0x00, 0x00, 0x3F, 0x80, 0x00, 0xFE, 0x00, 0x0F, 0xFF, 0xE0, 0x00,
  0xFF, 0xFE, 0x00, 0x0F, 0xFF, 0xE0, 0x00, 0xFF, 0xFE, 0x00, 0x0F, 0xFF,
  0xE0, 0x00, 0xFF, 0xFE, 0x00, 0x0F, 0xFF, 0xE0, 0x00, 0xFF, 0xFE, 0x00,
  0x0F, 0xFF, 0xE0, 0x00, 0xFF, 0xFE, 0x00, 0x0F, 0xFF, 0xE0, 0x00, 0xFF,
  0xFE, 0x00, 0x0F, 0xFF, 0xE0, 0x00, 0xFF, 0xFE, 0x00, 0x0F, 0xFF, 0xE0,
  0x00, 0xFF, 0xFE, 0x00, 0x0F, 0xFF, 0xE0, 0x00, 0xFF, 0xFE, 0x00, 0x0F,
  0xFF, 0xE0, 0x00, 0xFF, 0xFE, 0x00, 0x0F, 0xFF, 0xE0, 0x00, 0xFF, 0xFE,
  0x00, 0x0F, 0xFF, 0xE0, 0x00, 0xFE, 0xFF, 0x00, 0x0F, 0xEF, 0xF0, 0x01,
  0xFE, 0x7F, 0x80, 0x1F, 0xE7, 0xFE, 0x07, 0xFC, 0x3F, 0xFF, 0xFF, 0xC3,
  0xFF, 0xFF, 0xF8, 0x1F, 0xFF, 0xFF, 0x00, 0xFF, 0xFF, 0xE0, 0x03, 0xFF,
  0xF8, 0x00, 0x07, 0xFC, 0x00, 0xFE, 0x00, 0x01, 0xFF, 0xFC, 0x00, 0x07,
  0xF7, 0xF0, 0x00, 0x1F, 0xDF, 0xC0, 0x00, 0xFE, 0x3F, 0x80, 0x03, 0xF8,
  0xFE, 0x00, 0x0F, 0xE3, 0xF8, 0x00, 0x7F, 0x07, 0xF0, 0x01, 0xFC, 0x1F,
  0xC0, 0x07, 0xF0, 0x7F, 0x00, 0x3F, 0x80, 0xFC, 0x00, 0xFE, 0x03, 0xF8,
  0x03, 0xF8, 0x0F, 0xE0, 0x1F, 0xC0, 0x1F, 0x80, 0x7F, 0x00, 0x7F, 0x01,
  0xFC, 0x01, 0xFC, 0x0F, 0xE0, 0x03, 0xF0, 0x3F, 0x80, 0x0F, 0xE0, 0xFE,
  0x00, 0x3F, 0x83, 0xF0, 0x00, 0x7E, 0x1F, 0xC0, 0x01, 0xFC, 0x7F, 0x00,
  0x07, 0xF1, 0xF8, 0x00, 0x0F, 0xCF, 0xE0, 0x00, 0x3F, 0x3F, 0x80, 0x00,
  0xFE, 0xFC, 0x00, 0x01, 0xFB, 0xF0, 0x00, 0x07, 0xFF, 0xC0, 0x00, 0x1F,
  0xFE, 0x00, 0x00, 0x3F, 0xF8, 0x00, 0x00, 0xFF, 0xE0, 0x00, 0x03, 0xFF,
  0x00, 0x00, 0x07, 0xFC, 0x00, 0x00, 0x1F, 0xF0, 0x00, 0x00, 0x7F, 0x80,
  0x00, 0xFE, 0x00, 0x1F, 0xC0, 0x03, 0xFF, 0xF0, 0x00, 0xFE, 0x00, 0x1F,
  0xDF, 0xC0, 0x07, 0xF8, 0x00, 0xFE, 0xFE, 0x00, 0x7F, 0xC0, 0x07, 0xF7,
  0xF0, 0x03, 0xFE, 0x00, 0x7F, 0x3F, 0x80, 0x1F, 0xF8, 0x03, 0xF8, 0xFE,
  0x00, 0xFF, 0xC0, 0x1F, 0xC7, 0xF0, 0x0F, 0xFE, 0x00, 0xFE, 0x3F, 0x80,
  0x7F, 0xF0, 0x0F, 0xE1, 0xFC, 0x03, 0xEF, 0xC0, 0x7F, 0x07, 0xE0, 0x1F,
  0x7E, 0x03, 0xF8, 0x3F, 0x81, 0xFB, 0xF0, 0x1F, 0xC1, 0xFC, 0x0F, 0xDF,
  0x80, 0xFC, 0x0F, 0xE0, 0x7E, 0x7E, 0x0F, 0xE0, 0x3F, 0x03, 0xF3, 0xF0,
  0x7F, 0x01, 0xFC, 0x3F, 0x1F, 0x83, 0xF8, 0x0F, 0xE1, 0xF8, 0xFC, 0x1F,
  0x80, 0x7F, 0x0F, 0xC3, 0xF1, 0xFC, 0x01, 0xF8, 0x7E, 0x1F, 0x8F, 0xE0,
  0x0F, 0xE7, 0xE0, 0xFC, 0x7F, 0x00, 0x7F, 0x3F, 0x07, 0xE3, 0xF0, 0x03,
  0xF9, 0xF8, 0x1F, 0x9F, 0x80, 0x0F, 0xCF, 0xC0, 0xFD, 0xFC, 0x00, 0x7E,
  0x7C, 0x07, 0xEF, 0xE0, 0x03, 0xF7, 0xE0, 0x3F, 0x7E, 0x00, 0x1F, 0xFF,
  0x00, 0xFB, 0xF0, 0x00, 0x7F, 0xF8, 0x07, 0xDF, 0x80, 0x03, 0xFF, 0x80,
  0x3F, 0xFC, 0x00, 0x1F, 0xFC, 0x01, 0xFF, 0xC0, 0x00, 0xFF, 0xE0, 0x07,
  0xFE, 0x00, 0x03, 0xFF, 0x00, 0x3F, 0xF0, 0x00, 0x1F, 0xF0, 0x01, 0xFF,
  0x80, 0x00, 0xFF, 0x80, 0x0F, 0xF8, 0x00, 0x07, 0xFC, 0x00, 0x3F, 0xC0,
  0x00, 0x7F, 0x80, 0x01, 0xFC, 0x7F, 0x00, 0x07, 0xF8, 0xFF, 0x00, 0x1F,
  0xE0, 0xFF, 0x00, 0x3F, 0x80, 0xFE, 0x00, 0xFF, 0x01, 0xFE, 0x01, 0xFC,
  0x01, 0xFC, 0x07, 0xF8, 0x03, 0xFC, 0x0F, 0xE0, 0x03, 0xFC, 0x3F, 0x80,
  0x03, 0xF8, 0xFF, 0x00, 0x07, 0xF9, 0xFC, 0x00, 0x07, 0xF7, 0xF0, 0x00,
  0x07, 0xFF, 0xE0, 0x00, 0x0F, 0xFF, 0x80, 0x00, 0x0F, 0xFF, 0x00, 0x00,
  0x0F, 0xFC, 0x00, 0x00, 0x1F, 0xF0, 0x00, 0x00, 0x7F, 0xE0, 0x00, 0x00,
  0xFF, 0xE0, 0x00, 0x03, 0xFF, 0xE0, 0x00, 0x07, 0xFF, 0xC0, 0x00, 0x1F,
  0xDF, 0xC0, 0x00, 0x7F, 0xBF, 0xC0, 0x00, 0xFE, 0x3F, 0x80, 0x03, 0xF8,
  0x7F, 0x80, 0x0F, 0xF0, 0x7F, 0x80, 0x1F, 0xC0, 0x7F, 0x00, 0x7F, 0x80,
  0xFF, 0x01, 0xFE, 0x00, 0xFF, 0x03, 0xF8, 0x01, 0xFE, 0x0F, 0xF0, 0x01,
  0xFE, 0x1F, 0xC0, 0x01, 0xFE, 0x7F, 0x80, 0x03, 0xFD, 0xFE, 0x00, 0x03,
  0xFC, 0xFF, 0x00, 0x07, 0xFB, 0xF8, 0x00, 0x3F, 0xDF, 0xE0, 0x03, 0xFC,
  0x7F, 0x00, 0x1F, 0xC3, 0xFC, 0x01, 0xFE, 0x0F, 0xE0, 0x0F, 0xE0, 0x7F,
  0x80, 0xFF, 0x01, 0xFC, 0x07, 0xF0, 0x0F, 0xF0, 0x7F, 0x80, 0x3F, 0x83,
  0xF8, 0x00, 0xFE, 0x3F, 0xC0, 0x07, 0xF1, 0xFC, 0x00, 0x1F, 0xDF, 0xE0,
  0x00, 0xFE, 0xFE, 0x00, 0x03, 0xFF, 0xF0, 0x00, 0x1F, 0xFF, 0x00, 0x00,
  0x7F, 0xF8, 0x00, 0x03, 0xFF, 0x80, 0x00, 0x0F, 0xF8, 0x00, 0x00, 0x7F,
  0xC0, 0x00, 0x01, 0xFC, 0x00, 0x00, 0x0F, 0xE0, 0x00, 0x00, 0x7F, 0x00,
  0x00, 0x03, 0xF8, 0x00, 0x00, 0x1F, 0xC0, 0x00, 0x00, 0xFE, 0x00, 0x00,
  0x07, 0xF0, 0x00, 0x00, 0x3F, 0x80, 0x00, 0x01, 0xFC, 0x00, 0x00, 0x0F,
  0xE0, 0x00, 0x00, 0x7F, 0x00, 0x00, 0x03, 0xF8, 0x00, 0x00, 0x1F, 0xC0,
  0x00, 0x00, 0xFE, 0x00, 0x00, 0x7F, 0xFF, 0xFF, 0xBF, 0xFF, 0xFF, 0xDF,
  0xFF, 0xFF, 0xEF, 0xFF, 0xFF, 0xF7, 0xFF, 0xFF, 0xFB, 0xFF, 0xFF, 0xF8,
  0x00, 0x03, 0xF8, 0x00, 0x03, 0xFC, 0x00, 0x03, 0xFC, 0x00, 0x01, 0xFC,
  0x00, 0x01, 0xFE, 0x00, 0x01, 0xFE, 0x00, 0x00, 0xFE, 0x00, 0x00, 0xFF,
  0x00, 0x00, 0xFF, 0x00, 0x00, 0x7F, 0x00, 0x00, 0x7F, 0x80, 0x00, 0x7F,
  0x80, 0x00, 0x3F, 0x80, 0x00, 0x3F, 0x80, 0x00, 0x3F, 0xC0, 0x00, 0x1F,
  0xC0, 0x00, 0x1F, 0xC0, 0x00, 0x1F, 0xE0, 0x00, 0x1F, 0xE0, 0x00, 0x0F,
  0xE0, 0x00, 0x0F, 0xF0, 0x00, 0x0F, 0xF0, 0x00, 0x07, 0xFF, 0xFF, 0xFF,
  0xFF, 0xFF, 0xFF, 0xFF, 0xFF, 0xFF, 0xFF, 0xFF, 0xFF, 0xFF, 0xFF, 0xFF,
  0xFF, 0xFF, 0xFF, 0xC0, 0xFF, 0xFF, 0xFF, 0xFF, 0xFF, 0xFF, 0xFF, 0xF8,
  0x3F, 0x07, 0xE0, 0xFC, 0x1F, 0x83, 0xF0, 0x7E, 0x0F, 0xC1, 0xF8, 0x3F,
  0x07, 0xE0, 0xFC, 0x1F, 0x83, 0xF0, 0x7E, 0x0F, 0xC1, 0xF8, 0x3F, 0x07,
  0xE0, 0xFC, 0x1F, 0x83, 0xF0, 0x7E, 0x0F, 0xC1, 0xF8, 0x3F, 0x07, 0xE0,
  0xFC, 0x1F, 0x83, 0xF0, 0x7E, 0x0F, 0xFF, 0xFF, 0xFF, 0xFF, 0xFF, 0xFF,
  0xE0, 0xFE, 0x00, 0x0F, 0xC0, 0x01, 0xFC, 0x00, 0x1F, 0x80, 0x03, 0xF0,
  0x00, 0x7F, 0x00, 0x07, 0xE0, 0x00, 0xFC, 0x00, 0x1F, 0xC0, 0x01, 0xF8,
  0x00, 0x3F, 0x00, 0x03, 0xF0, 0x00, 0x7E, 0x00, 0x0F, 0xE0, 0x00, 0xFC,
  0x00, 0x1F, 0x80, 0x03, 0xF8, 0x00, 0x3F, 0x00, 0x07, 0xE0, 0x00, 0xFE,
  0x00, 0x0F, 0xC0, 0x01, 0xFC, 0x00, 0x1F, 0x80, 0x03, 0xF0, 0x00, 0x7F,
  0x00, 0x07, 0xE0, 0x00, 0xFC, 0x00, 0x1F, 0xC0, 0x01, 0xF8, 0x00, 0x3F,
  0x00, 0x07, 0xF0, 0x00, 0x7E, 0x00, 0x0F, 0xE0, 0x00, 0xFC, 0xFF, 0xFF,
  0xFF, 0xFF, 0xFF, 0xFF, 0xFE, 0x0F, 0xC1, 0xF8, 0x3F, 0x07, 0xE0, 0xFC,
  0x1F, 0x83, 0xF0, 0x7E, 0x0F, 0xC1, 0xF8, 0x3F, 0x07, 0xE0, 0xFC, 0x1F,
  0x83, 0xF0, 0x7E, 0x0F, 0xC1, 0xF8, 0x3F, 0x07, 0xE0, 0xFC, 0x1F, 0x83,
  0xF0, 0x7E, 0x0F, 0xC1, 0xF8, 0x3F, 0x07, 0xE0, 0xFC, 0x1F, 0x83, 0xFF,
  0xFF, 0xFF, 0xFF, 0xFF, 0xFF, 0xFF, 0xE0, 0x00, 0x3C, 0x00, 0x00, 0x3E,
  0x00, 0x00, 0x1F, 0x80, 0x00, 0x0F, 0xC0, 0x00, 0x0F, 0xF0, 0x00, 0x07,
  0xF8, 0x00, 0x07, 0xFE, 0x00, 0x03, 0xFF, 0x00, 0x03, 0xE7, 0xC0, 0x01,
  0xF3, 0xE0, 0x01, 0xF0, 0xF8, 0x00, 0xF8, 0x7C, 0x00, 0xFC, 0x1F, 0x00,
  0x7C, 0x0F, 0x80, 0x7E, 0x03, 0xE0, 0x3E, 0x01, 0xF0, 0x1F, 0x00, 0x7C,
  0x1F, 0x00, 0x3E, 0x0F, 0x80, 0x0F, 0x8F, 0xC0, 0x07, 0xE7, 0xC0, 0x01,
  0xF7, 0xE0, 0x00, 0xFC, 0xFF, 0xFF, 0xFF, 0xFF, 0xFF, 0xFF, 0xFF, 0x80,
  0xFF, 0x03, 0xFC, 0x0F, 0xE0, 0x3F, 0x80, 0xFE, 0x03, 0xF8, 0x07, 0xC0,
  0x1F, 0x01, 0xFF, 0x80, 0x1F, 0xFF, 0xC0, 0xFF, 0xFF, 0xE0, 0xFF, 0xFF,
  0xC1, 0xFF, 0xFF, 0xC1, 0xF0, 0x7F, 0x83, 0x00, 0x7F, 0x80, 0x00, 0x7F,
  0x00, 0x00, 0xFE, 0x00, 0x01, 0xFC, 0x07, 0xFF, 0xF8, 0x7F, 0xFF, 0xF3,
  0xFF, 0xFF, 0xEF, 0xFF, 0xFF, 0xDF, 0xF0, 0x3F, 0xFF, 0x80, 0x7F, 0xFE,
  0x00, 0xFF, 0xFC, 0x01, 0xFF, 0xF8, 0x07, 0xFF, 0xF8, 0x3F, 0xFF, 0xFF,
  0xFF, 0xEF, 0xFF, 0xEF, 0xCF, 0xFF, 0x9F, 0x8F, 0xFE, 0x3F, 0x07, 0xF0,
  0x3E, 0xFE, 0x00, 0x00, 0xFE, 0x00, 0x00, 0xFE, 0x00, 0x00, 0xFE, 0x00,
  0x00, 0xFE, 0x00, 0x00, 0xFE, 0x00, 0x00, 0xFE, 0x00, 0x00, 0xFE, 0x00,
  0x00, 0xFE, 0x00, 0x00, 0xFE, 0x00, 0x00, 0xFE, 0x00, 0x00, 0xFE, 0x1F,
  0x80, 0xFE, 0x7F, 0xE0, 0xFE, 0xFF, 0xF0, 0xFD, 0xFF, 0xF8, 0xFF, 0xFF,
  0xFC, 0xFF, 0xFF, 0xFC, 0xFF, 0x03, 0xFE, 0xFF, 0x01, 0xFE, 0xFE, 0x00,
  0xFE, 0xFE, 0x00, 0xFE, 0xFE, 0x00, 0xFF, 0xFE, 0x00, 0xFF, 0xFE, 0x00,
  0xFF, 0xFE, 0x00, 0xFF, 0xFE, 0x00, 0xFF, 0xFE, 0x00, 0xFE, 0xFE, 0x00,
  0xFE, 0xFF, 0x01, 0xFE, 0xFF, 0x83, 0xFE, 0xFF, 0xFF, 0xFC, 0xFF, 0xFF,
  0xFC, 0xFF, 0xFF, 0xF8, 0xFD, 0xFF, 0xF0, 0xFC, 0x7F, 0xE0, 0xF8, 0x3F,
  0x80, 0x00, 0xFF, 0x80, 0x3F, 0xFF, 0x0F, 0xFF, 0xF1, 0xFF, 0xFF, 0x3F,
  0xFF, 0xF3, 0xFF, 0xFE, 0x7F, 0xC0, 0x67, 0xF0, 0x00, 0x7F, 0x00, 0x0F,
  0xF0, 0x00, 0xFE, 0x00, 0x0F, 0xE0, 0x00, 0xFE, 0x00, 0x0F, 0xE0, 0x00,
  0xFE, 0x00, 0x0F, 0xF0, 0x00, 0xFF, 0x00, 0x07, 0xF8, 0x01, 0x7F, 0xC0,
  0x77, 0xFF, 0xFF, 0x3F, 0xFF, 0xF1, 0xFF, 0xFF, 0x0F, 0xFF, 0xF0, 0x7F,
  0xFE, 0x00, 0xFF, 0x80, 0x00, 0x00, 0x7F, 0x00, 0x00, 0x7F, 0x00, 0x00,
  0x7F, 0x00, 0x00, 0x7F, 0x00, 0x00, 0x7F, 0x00, 0x00, 0x7F, 0x00, 0x00,
  0x7F, 0x00, 0x00, 0x7F, 0x00, 0x00, 0x7F, 0x00, 0x00, 0x7F, 0x00, 0x00,
  0x7F, 0x01, 0xF8, 0x7F, 0x07, 0xFE, 0x7F, 0x1F, 0xFF, 0x7F, 0x1F, 0xFF,
  0xBF, 0x3F, 0xFF, 0xFF, 0x7F, 0xFF, 0xFF, 0x7F, 0x81, 0xFF, 0x7F, 0x00,
  0xFF, 0xFF, 0x00, 0x7F, 0xFF, 0x00, 0x7F, 0xFE, 0x00, 0x7F, 0xFE, 0x00,
  0x7F, 0xFE, 0x00, 0x3F, 0xFE, 0x00, 0x3F, 0xFE, 0x00, 0x7F, 0xFF, 0x00,
  0x7F, 0xFF, 0x00, 0x7F, 0x7F, 0x00, 0x7F, 0x7F, 0x80, 0xFF, 0x7F, 0xFF,
  0xFF, 0x3F, 0xFF, 0xFF, 0x3F, 0xFF, 0xFF, 0x1F, 0xFF, 0x3F, 0x07, 0xFE,
  0x3F, 0x01, 0xF8, 0x1F, 0x00, 0xFF, 0x00, 0x03, 0xFF, 0xE0, 0x0F, 0xFF,
  0xF0, 0x1F, 0xFF, 0xF8, 0x3F, 0xFF, 0xFC, 0x3F, 0xC1, 0xFE, 0x7F, 0x00,
  0xFE, 0x7F, 0x00, 0x7E, 0x7E, 0x00, 0x7F, 0xFF, 0xFF, 0xFF, 0xFF, 0xFF,
  0xFF, 0xFF, 0xFF, 0xFF, 0xFF, 0xFF, 0xFF, 0xFF, 0xFF, 0xFF, 0xFE, 0x00,
  0x00, 0xFE, 0x00, 0x00, 0x7F, 0x00, 0x00, 0x7F, 0x00, 0x00, 0x7F, 0x80,
  0x04, 0x3F, 0xE0, 0x7C, 0x3F, 0xFF, 0xFC, 0x1F, 0xFF, 0xFC, 0x0F, 0xFF,
  0xFC, 0x03, 0xFF, 0xFC, 0x00, 0x7F, 0xE0, 0x00, 0x7F, 0x80, 0x3F, 0xFC,
  0x0F, 0xFF, 0x83, 0xFF, 0xE0, 0xFF, 0xFC, 0x1F, 0xFF, 0x83, 0xFC, 0x00,
  0x7F, 0x00, 0x0F, 0xE0, 0x01, 0xFC, 0x00, 0x3F, 0x80, 0x0F, 0xFF, 0xC7,
  0xFF, 0xF9, 0xFF, 0xFF, 0x3F, 0xFF, 0xE7, 0xFF, 0xFC, 0x0F, 0xE0, 0x01,
  0xFC, 0x00, 0x3F, 0x80, 0x07, 0xF0, 0x00, 0xFE, 0x00, 0x1F, 0xC0, 0x03,
  0xF8, 0x00, 0x7F, 0x00, 0x0F, 0xE0, 0x01, 0xFC, 0x00, 0x3F, 0x80, 0x07,
  0xF0, 0x00, 0xFE, 0x00, 0x1F, 0xC0, 0x03, 0xF8, 0x00, 0x7F, 0x00, 0x0F,
  0xE0, 0x01, 0xFC, 0x00, 0x3F, 0x80, 0x07, 0xF0, 0x00, 0x00, 0xFF, 0xFF,
  0xC0, 0xFF, 0xFF, 0xF0, 0xFF, 0xFF, 0xFC, 0x3F, 0xFF, 0xFF, 0x1F, 0xE3,
  0xFF, 0x0F, 0xF0, 0x3F, 0x03, 0xF8, 0x0F, 0xE0, 0xFE, 0x03, 0xF8, 0x3F,
  0x80, 0xFE, 0x0F, 0xE0, 0x3F, 0x83, 0xF8, 0x0F, 0xE0, 0x7F, 0x03, 0xF8,
  0x1F, 0xE3, 0xFC, 0x03, 0xFF, 0xFF, 0x00, 0x7F, 0xFF, 0x80, 0x0F, 0xFF,
  0x80, 0x07, 0xFF, 0x80, 0x03, 0xE0, 0x00, 0x01, 0xF8, 0x00, 0x00, 0x7E,
  0x00, 0x00, 0x1F, 0xFF, 0xF8, 0x03, 0xFF, 0xFF, 0x80, 0xFF, 0xFF, 0xF0,
  0x1F, 0xFF, 0xFE, 0x1F, 0xFF, 0xFF, 0x8F, 0xFF, 0xFF, 0xF7, 0xE0, 0x01,
  0xFF, 0xF8, 0x00, 0x7F, 0xFC, 0x00, 0x1F, 0xFF, 0x00, 0x07, 0xEF, 0xE0,
  0x07, 0xF9, 0xFF, 0xFF, 0xFC, 0x7F, 0xFF, 0xFE, 0x0F, 0xFF, 0xFF, 0x01,
  0xFF, 0xFF, 0x00, 0x0F, 0xFE, 0x00, 0xFE, 0x00, 0x01, 0xFC, 0x00, 0x03,
  0xF8, 0x00, 0x07, 0xF0, 0x00, 0x0F, 0xE0, 0x00, 0x1F, 0xC0, 0x00, 0x3F,
  0x80, 0x00, 0x7F, 0x00, 0x00, 0xFE, 0x00, 0x01, 0xFC, 0x00, 0x03, 0xF8,
  0x00, 0x07, 0xF0, 0xFE, 0x0F, 0xE7, 0xFF, 0x1F, 0x9F, 0xFF, 0x3F, 0x7F,
  0xFF, 0x7F, 0xFF, 0xFF, 0xFF, 0xFF, 0xFF, 0xFF, 0x03, 0xFF, 0xFC, 0x03,
  0xFF, 0xF0, 0x07, 0xFF, 0xE0, 0x0F, 0xFF, 0xC0, 0x1F, 0xFF, 0x80, 0x3F,
  0xFF, 0x00, 0x7F, 0xFE, 0x00, 0xFF, 0xFC, 0x01, 0xFF, 0xF8, 0x03, 0xFF,
  0xF0, 0x07, 0xFF, 0xE0, 0x0F, 0xFF, 0xC0, 0x1F, 0xFF, 0x80, 0x3F, 0xFF,
  0x00, 0x7F, 0xFE, 0x00, 0xFF, 0xFC, 0x01, 0xFF, 0xF8, 0x03, 0xFF, 0xF0,
  0x07, 0xF0, 0x3C, 0x7F, 0xFF, 0xFF, 0xFF, 0x7F, 0x3E, 0x00, 0x00, 0x00,
  0x7F, 0x7F, 0x7F, 0x7F, 0x7F, 0x7F, 0x7F, 0x7F, 0x7F, 0x7F, 0x7F, 0x7F,
  0x7F, 0x7F, 0x7F, 0x7F, 0x7F, 0x7F, 0x7F, 0x7F, 0x7F, 0x7F, 0x7F, 0x7F,
  0x7F, 0x00, 0xF0, 0x07, 0xF0, 0x3F, 0xC0, 0xFF, 0x03, 0xFC, 0x07, 0xF0,
  0x0F, 0x80, 0x00, 0x00, 0x00, 0x00, 0x00, 0x1F, 0xC0, 0x7F, 0x01, 0xFC,
  0x07, 0xF0, 0x1F, 0xC0, 0x7F, 0x01, 0xFC, 0x07, 0xF0, 0x1F, 0xC0, 0x7F,
  0x01, 0xFC, 0x07, 0xF0, 0x1F, 0xC0, 0x7F, 0x01, 0xFC, 0x07, 0xF0, 0x1F,
  0xC0, 0x7F, 0x01, 0xFC, 0x07, 0xF0, 0x1F, 0xC0, 0x7F, 0x01, 0xFC, 0x07,
  0xF0, 0x1F, 0xC0, 0x7F, 0x01, 0xFC, 0x07, 0xF0, 0x3F, 0xC0, 0xFF, 0xFF,
  0xFB, 0xFF, 0xEF, 0xFF, 0x3F, 0xFC, 0xFF, 0xC3, 0xFC, 0x00, 0xFE, 0x00,
  0x00, 0x7F, 0x00, 0x00, 0x3F, 0x80, 0x00, 0x1F, 0xC0, 0x00, 0x0F, 0xE0,
  0x00, 0x07, 0xF0, 0x00, 0x03, 0xF8, 0x00, 0x01, 0xFC, 0x00, 0x00, 0xFE,
  0x00, 0x00, 0x7F, 0x00, 0x00, 0x3F, 0x80, 0x00, 0x1F, 0xC0, 0x1F, 0xEF,
  0xE0, 0x1F, 0xE7, 0xF0, 0x1F, 0xE3, 0xF8, 0x1F, 0xE1, 0xFC, 0x1F, 0xE0,
  0xFE, 0x1F, 0xE0, 0x7F, 0x1F, 0xE0, 0x3F, 0x8F, 0xF0, 0x1F, 0xCF, 0xF0,
  0x0F, 0xCF, 0xF0, 0x07, 0xEF, 0xF0, 0x03, 0xFF, 0xF8, 0x01, 0xFF, 0xFE,
  0x00, 0xFF, 0xFF, 0x00, 0x7F, 0xFF, 0xC0, 0x3F, 0xEF, 0xF0, 0x1F, 0xE3,
  0xFC, 0x0F, 0xE0, 0xFE, 0x07, 0xF0, 0x7F, 0x83, 0xF8, 0x1F, 0xE1, 0xFC,
  0x07, 0xF8, 0xFE, 0x03, 0xFC, 0x7F, 0x00, 0xFF, 0x3F, 0x80, 0x3F, 0xDF,
  0xC0, 0x0F, 0xF0, 0xFF, 0xFF, 0xFF, 0xFF, 0xFF, 0xFF, 0xFF, 0xFF, 0xFF,
  0xFF, 0xFF, 0xFF, 0xFF, 0xFF, 0xFF, 0xFF, 0xFF, 0xFF, 0xFF, 0xFF, 0xFF,
  0xFF, 0xFF, 0xFF, 0xFF, 0xFF, 0xFF, 0xFF, 0xFF, 0xFF, 0xFF, 0xF0, 0xF8,
  0x1F, 0xC0, 0x1F, 0xC1, 0xF1, 0xFF, 0xE1, 0xFF, 0xE3, 0xF7, 0xFF, 0xE7,
  0xFF, 0xE7, 0xFF, 0xFF, 0xDF, 0xFF, 0xCF, 0xFF, 0xFF, 0xFF, 0xFF, 0xDF,
  0xFF, 0xFF, 0xFF, 0xFF, 0xBF, 0xE0, 0xFF, 0xE0, 0xFF, 0x7F, 0x80, 0xFF,
  0x80, 0xFF, 0xFE, 0x01, 0xFE, 0x01, 0xFF, 0xFC, 0x01, 0xFC, 0x01, 0xFF,
  0xF8, 0x03, 0xF8, 0x03, 0xFF, 0xF0, 0x07, 0xF0, 0x07, 0xFF, 0xE0, 0x0F,
  0xE0, 0x0F, 0xFF, 0xC0, 0x1F, 0xC0, 0x1F, 0xFF, 0x80, 0x3F, 0x80, 0x3F,
  0xFF, 0x00, 0x7F, 0x00, 0x7F, 0xFE, 0x00, 0xFE, 0x00, 0xFF, 0xFC, 0x01,
  0xFC, 0x01, 0xFF, 0xF8, 0x03, 0xF8, 0x03, 0xFF, 0xF0, 0x07, 0xF0, 0x07,
  0xFF, 0xE0, 0x0F, 0xE0, 0x0F, 0xFF, 0xC0, 0x1F, 0xC0, 0x1F, 0xFF, 0x80,
  0x3F, 0x80, 0x3F, 0xFF, 0x00, 0x7F, 0x00, 0x7F, 0xFE, 0x00, 0xFE, 0x00,
  0xFE, 0xF8, 0x1F, 0xC1, 0xF0, 0xFF, 0xE3, 0xF7, 0xFF, 0xE7, 0xEF, 0xFF,
  0xEF, 0xFF, 0xFF, 0xFF, 0xFF, 0xFF, 0xFF, 0xE0, 0x7F, 0xFF, 0x80, 0x7F,
  0xFE, 0x00, 0xFF, 0xFC, 0x01, 0xFF, 0xF8, 0x03, 0xFF, 0xF0, 0x07, 0xFF,
  0xE0, 0x0F, 0xFF, 0xC0, 0x1F, 0xFF, 0x80, 0x3F, 0xFF, 0x00, 0x7F, 0xFE,
  0x00, 0xFF, 0xFC, 0x01, 0xFF, 0xF8, 0x03, 0xFF, 0xF0, 0x07, 0xFF, 0xE0,
  0x0F, 0xFF, 0xC0, 0x1F, 0xFF, 0x80, 0x3F, 0xFF, 0x00, 0x7F, 0xFE, 0x00,
  0xFE, 0x00, 0xFF, 0x80, 0x01, 0xFF, 0xF0, 0x03, 0xFF, 0xFE, 0x03, 0xFF,
  0xFF, 0x83, 0xFF, 0xFF, 0xE1, 0xFF, 0xFF, 0xF1, 0xFE, 0x03, 0xFC, 0xFE,
  0x00, 0xFE, 0x7F, 0x00, 0x7F, 0xFF, 0x80, 0x1F, 0xFF, 0x80, 0x0F, 0xFF,
  0xC0, 0x07, 0xFF, 0xE0, 0x03, 0xFF, 0xF0, 0x01, 0xFF, 0xF8, 0x00, 0xFF,
  0xFE, 0x00, 0x7F, 0x7F, 0x00, 0x7F, 0xBF, 0x80, 0x3F, 0x9F, 0xE0, 0x3F,
  0xC7, 0xFF, 0xFF, 0xC3, 0xFF, 0xFF, 0xE0, 0xFF, 0xFF, 0xE0, 0x3F, 0xFF,
  0xE0, 0x07, 0xFF, 0xC0, 0x00, 0xFF, 0x80, 0x00, 0xF8, 0x1F, 0x80, 0xFC,
  0x7F, 0xE0, 0xFC, 0xFF, 0xF0, 0xFD, 0xFF, 0xF8, 0xFF, 0xFF, 0xFC, 0xFF,
  0xFF, 0xFC, 0xFF, 0x01, 0xFE, 0xFF, 0x01, 0xFE, 0xFE, 0x00, 0xFE, 0xFE,
  0x00, 0xFE, 0xFE, 0x00, 0xFF, 0xFE, 0x00, 0xFF, 0xFE, 0x00, 0xFF, 0xFE,
  0x00, 0xFF, 0xFE, 0x00, 0xFF, 0xFE, 0x00, 0xFE, 0xFE, 0x00, 0xFE, 0xFF,
  0x01, 0xFE, 0xFF, 0x83, 0xFE, 0xFF, 0xFF, 0xFC, 0xFF, 0xFF, 0xFC, 0xFF,
  0xFF, 0xF8, 0xFD, 0xFF, 0xF0, 0xFE, 0x7F, 0xE0, 0xFE, 0x3F, 0x80, 0xFE,
  0x00, 0x00, 0xFE, 0x00, 0x00, 0xFE, 0x00, 0x00, 0xFE, 0x00, 0x00, 0xFE,
  0x00, 0x00, 0xFE, 0x00, 0x00, 0xFE, 0x00, 0x00, 0xFE, 0x00, 0x00, 0xFE,
  0x00, 0x00, 0xFE, 0x00, 0x00, 0xFE, 0x00, 0x00, 0x01, 0xF8, 0x3F, 0x07,
  0xFE, 0x3F, 0x1F, 0xFF, 0x3F, 0x1F, 0xFF, 0xBF, 0x3F, 0xFF, 0xFF, 0x7F,
  0xFF, 0xFF, 0x7F, 0x81, 0xFF, 0x7F, 0x00, 0xFF, 0xFF, 0x00, 0x7F, 0xFF,
  0x00, 0x7F, 0xFE, 0x00, 0x7F, 0xFE, 0x00, 0x7F, 0xFE, 0x00, 0x3F, 0xFE,
  0x00, 0x3F, 0xFE, 0x00, 0x7F, 0xFF, 0x00, 0x7F, 0xFF, 0x00, 0x7F, 0x7F,
  0x00, 0x7F, 0x7F, 0x80, 0xFF, 0x7F, 0xF7, 0xFF, 0x3F, 0xFF, 0xFF, 0x3F,
  0xFF, 0xFF, 0x1F, 0xFF, 0x7F, 0x07, 0xFE, 0x7F, 0x01, 0xF8, 0x7F, 0x00,
  0x00, 0x7F, 0x00, 0x00, 0x7F, 0x00, 0x00, 0x7F, 0x00, 0x00, 0x7F, 0x00,
  0x00, 0x7F, 0x00, 0x00, 0x7F, 0x00, 0x00, 0x7F, 0x00, 0x00, 0x7F, 0x00,
  0x00, 0x7F, 0x00, 0x00, 0x7F, 0x00, 0x00, 0x7F, 0xF8, 0x1F, 0xF8, 0x7F,
  0xFC, 0xFF, 0xFD, 0xFF, 0xFD, 0xFF, 0xFF, 0xFF, 0xFF, 0xFF, 0xFF, 0x80,
  0xFF, 0x00, 0xFE, 0x00, 0xFE, 0x00, 0xFE, 0x00, 0xFE, 0x00, 0xFE, 0x00,
  0xFE, 0x00, 0xFE, 0x00, 0xFE, 0x00, 0xFE, 0x00, 0xFE, 0x00, 0xFE, 0x00,
  0xFE, 0x00, 0xFE, 0x00, 0xFE, 0x00, 0xFE, 0x00, 0xFE, 0x00, 0x03, 0xFE,
  0x01, 0xFF, 0xFC, 0x3F, 0xFF, 0xE7, 0xFF, 0xFE, 0xFF, 0xFF, 0xCF, 0xF0,
  0x7C, 0xFE, 0x00, 0x8F, 0xE0, 0x00, 0xFF, 0x80, 0x07, 0xFE, 0x00, 0x7F,
  0xFC, 0x03, 0xFF, 0xF0, 0x1F, 0xFF, 0x80, 0x7F, 0xFC, 0x00, 0xFF, 0xE0,
  0x03, 0xFE, 0x00, 0x0F, 0xF0, 0x00, 0x7F, 0xC0, 0x07, 0xFF, 0xC0, 0xFE,
  0xFF, 0xFF, 0xEF, 0xFF, 0xFC, 0xFF, 0xFF, 0x8F, 0xFF, 0xF0, 0x1F, 0xFC,
  0x00, 0x03, 0xC0, 0x01, 0xF0, 0x00, 0x7C, 0x00, 0x1F, 0x00, 0x0F, 0xC0,
  0x07, 0xFF, 0xF7, 0xFF, 0xFF, 0xFF, 0xFF, 0xFF, 0xFF, 0xFF, 0xFF, 0xF1,
  0xFC, 0x00, 0x7F, 0x00, 0x1F, 0xC0, 0x07, 0xF0, 0x01, 0xFC, 0x00, 0x7F,
  0x00, 0x1F, 0xC0, 0x07, 0xF0, 0x01, 0xFC, 0x00, 0x7F, 0x00, 0x1F, 0xC0,
  0x07, 0xF0, 0x01, 0xFE, 0x00, 0x7F, 0x80, 0x0F, 0xFF, 0xC3, 0xFF, 0xF0,
  0xFF, 0xFC, 0x1F, 0xFF, 0x03, 0xFF, 0xC0, 0x3F, 0xC0, 0xFE, 0x00, 0xFF,
  0xFC, 0x01, 0xFF, 0xF8, 0x03, 0xFF, 0xF0, 0x07, 0xFF, 0xE0, 0x0F, 0xFF,
  0xC0, 0x1F, 0xFF, 0x80, 0x3F, 0xFF, 0x00, 0x7F, 0xFE, 0x00, 0xFF, 0xFC,
  0x01, 0xFF, 0xF8, 0x03, 0xFF, 0xF0, 0x07, 0xFF, 0xE0, 0x0F, 0xFF, 0xC0,
  0x1F, 0xFF, 0x80, 0x3F, 0xFF, 0x00, 0x7F, 0xFE, 0x01, 0xFF, 0xFC, 0x03,
  0xFF, 0xFC, 0x0F, 0xFF, 0xFF, 0xFF, 0xFF, 0xFF, 0xFF, 0xEF, 0xFF, 0xEF,
  0xCF, 0xFF, 0xDF, 0x8F, 0xFE, 0x3F, 0x07, 0xF0, 0x3E, 0xFF, 0x00, 0x1F,
  0xEF, 0xE0, 0x03, 0xF9, 0xFC, 0x00, 0x7F, 0x3F, 0xC0, 0x1F, 0xC3, 0xF8,
  0x03, 0xF8, 0x7F, 0x00, 0xFF, 0x07, 0xF0, 0x1F, 0xC0, 0xFE, 0x03, 0xF8,
  0x1F, 0xC0, 0xFE, 0x01, 0xFC, 0x1F, 0xC0, 0x3F, 0x83, 0xF8, 0x07, 0xF0,
  0xFE, 0x00, 0x7F, 0x1F, 0xC0, 0x0F, 0xE3, 0xF0, 0x00, 0xFC, 0xFE, 0x00,
  0x1F, 0xDF, 0xC0, 0x03, 0xFB, 0xF0, 0x00, 0x3F, 0x7E, 0x00, 0x07, 0xEF,
  0xC0, 0x00, 0x7F, 0xF0, 0x00, 0x0F, 0xFE, 0x00, 0x01, 0xFF, 0x80, 0x00,
  0x1F, 0xF0, 0x00, 0x03, 0xFE, 0x00, 0x00, 0x3F, 0x80, 0x00, 0xFE, 0x01,
  0xFE, 0x00, 0xFF, 0xFC, 0x03, 0xFC, 0x03, 0xFB, 0xF8, 0x07, 0xFC, 0x07,
  0xF7, 0xF0, 0x1F, 0xF8, 0x0F, 0xE7, 0xF0, 0x3F, 0xF0, 0x1F, 0x8F, 0xE0,
  0x7F, 0xE0, 0x7F, 0x1F, 0xC0, 0xFF, 0xE0, 0xFE, 0x1F, 0x83, 0xE7, 0xC1,
  0xFC, 0x3F, 0x87, 0xCF, 0x83, 0xF0, 0x7F, 0x0F, 0x9F, 0x0F, 0xE0, 0x7E,
  0x1F, 0x3F, 0x1F, 0xC0, 0xFE, 0x7C, 0x3E, 0x3F, 0x01, 0xFC, 0xF8, 0x7C,
  0xFE, 0x03, 0xF9, 0xF0, 0xF9, 0xFC, 0x03, 0xF3, 0xE1, 0xFB, 0xF0, 0x07,
  0xEF, 0xC1, 0xF7, 0xE0, 0x0F, 0xDF, 0x03, 0xEF, 0xC0, 0x0F, 0xFE, 0x07,
  0xDF, 0x80, 0x1F, 0xFC, 0x0F, 0xFE, 0x00, 0x3F, 0xF8, 0x0F, 0xFC, 0x00,
  0x7F, 0xE0, 0x1F, 0xF8, 0x00, 0x7F, 0xC0, 0x3F, 0xE0, 0x00, 0xFF, 0x80,
  0x7F, 0xC0, 0x01, 0xFF, 0x00, 0xFF, 0x80, 0x01, 0xFC, 0x00, 0xFF, 0x00,
  0xFF, 0x00, 0x7F, 0x9F, 0xE0, 0x1F, 0xE7, 0xF8, 0x0F, 0xF0, 0xFF, 0x07,
  0xF8, 0x1F, 0xC1, 0xFC, 0x07, 0xF8, 0xFF, 0x00, 0xFF, 0x7F, 0x80, 0x1F,
  0xDF, 0xC0, 0x07, 0xFF, 0xF0, 0x00, 0xFF, 0xF8, 0x00, 0x1F, 0xFC, 0x00,
  0x07, 0xFF, 0x00, 0x00, 0xFF, 0x80, 0x00, 0x7F, 0xF0, 0x00, 0x3F, 0xFE,
  0x00, 0x0F, 0xFF, 0x80, 0x07, 0xFF, 0xF0, 0x03, 0xFD, 0xFE, 0x00, 0xFE,
  0x3F, 0xC0, 0x7F, 0x87, 0xF0, 0x3F, 0xC1, 0xFE, 0x0F, 0xE0, 0x3F, 0xC7,
  0xF8, 0x0F, 0xF3, 0xFC, 0x01, 0xFE, 0xFF, 0x00, 0x3F, 0xC0, 0xFF, 0x00,
  0x1F, 0xEF, 0xE0, 0x03, 0xF9, 0xFE, 0x00, 0xFF, 0x3F, 0xC0, 0x1F, 0xC3,
  0xF8, 0x03, 0xF8, 0x7F, 0x80, 0xFF, 0x07, 0xF0, 0x1F, 0xC0, 0xFE, 0x03,
  0xF8, 0x1F, 0xE0, 0xFE, 0x01, 0xFC, 0x1F, 0xC0, 0x3F, 0x83, 0xF8, 0x03,
  0xF8, 0xFE, 0x00, 0x7F, 0x1F, 0xC0, 0x07, 0xE3, 0xF8, 0x00, 0xFE, 0xFE,
  0x00, 0x1F, 0xDF, 0xC0, 0x01, 0xFB, 0xF0, 0x00, 0x3F, 0x7E, 0x00, 0x03,
  0xFF, 0xC0, 0x00, 0x7F, 0xF0, 0x00, 0x0F, 0xFE, 0x00, 0x00, 0xFF, 0x80,
  0x00, 0x1F, 0xF0, 0x00, 0x01, 0xFE, 0x00, 0x00, 0x3F, 0x80, 0x00, 0x07,
  0xF0, 0x00, 0x00, 0xFE, 0x00, 0x00, 0x3F, 0x80, 0x00, 0x0F, 0xF0, 0x00,
  0x03, 0xFC, 0x00, 0x0F, 0xFF, 0x80, 0x01, 0xFF, 0xE0, 0x00, 0x3F, 0xF8,
  0x00, 0x07, 0xFE, 0x00, 0x00, 0xFF, 0x80, 0x00, 0x1F, 0xC0, 0x00, 0x00,
  0x7F, 0xFF, 0xF3, 0xFF, 0xFF, 0x9F, 0xFF, 0xFC, 0xFF, 0xFF, 0xE7, 0xFF,
  0xFF, 0x00, 0x07, 0xF0, 0x00, 0x7F, 0x80, 0x07, 0xF8, 0x00, 0x3F, 0x80,
  0x03, 0xF8, 0x00, 0x3F, 0xC0, 0x03, 0xFC, 0x00, 0x1F, 0xC0, 0x01, 0xFC,
  0x00, 0x1F, 0xE0, 0x01, 0xFE, 0x00, 0x0F, 0xE0, 0x00, 0xFE, 0x00, 0x0F,
  0xE0, 0x00, 0xFF, 0x00, 0x07, 0xFF, 0xFF, 0xFF, 0xFF, 0xFF, 0xFF, 0xFF,
  0xFF, 0xFF, 0xFF, 0xFF, 0xFF, 0xF8, 0x00, 0x3F, 0x00, 0xFF, 0x01, 0xFF,
  0x03, 0xFF, 0x03, 0xFF, 0x03, 0xF8, 0x03, 0xF0, 0x03, 0xF0, 0x03, 0xF0,
  0x03, 0xF0, 0x03, 0xF0, 0x03, 0xF0, 0x03, 0xF0, 0x03, 0xF0, 0x07, 0xF0,
  0x07, 0xF0, 0x0F, 0xE0, 0xFF, 0xE0, 0xFF, 0xC0, 0xFF, 0x80, 0xFE, 0x00,
  0xFF, 0xC0, 0xFF, 0xE0, 0x1F, 0xE0, 0x07, 0xF0, 0x07, 0xF0, 0x03, 0xF0,
  0x03, 0xF0, 0x03, 0xF0, 0x03, 0xF0, 0x03, 0xF0, 0x03, 0xF0, 0x03, 0xF0,
  0x03, 0xF0, 0x03, 0xF0, 0x03, 0xF8, 0x03, 0xFF, 0x03, 0xFF, 0x01, 0xFF,
  0x00, 0xFF, 0x00, 0x3F, 0xFF, 0xFF, 0xFF, 0xFF, 0xFF, 0xFF, 0xFF, 0xFF,
  0xFF, 0xFF, 0xFF, 0xFF, 0xFF, 0xFF, 0xFF, 0xFF, 0xFF, 0xFF, 0xFF, 0xFF,
  0xFF, 0xFF, 0xFF, 0xFF, 0xFF, 0xFF, 0xFF, 0xFF, 0xFF, 0xE0, 0xFC, 0x00,
  0xFF, 0x00, 0xFF, 0x80, 0xFF, 0xC0, 0xFF, 0xC0, 0x3F, 0xC0, 0x1F, 0xC0,
  0x0F, 0xC0, 0x0F, 0xC0, 0x0F, 0xC0, 0x0F, 0xC0, 0x0F, 0xC0, 0x0F, 0xC0,
  0x0F, 0xC0, 0x0F, 0xC0, 0x0F, 0xC0, 0x0F, 0xE0, 0x0F, 0xFF, 0x07, 0xFF,
  0x01, 0xFF, 0x00, 0xFF, 0x03, 0xFF, 0x07, 0xFF, 0x0F, 0xF0, 0x0F, 0xE0,
  0x0F, 0xC0, 0x0F, 0xC0, 0x0F, 0xC0, 0x0F, 0xC0, 0x0F, 0xC0, 0x0F, 0xC0,
  0x0F, 0xC0, 0x0F, 0xC0, 0x0F, 0xC0, 0x1F, 0xC0, 0x3F, 0xC0, 0xFF, 0xC0,
  0xFF, 0x80, 0xFF, 0x80, 0xFF, 0x00, 0xF8, 0x00, 0x1F, 0x80, 0x02, 0xFF,
  0xE0, 0x0F, 0xFF, 0xF8, 0x7F, 0xFF, 0xFF, 0xFF, 0xFF, 0xFF, 0xFC, 0x1F,
  0xFF, 0xF0, 0x07, 0xFF, 0x00, 0x03, 0xF8
};

const GFXglyph OpenSansBold24pt7bGlyphs[] PROGMEM = {
  {     0,   0,   0,  12,    0,    0 },  // 0x20 ' '
  {     0,   8,  34,  13,    3,  -33 },  // 0x21 '!'
  {    34,  16,  12,  22,    3,  -33 },  // 0x22 '"'
  {    58,  28,  34,  30,    1,  -33 },  // 0x23 '#'
  {   177,  23,  39,  27,    2,  -35 },  // 0x24 '$'
  {   290,  40,  34,  42,    1,  -33 },  // 0x25 '%'
  {   460,  33,  34,  35,    2,  -33 },  // 0x26 '&'
  {   601,   6,  12,  13,    3,  -33 },  // 0x27 '\''
  {   610,  12,  41,  16,    2,  -33 },  // 0x28 '('
  {   672,  12,  41,  16,    2,  -33 },  // 0x29 ')'
  {   734,  23,  22,  26,    1,  -35 },  // 0x2A '*'
  {   798,  23,  23,  27,    2,  -27 },  // 0x2B '+'
  {   865,   9,  12,  13,    2,   -4 },  // 0x2C ','
  {   879,  13,   6,  15,    1,  -15 },  // 0x2D '-'
  {   889,   8,   8,  13,    3,   -7 },  // 0x2E '.'
  {   897,  19,  34,  19,    0,  -33 },  // 0x2F '/'
  {   978,  23,  34,  27,    2,  -33 },  // 0x30 '0'
  {  1076,  16,  34,  27,    3,  -33 },  // 0x31 '1'
  {  1144,  23,  34,  27,    2,  -33 },  // 0x32 '2'
  {  1242,  23,  34,  27,    2,  -33 },  // 0x33 '3'
  {  1340,  25,  34,  27,    1,  -33 },  // 0x34 '4'
  {  1447,  23,  34,  27,    2,  -33 },  // 0x35 '5'
  {  1545,  23,  34,  27,    2,  -33 },  // 0x36 '6'
  {  1643,  24,  34,  27,    1,  -33 },  // 0x37 '7'
  {  1745,  23,  34,  27,    2,  -33 },  // 0x38 '8'
  {  1843,  23,  34,  27,    2,  -33 },  // 0x39 '9'
  {  1941,   8,  25,  13,    3,  -24 },  // 0x3A ':'
  {  1966,   9,  32,  13,    2,  -24 },  // 0x3B ';'
  {  2002,  23,  25,  27,    2,  -29 },  // 0x3C '<'
  {  2074,  23,  14,  27,    2,  -23 },  // 0x3D '='
  {  2115,  23,  25,  27,    2,  -29 },  // 0x3E '>'
  {  2187,  21,  34,  22,    0,  -33 },  // 0x3F '?'
  {  2277,  38,  38,  42,    2,  -33 },  // 0x40 '@'
  {  2458,  32,  34,  32,    0,  -33 },  // 0x41 'A'
  {  2594,  25,  34,  32,    4,  -33 },  // 0x42 'B'
  {  2701,  25,  34,  30,    3,  -33 },  // 0x43 'C'
  {  2808,  28,  34,  35,    4,  -33 },  // 0x44 'D'
  {  2927,  20,  34,  26,    4,  -33 },  // 0x45 'E'
  {  3012,  19,  34,  26,    4,  -33 },  // 0x46 'F'
  {  3093,  27,  34,  34,    3,  -33 },  // 0x47 'G'
  {  3208,  28,  34,  36,    4,  -33 },  // 0x48 'H'
  {  3327,   7,  34,  16,    4,  -33 },  // 0x49 'I'
  {  3357,  14,  44,  16,   -4,  -33 },  // 0x4A 'J'
  {  3434,  27,  34,  31,    4,  -33 },  // 0x4B 'K'
  {  3549,  21,  34,  27,    4,  -33 },  // 0x4C 'L'
  {  3639,  36,  34,  44,    4,  -33 },  // 0x4D 'M'
  {  3792,  30,  34,  38,    4,  -33 },  // 0x4E 'N'
  {  3920,  32,  34,  37,    3,  -33 },  // 0x4F 'O'
  {  4056,  23,  34,  30,    4,  -33 },  // 0x50 'P'
  {  4154,  32,  42,  37,    3,  -33 },  // 0x51 'Q'
  {  4322,  27,  34,  31,    4,  -33 },  // 0x52 'R'
  {  4437,  22,  34,  26,    2,  -33 },  // 0x53 'S'
  {  4531,  25,  34,  27,    1,  -33 },  // 0x54 'T'
  {  4638,  28,  34,  36,    4,  -33 },  // 0x55 'U'
  {  4757,  30,  34,  31,    0,  -33 },  // 0x56 'V'
  {  4885,  45,  34,  45,    0,  -33 },  // 0x57 'W'
  {  5077,  31,  34,  31,    0,  -33 },  // 0x58 'X'
  {  5209,  29,  34,  29,    0,  -33 },  // 0x59 'Y'
  {  5333,  25,  34,  27,    1,  -33 },  // 0x5A 'Z'
  {  5440,  11,  41,  16,    3,  -33 },  // 0x5B '['
  {  5497,  19,  34,  19,    0,  -33 },  // 0x5C '\\'
  {  5578,  11,  41,  16,    1,  -33 },  // 0x5D ']'
  {  5635,  25,  22,  27,    1,  -33 },  // 0x5E '^'
  {  5704,  19,   3,  19,   -1,    5 },  // 0x5F '_'
  {  5712,  13,   8,  17,    2,  -35 },  // 0x60 '`'
  {  5725,  23,  25,  28,    2,  -24 },  // 0x61 'a'
  {  5797,  24,  36,  30,    4,  -35 },  // 0x62 'b'
  {  5905,  20,  25,  24,    2,  -24 },  // 0x63 'c'
  {  5968,  24,  36,  30,    2,  -35 },  // 0x64 'd'
  {  6076,  24,  25,  28,    2,  -24 },  // 0x65 'e'
  {  6151,  19,  36,  18,    1,  -35 },  // 0x66 'f'
  {  6237,  26,  36,  27,    0,  -24 },  // 0x67 'g'
  {  6354,  23,  36,  31,    4,  -35 },  // 0x68 'h'
  {  6458,   8,  35,  14,    3,  -34 },  // 0x69 'i'
  {  6493,  14,  46,  14,   -3,  -34 },  // 0x6A 'j'
  {  6574,  25,  36,  29,    4,  -35 },  // 0x6B 'k'
  {  6687,   7,  36,  14,    4,  -35 },  // 0x6C 'l'
  {  6719,  39,  25,  46,    4,  -24 },  // 0x6D 'm'
  {  6841,  23,  25,  31,    4,  -24 },  // 0x6E 'n'
  {  6913,  25,  25,  29,    2,  -24 },  // 0x6F 'o'
  {  6992,  24,  36,  30,    4,  -24 },  // 0x70 'p'
  {  7100,  24,  36,  30,    2,  -24 },  // 0x71 'q'
  {  7208,  16,  25,  21,    4,  -24 },  // 0x72 'r'
  {  7258,  20,  25,  23,    2,  -24 },  // 0x73 's'
  {  7321,  18,  30,  20,    1,  -29 },  // 0x74 't'
  {  7389,  23,  25,  31,    4,  -24 },  // 0x75 'u'
  {  7461,  27,  25,  27,    0,  -24 },  // 0x76 'v'
  {  7546,  39,  25,  40,    1,  -24 },  // 0x77 'w'
  {  7668,  26,  25,  27,    1,  -24 },  // 0x78 'x'
  {  7750,  27,  36,  27,    0,  -24 },  // 0x79 'y'
  {  7872,  21,  25,  23,    1,  -24 },  // 0x7A 'z'
  {  7938,  16,  41,  19,    1,  -33 },  // 0x7B '{'
  {  8020,   5,  47,  26,   10,  -35 },  // 0x7C '|'
  {  8050,  16,  41,  19,    2,  -33 },  // 0x7D '}'
  {  8132,  23,   8,  27,    2,  -20 },  // 0x7E '~'
};

const GFXfont OpenSansBold24pt7b PROGMEM = {
  (uint8_t *)OpenSansBold24pt7bBitmaps,
  (GFXglyph *)OpenSansBold24pt7bGlyphs,
  0x20, 0x7E, 65
};
